--
-- PostgreSQL database dump
--

\restrict YPrq0TfE7jlexLcR4EPApO1Gc2BO3tjpVIX8tJvDBTo5Z6ZZhvOiHzskKJYSTwp

-- Dumped from database version 16.10 (Debian 16.10-1.pgdg13+1)
-- Dumped by pg_dump version 16.10 (Debian 16.10-1.pgdg13+1)

SET statement_timeout = 0;
SET lock_timeout = 0;
SET idle_in_transaction_session_timeout = 0;
SET client_encoding = 'UTF8';
SET standard_conforming_strings = on;
SELECT pg_catalog.set_config('search_path', '', false);
SET check_function_bodies = false;
SET xmloption = content;
SET client_min_messages = warning;
SET row_security = off;

SET default_tablespace = '';

SET default_table_access_method = heap;

--
-- Name: auth_group; Type: TABLE; Schema: public; Owner: -
--

CREATE TABLE public.auth_group (
    id integer NOT NULL,
    name character varying(150) NOT NULL
);


--
-- Name: auth_group_id_seq; Type: SEQUENCE; Schema: public; Owner: -
--

ALTER TABLE public.auth_group ALTER COLUMN id ADD GENERATED BY DEFAULT AS IDENTITY (
    SEQUENCE NAME public.auth_group_id_seq
    START WITH 1
    INCREMENT BY 1
    NO MINVALUE
    NO MAXVALUE
    CACHE 1
);


--
-- Name: auth_group_permissions; Type: TABLE; Schema: public; Owner: -
--

CREATE TABLE public.auth_group_permissions (
    id bigint NOT NULL,
    group_id integer NOT NULL,
    permission_id integer NOT NULL
);


--
-- Name: auth_group_permissions_id_seq; Type: SEQUENCE; Schema: public; Owner: -
--

ALTER TABLE public.auth_group_permissions ALTER COLUMN id ADD GENERATED BY DEFAULT AS IDENTITY (
    SEQUENCE NAME public.auth_group_permissions_id_seq
    START WITH 1
    INCREMENT BY 1
    NO MINVALUE
    NO MAXVALUE
    CACHE 1
);


--
-- Name: auth_permission; Type: TABLE; Schema: public; Owner: -
--

CREATE TABLE public.auth_permission (
    id integer NOT NULL,
    name character varying(255) NOT NULL,
    content_type_id integer NOT NULL,
    codename character varying(100) NOT NULL
);


--
-- Name: auth_permission_id_seq; Type: SEQUENCE; Schema: public; Owner: -
--

ALTER TABLE public.auth_permission ALTER COLUMN id ADD GENERATED BY DEFAULT AS IDENTITY (
    SEQUENCE NAME public.auth_permission_id_seq
    START WITH 1
    INCREMENT BY 1
    NO MINVALUE
    NO MAXVALUE
    CACHE 1
);


--
-- Name: auth_user; Type: TABLE; Schema: public; Owner: -
--

CREATE TABLE public.auth_user (
    id integer NOT NULL,
    password character varying(128) NOT NULL,
    last_login timestamp with time zone,
    is_superuser boolean NOT NULL,
    username character varying(150) NOT NULL,
    first_name character varying(150) NOT NULL,
    last_name character varying(150) NOT NULL,
    email character varying(254) NOT NULL,
    is_staff boolean NOT NULL,
    is_active boolean NOT NULL,
    date_joined timestamp with time zone NOT NULL
);


--
-- Name: auth_user_groups; Type: TABLE; Schema: public; Owner: -
--

CREATE TABLE public.auth_user_groups (
    id bigint NOT NULL,
    user_id integer NOT NULL,
    group_id integer NOT NULL
);


--
-- Name: auth_user_groups_id_seq; Type: SEQUENCE; Schema: public; Owner: -
--

ALTER TABLE public.auth_user_groups ALTER COLUMN id ADD GENERATED BY DEFAULT AS IDENTITY (
    SEQUENCE NAME public.auth_user_groups_id_seq
    START WITH 1
    INCREMENT BY 1
    NO MINVALUE
    NO MAXVALUE
    CACHE 1
);


--
-- Name: auth_user_id_seq; Type: SEQUENCE; Schema: public; Owner: -
--

ALTER TABLE public.auth_user ALTER COLUMN id ADD GENERATED BY DEFAULT AS IDENTITY (
    SEQUENCE NAME public.auth_user_id_seq
    START WITH 1
    INCREMENT BY 1
    NO MINVALUE
    NO MAXVALUE
    CACHE 1
);


--
-- Name: auth_user_user_permissions; Type: TABLE; Schema: public; Owner: -
--

CREATE TABLE public.auth_user_user_permissions (
    id bigint NOT NULL,
    user_id integer NOT NULL,
    permission_id integer NOT NULL
);


--
-- Name: auth_user_user_permissions_id_seq; Type: SEQUENCE; Schema: public; Owner: -
--

ALTER TABLE public.auth_user_user_permissions ALTER COLUMN id ADD GENERATED BY DEFAULT AS IDENTITY (
    SEQUENCE NAME public.auth_user_user_permissions_id_seq
    START WITH 1
    INCREMENT BY 1
    NO MINVALUE
    NO MAXVALUE
    CACHE 1
);


--
-- Name: django_admin_log; Type: TABLE; Schema: public; Owner: -
--

CREATE TABLE public.django_admin_log (
    id integer NOT NULL,
    action_time timestamp with time zone NOT NULL,
    object_id text,
    object_repr character varying(200) NOT NULL,
    action_flag smallint NOT NULL,
    change_message text NOT NULL,
    content_type_id integer,
    user_id integer NOT NULL,
    CONSTRAINT django_admin_log_action_flag_check CHECK ((action_flag >= 0))
);


--
-- Name: django_admin_log_id_seq; Type: SEQUENCE; Schema: public; Owner: -
--

ALTER TABLE public.django_admin_log ALTER COLUMN id ADD GENERATED BY DEFAULT AS IDENTITY (
    SEQUENCE NAME public.django_admin_log_id_seq
    START WITH 1
    INCREMENT BY 1
    NO MINVALUE
    NO MAXVALUE
    CACHE 1
);


--
-- Name: django_content_type; Type: TABLE; Schema: public; Owner: -
--

CREATE TABLE public.django_content_type (
    id integer NOT NULL,
    app_label character varying(100) NOT NULL,
    model character varying(100) NOT NULL
);


--
-- Name: django_content_type_id_seq; Type: SEQUENCE; Schema: public; Owner: -
--

ALTER TABLE public.django_content_type ALTER COLUMN id ADD GENERATED BY DEFAULT AS IDENTITY (
    SEQUENCE NAME public.django_content_type_id_seq
    START WITH 1
    INCREMENT BY 1
    NO MINVALUE
    NO MAXVALUE
    CACHE 1
);


--
-- Name: django_migrations; Type: TABLE; Schema: public; Owner: -
--

CREATE TABLE public.django_migrations (
    id bigint NOT NULL,
    app character varying(255) NOT NULL,
    name character varying(255) NOT NULL,
    applied timestamp with time zone NOT NULL
);


--
-- Name: django_migrations_id_seq; Type: SEQUENCE; Schema: public; Owner: -
--

ALTER TABLE public.django_migrations ALTER COLUMN id ADD GENERATED BY DEFAULT AS IDENTITY (
    SEQUENCE NAME public.django_migrations_id_seq
    START WITH 1
    INCREMENT BY 1
    NO MINVALUE
    NO MAXVALUE
    CACHE 1
);


--
-- Name: django_session; Type: TABLE; Schema: public; Owner: -
--

CREATE TABLE public.django_session (
    session_key character varying(40) NOT NULL,
    session_data text NOT NULL,
    expire_date timestamp with time zone NOT NULL
);


--
-- Name: school_class; Type: TABLE; Schema: public; Owner: -
--

CREATE TABLE public.school_class (
    id bigint NOT NULL,
    name character varying(100) NOT NULL,
    grade smallint NOT NULL,
    section character varying(10) NOT NULL,
    CONSTRAINT school_class_grade_check CHECK ((grade >= 0))
);


--
-- Name: school_class_id_seq; Type: SEQUENCE; Schema: public; Owner: -
--

ALTER TABLE public.school_class ALTER COLUMN id ADD GENERATED BY DEFAULT AS IDENTITY (
    SEQUENCE NAME public.school_class_id_seq
    START WITH 1
    INCREMENT BY 1
    NO MINVALUE
    NO MAXVALUE
    CACHE 1
);


--
-- Name: school_staff; Type: TABLE; Schema: public; Owner: -
--

CREATE TABLE public.school_staff (
    id bigint NOT NULL,
    full_name character varying(200) NOT NULL,
    role character varying(50) NOT NULL,
    user_id integer,
    national_no character varying(30) NOT NULL,
    job_title character varying(100) NOT NULL,
    job_no character varying(50) NOT NULL,
    email character varying(254) NOT NULL,
    phone_no character varying(30) NOT NULL
);


--
-- Name: school_staff_id_seq; Type: SEQUENCE; Schema: public; Owner: -
--

ALTER TABLE public.school_staff ALTER COLUMN id ADD GENERATED BY DEFAULT AS IDENTITY (
    SEQUENCE NAME public.school_staff_id_seq
    START WITH 1
    INCREMENT BY 1
    NO MINVALUE
    NO MAXVALUE
    CACHE 1
);


--
-- Name: school_student; Type: TABLE; Schema: public; Owner: -
--

CREATE TABLE public.school_student (
    id bigint NOT NULL,
    sid character varying(30) NOT NULL,
    full_name character varying(200) NOT NULL,
    dob date,
    active boolean NOT NULL,
    class_fk_id bigint,
    nationality character varying(100) NOT NULL,
    age smallint,
    CONSTRAINT school_student_age_check CHECK ((age >= 0))
);


--
-- Name: school_student_id_seq; Type: SEQUENCE; Schema: public; Owner: -
--

ALTER TABLE public.school_student ALTER COLUMN id ADD GENERATED BY DEFAULT AS IDENTITY (
    SEQUENCE NAME public.school_student_id_seq
    START WITH 1
    INCREMENT BY 1
    NO MINVALUE
    NO MAXVALUE
    CACHE 1
);


--
-- Data for Name: auth_group; Type: TABLE DATA; Schema: public; Owner: -
--

COPY public.auth_group (id, name) FROM stdin;
2	Teacher
3	Staff
4	Student
1	Admin
\.


--
-- Data for Name: auth_group_permissions; Type: TABLE DATA; Schema: public; Owner: -
--

COPY public.auth_group_permissions (id, group_id, permission_id) FROM stdin;
1	1	25
2	1	26
3	1	27
4	1	28
5	1	33
6	1	34
7	1	35
8	1	36
9	1	29
10	1	30
11	1	31
12	1	32
13	2	36
14	2	33
15	2	34
16	2	28
17	2	25
18	2	26
19	3	36
20	3	34
21	3	32
22	3	30
23	4	36
\.


--
-- Data for Name: auth_permission; Type: TABLE DATA; Schema: public; Owner: -
--

COPY public.auth_permission (id, name, content_type_id, codename) FROM stdin;
1	Can add log entry	1	add_logentry
2	Can change log entry	1	change_logentry
3	Can delete log entry	1	delete_logentry
4	Can view log entry	1	view_logentry
5	Can add permission	2	add_permission
6	Can change permission	2	change_permission
7	Can delete permission	2	delete_permission
8	Can view permission	2	view_permission
9	Can add group	3	add_group
10	Can change group	3	change_group
11	Can delete group	3	delete_group
12	Can view group	3	view_group
13	Can add user	4	add_user
14	Can change user	4	change_user
15	Can delete user	4	delete_user
16	Can view user	4	view_user
17	Can add content type	5	add_contenttype
18	Can change content type	5	change_contenttype
19	Can delete content type	5	delete_contenttype
20	Can view content type	5	view_contenttype
21	Can add session	6	add_session
22	Can change session	6	change_session
23	Can delete session	6	delete_session
24	Can view session	6	view_session
25	Can add class	7	add_class
26	Can change class	7	change_class
27	Can delete class	7	delete_class
28	Can view class	7	view_class
29	Can add staff	8	add_staff
30	Can change staff	8	change_staff
31	Can delete staff	8	delete_staff
32	Can view staff	8	view_staff
33	Can add student	9	add_student
34	Can change student	9	change_student
35	Can delete student	9	delete_student
36	Can view student	9	view_student
\.


--
-- Data for Name: auth_user; Type: TABLE DATA; Schema: public; Owner: -
--

COPY public.auth_user (id, password, last_login, is_superuser, username, first_name, last_name, email, is_staff, is_active, date_joined) FROM stdin;
1	pbkdf2_sha256$1000000$Deq3ovLTxGu0tyqGldIekg$yxDaYBp8hnVk0aX3ZjXzoCVqvDMKley6GWYalMBLbNo=	2025-10-02 17:11:25+00	t	mesuef	سفيان	احمد محمد مسيف	s.mesyef0904@education.qa	t	t	2025-10-02 17:11:14+00
\.


--
-- Data for Name: auth_user_groups; Type: TABLE DATA; Schema: public; Owner: -
--

COPY public.auth_user_groups (id, user_id, group_id) FROM stdin;
1	1	1
2	1	2
3	1	3
4	1	4
\.


--
-- Data for Name: auth_user_user_permissions; Type: TABLE DATA; Schema: public; Owner: -
--

COPY public.auth_user_user_permissions (id, user_id, permission_id) FROM stdin;
1	1	1
2	1	2
3	1	3
4	1	4
5	1	5
6	1	6
7	1	7
8	1	8
9	1	9
10	1	10
11	1	11
12	1	12
13	1	13
14	1	14
15	1	15
16	1	16
17	1	17
18	1	18
19	1	19
20	1	20
21	1	21
22	1	22
23	1	23
24	1	24
25	1	25
26	1	26
27	1	27
28	1	28
29	1	29
30	1	30
31	1	31
32	1	32
33	1	33
34	1	34
35	1	35
36	1	36
\.


--
-- Data for Name: django_admin_log; Type: TABLE DATA; Schema: public; Owner: -
--

COPY public.django_admin_log (id, action_time, object_id, object_repr, action_flag, change_message, content_type_id, user_id) FROM stdin;
1	2025-10-02 17:25:04.432587+00	1	mesue	2	[{"changed": {"fields": ["Groups", "User permissions"]}}]	4	1
2	2025-10-02 17:27:02.727046+00	126	ايوب حسين   القرفان	2	[]	8	1
3	2025-10-02 17:27:24.114778+00	89	الحبيب الحروش	2	[{"changed": {"fields": ["Role"]}}]	8	1
4	2025-10-02 17:27:34.61403+00	124	جابر على محمد فرج مثيب	2	[{"changed": {"fields": ["Role"]}}]	8	1
5	2025-10-02 17:27:43.247353+00	91	سالم محمد راشد المقارح القرح	2	[{"changed": {"fields": ["Role"]}}]	8	1
6	2025-10-02 17:27:52.801982+00	90	حسني مبارك علي الرمادي	2	[{"changed": {"fields": ["Role"]}}]	8	1
7	2025-10-02 17:28:01.381753+00	125	عبدالرحمن صالح على الغفران المرى	2	[{"changed": {"fields": ["Role"]}}]	8	1
8	2025-10-02 17:28:10.723259+00	92	عبدالرحمن محمد علي المري	2	[{"changed": {"fields": ["Role"]}}]	8	1
9	2025-10-02 17:28:20.691588+00	93	محمد حمد مبارك التواه الهاجرى	2	[{"changed": {"fields": ["Role"]}}]	8	1
10	2025-10-02 17:28:28.087085+00	94	محمد على عباس البسيونى	2	[{"changed": {"fields": ["Role"]}}]	8	1
11	2025-10-02 17:28:37.818497+00	97	محمد ناصر صالح الغيثاني المرى	2	[{"changed": {"fields": ["Role"]}}]	8	1
12	2025-10-02 17:28:45.374855+00	95	مسفر شباب مسفر آلدوكر القحطاني	2	[{"changed": {"fields": ["Role"]}}]	8	1
13	2025-10-02 17:29:05.934238+00	38	أكرم رابح قمودي	2	[{"changed": {"fields": ["Role"]}}]	8	1
14	2025-10-02 17:29:18.376759+00	54	ابراهيم سليمان طه  حمد	2	[{"changed": {"fields": ["Role"]}}]	8	1
15	2025-10-02 17:29:23.685616+00	55	ابراهيم محمد محمود  الزريقات	2	[{"changed": {"fields": ["Role"]}}]	8	1
16	2025-10-02 17:29:28.912094+00	27	احمد المنصف الحاج قاسم	2	[{"changed": {"fields": ["Role"]}}]	8	1
17	2025-10-02 17:29:35.755056+00	74	احمد بكر محمد  الزبط	2	[{"changed": {"fields": ["Role"]}}]	8	1
18	2025-10-02 17:29:43.099348+00	56	احمد جبر جبر  خلف	2	[{"changed": {"fields": ["Role"]}}]	8	1
19	2025-10-02 17:29:48.478056+00	62	احمد جعفر عبد الفتاح شاهين	2	[{"changed": {"fields": ["Role"]}}]	8	1
20	2025-10-02 17:29:57.879207+00	96	مطلق محمد منير المطلق الهاجري	2	[{"changed": {"fields": ["Role"]}}]	8	1
21	2025-10-02 17:30:07.021492+00	22	احمد رمضان خطاب ابراهيم حامد	2	[{"changed": {"fields": ["Role"]}}]	8	1
22	2025-10-02 17:30:13.122344+00	75	احمد عبدالعزيز جامع  مرسى	2	[{"changed": {"fields": ["Role"]}}]	8	1
23	2025-10-02 17:30:20.78427+00	76	احمد محمد أوغلو	2	[{"changed": {"fields": ["Role"]}}]	8	1
24	2025-10-02 17:30:26.714467+00	112	احمد محمد حسن  إبراهيم	2	[{"changed": {"fields": ["Role"]}}]	8	1
25	2025-10-02 17:30:32.13588+00	100	اسامة محمد حلمي  مصطفى	2	[]	8	1
26	2025-10-02 17:30:45.217514+00	65	البشير بوحلاب سودان	2	[{"changed": {"fields": ["Role"]}}]	8	1
27	2025-10-02 17:30:52.037502+00	84	اشرف حسين محمد احمد حسن	2	[]	8	1
28	2025-10-02 17:30:56.396429+00	89	الحبيب الحروش	2	[]	8	1
29	2025-10-02 17:31:04.309523+00	30	السيد محمدي رفاعي عبدالوهاب الرفاعي	2	[{"changed": {"fields": ["Role"]}}]	8	1
30	2025-10-02 17:31:08.696761+00	89	الحبيب الحروش	2	[]	8	1
31	2025-10-02 17:31:13.712498+00	16	الطاهر مختار الطاهر مختار	2	[]	8	1
32	2025-10-02 17:31:17.734321+00	101	العربي القاسمي	2	[]	8	1
33	2025-10-02 17:31:24.015593+00	118	امام محمد رشدى امام محمد	2	[{"changed": {"fields": ["Role"]}}]	8	1
34	2025-10-02 17:31:33.202604+00	1	بشار محمود يوسف  مزارى	2	[]	8	1
35	2025-10-02 17:31:41.046613+00	117	بنجر محمد بنجر جاسر الدوسرى	2	[{"changed": {"fields": ["Role"]}}]	8	1
36	2025-10-02 17:31:48.851461+00	102	تركي خالد عليان الفريجى	2	[]	8	1
37	2025-10-02 17:31:54.156669+00	124	جابر على محمد فرج مثيب	2	[]	8	1
38	2025-10-02 17:32:01.062488+00	47	حسام محمود مبروك غانم	2	[{"changed": {"fields": ["Role"]}}]	8	1
39	2025-10-02 17:32:11.319645+00	122	حسن ابرهيم العربى الصافى	2	[{"changed": {"fields": ["Role"]}}]	8	1
40	2025-10-02 17:32:22.340806+00	103	حمد سجاد حسين	2	[]	8	1
41	2025-10-02 17:32:27.177559+00	13	خالد أحمد محمد حسين	2	[]	8	1
42	2025-10-02 17:32:34.311699+00	77	خليفه صالح ظاهر  عودات	2	[{"changed": {"fields": ["Role"]}}]	8	1
43	2025-10-02 17:32:39.705559+00	109	حمد عبدالله على فالح نابت	2	[]	8	1
44	2025-10-02 17:32:47.708911+00	13	خالد أحمد محمد حسين	2	[]	8	1
45	2025-10-02 17:32:54.950884+00	8	راشد محمد راشد الزايد الهاجرى	2	[]	8	1
46	2025-10-02 17:33:10.626689+00	66	سامر غازي مصطفى محمد	2	[{"changed": {"fields": ["Role"]}}]	8	1
47	2025-10-02 17:33:28.255461+00	28	سامر نصر سليمان  جديع	2	[{"changed": {"fields": ["Role"]}}]	8	1
48	2025-10-02 17:33:35.851467+00	39	سفيان احمد محمد مسيف	2	[{"changed": {"fields": ["Role"]}}]	8	1
49	2025-10-02 17:33:49.179682+00	4	سيد عبدالعال عبدالوهاب عبدالعال	2	[]	8	1
50	2025-10-02 17:33:58.769927+00	67	طارق باسم مصطفى  شملاوي	2	[{"changed": {"fields": ["Role"]}}]	8	1
51	2025-10-02 17:34:14.273853+00	110	عامر عبد   الخليف	2	[]	8	1
52	2025-10-02 17:34:23.159+00	78	عامر محمد نجار	2	[{"changed": {"fields": ["Role"]}}]	8	1
53	2025-10-02 17:34:33.935267+00	48	عبدالباسط عبدالسلام   الجاسم	2	[{"changed": {"fields": ["Role"]}}]	8	1
54	2025-10-02 17:34:50.879415+00	120	عادل محمد نصر  احمد	2	[{"changed": {"fields": ["Role"]}}]	8	1
55	2025-10-02 17:35:02.398976+00	88	عبدالقادر خضر	2	[]	8	1
56	2025-10-02 17:35:11.338478+00	18	عبدالله الرمضان	2	[{"changed": {"fields": ["Role"]}}]	8	1
57	2025-10-02 17:35:22.392134+00	20	عبدالله حسين مفلح نوفل	2	[{"changed": {"fields": ["Role"]}}]	8	1
58	2025-10-02 17:35:31.698203+00	24	عبدالله خالد كامل محمود عبدربه	2	[{"changed": {"fields": ["Role"]}}]	8	1
59	2025-10-02 17:35:47.81959+00	6	عبدالله يوسف حسين عبدالهادى	2	[]	8	1
60	2025-10-02 17:35:59.054164+00	21	عثمان عبدالرحمن فاروسي	2	[{"changed": {"fields": ["Role"]}}]	8	1
61	2025-10-02 17:36:14.881671+00	63	عدنان بركات عدنان المصطفى	2	[{"changed": {"fields": ["Role"]}}]	8	1
62	2025-10-02 17:36:23.474766+00	80	عزام احمد يوسف  الزعبى	2	[{"changed": {"fields": ["Role"]}}]	8	1
63	2025-10-02 17:36:28.919144+00	6	عبدالله يوسف حسين عبدالهادى	2	[]	8	1
64	2025-10-02 17:36:37.117231+00	50	عمرو محمد خليل الشحروري	2	[{"changed": {"fields": ["Role"]}}]	8	1
65	2025-10-02 17:36:45.425727+00	70	ليث حامد محمد السعودي	2	[{"changed": {"fields": ["Role"]}}]	8	1
66	2025-10-02 17:36:52.175372+00	51	محمد احمد حسن  عنانبه	2	[{"changed": {"fields": ["Role"]}}]	8	1
67	2025-10-02 17:36:58.486614+00	59	محمد فرحان سالم  النوايسه	2	[{"changed": {"fields": ["Role"]}}]	8	1
68	2025-10-02 17:37:04.62733+00	57	عماد يحيى محمد العبسي نوح	2	[{"changed": {"fields": ["Role"]}}]	8	1
69	2025-10-02 17:37:14.322264+00	97	محمد ناصر صالح الغيثاني المرى	2	[]	8	1
70	2025-10-02 17:37:23.236706+00	43	محمد صبرى محمود  درويش	2	[{"changed": {"fields": ["Role"]}}]	8	1
71	2025-10-02 17:37:28.128057+00	94	محمد على عباس البسيونى	2	[]	8	1
72	2025-10-02 17:37:39.464422+00	113	يوسف يعقوب يونس  عوض	2	[{"changed": {"fields": ["Role"]}}]	8	1
73	2025-10-02 17:38:04.55966+00	19	يوسف جميل سليمان العبدالله	2	[{"changed": {"fields": ["Role"]}}]	8	1
74	2025-10-02 17:38:17.238565+00	19	يوسف جميل سليمان العبدالله	2	[]	8	1
75	2025-10-02 17:38:22.426416+00	19	يوسف جميل سليمان العبدالله	2	[]	8	1
76	2025-10-02 17:38:23.611165+00	19	يوسف جميل سليمان العبدالله	2	[]	8	1
77	2025-10-02 17:38:24.634883+00	19	يوسف جميل سليمان العبدالله	2	[]	8	1
78	2025-10-02 17:38:26.199207+00	19	يوسف جميل سليمان العبدالله	2	[]	8	1
79	2025-10-02 17:38:27.031301+00	19	يوسف جميل سليمان العبدالله	2	[]	8	1
80	2025-10-02 17:38:32.235323+00	19	يوسف جميل سليمان العبدالله	2	[]	8	1
81	2025-10-02 17:38:49.788201+00	82	ياسر حجى شلبى  احمد	2	[{"changed": {"fields": ["Role"]}}]	8	1
82	2025-10-02 17:39:02.125048+00	53	هاني محمد زغلول طه حسن	2	[{"changed": {"fields": ["Role"]}}]	8	1
83	2025-10-02 17:39:04.969478+00	53	هاني محمد زغلول طه حسن	2	[]	8	1
84	2025-10-02 17:39:16.010876+00	61	وليد عبد اللطيف	2	[{"changed": {"fields": ["Role"]}}]	8	1
85	2025-10-02 17:39:21.689568+00	37	مؤيد احمد محمد  المومني	2	[{"changed": {"fields": ["Role"]}}]	8	1
86	2025-10-02 17:39:28.451294+00	115	محمود ابرهيم ابراهيم سعد	2	[{"changed": {"fields": ["Role"]}}]	8	1
87	2025-10-02 17:39:34.947539+00	60	محمود عبد المهدى عبد القادر الاسطه	2	[{"changed": {"fields": ["Role"]}}]	8	1
88	2025-10-02 17:39:40.883449+00	97	محمد ناصر صالح الغيثاني المرى	2	[]	8	1
89	2025-10-02 17:39:48.016548+00	46	نادر على لطفى محمد لطفى	2	[{"changed": {"fields": ["Role"]}}]	8	1
90	2025-10-02 17:39:53.851624+00	44	مرتضي امين ابوالبشر عبدالله	2	[{"changed": {"fields": ["Role"]}}]	8	1
91	2025-10-02 17:40:00.077925+00	52	محمود ماجد يوسف  الجرادات	2	[{"changed": {"fields": ["Role"]}}]	8	1
92	2025-10-02 17:40:06.491429+00	36	محمد عبدالله عارف العجلوني	2	[{"changed": {"fields": ["Role"]}}]	8	1
93	2025-10-02 17:40:11.715364+00	107	محمد مهمدول   حسن	2	[]	8	1
94	2025-10-02 17:40:17.733873+00	12	نوفل كرنفشير	2	[]	8	1
95	2025-10-02 17:40:24.229969+00	68	علي محمد محمد دار ناصر	2	[{"changed": {"fields": ["Role"]}}]	8	1
96	2025-10-02 17:40:30.572727+00	35	محمد عبدالعزيز يونس  عدوان	2	[{"changed": {"fields": ["Role"]}}]	8	1
97	2025-10-02 17:40:37.169713+00	119	محمد نادي محمد العرامين	2	[{"changed": {"fields": ["Role"]}}]	8	1
98	2025-10-02 17:40:44.478858+00	64	عطيه محمود عطيه  محمود	2	[{"changed": {"fields": ["Role"]}}]	8	1
99	2025-10-02 17:40:47.491986+00	124	جابر على محمد فرج مثيب	2	[]	8	1
100	2025-10-02 17:40:54.621467+00	69	عمر حسن عقله بني عطا	2	[{"changed": {"fields": ["Role"]}}]	8	1
101	2025-10-02 17:40:59.054903+00	14	مامون صديق بدوي حمد	2	[]	8	1
102	2025-10-02 17:41:27.907823+00	41	عمرو محمد حمدان حمايده	2	[{"changed": {"fields": ["Role", "Email"]}}]	8	1
103	2025-10-02 17:41:37.41165+00	86	نوح سليمان مبارك الحوسني	2	[]	8	1
104	2025-10-02 17:41:47.546881+00	45	مصطفى عمر حسين  النزهاوى	2	[{"changed": {"fields": ["Role"]}}]	8	1
105	2025-10-02 17:41:57.090944+00	23	وجدي بن محمد بن عمارة يوسفي	2	[{"changed": {"fields": ["Role"]}}]	8	1
106	2025-10-02 17:42:03.69066+00	54	ابراهيم سليمان طه  حمد	2	[]	8	1
107	2025-10-02 17:42:12.894006+00	81	نادر جمعه عثمان  حنفيه	2	[{"changed": {"fields": ["Role"]}}]	8	1
108	2025-10-02 17:42:24.352864+00	29	منير رافع شتيوي شتيات	2	[{"changed": {"fields": ["Role"]}}]	8	1
109	2025-10-02 17:42:33.160559+00	121	فيصل جليل محيميد القعيقعى الرويلى	2	[{"changed": {"fields": ["Role"]}}]	8	1
110	2025-10-02 17:42:41.18483+00	25	معز بن احمد  السعداوي	2	[{"changed": {"fields": ["Role"]}}]	8	1
111	2025-10-02 17:42:47.656067+00	58	عمادالدين محمد الحبشى قاسم	2	[{"changed": {"fields": ["Role"]}}]	8	1
112	2025-10-02 17:42:59.750657+00	42	مجدى محمد على احمد قنديل	2	[{"changed": {"fields": ["Role"]}}]	8	1
113	2025-10-02 17:43:40.87762+00	114	سلطان سعيد عبدالله عواد	2	[{"changed": {"fields": ["Role"]}}]	8	1
114	2025-10-02 17:43:49.529388+00	111	محمد اسماعيل عبدالحميد  السيد	2	[{"changed": {"fields": ["Role"]}}]	8	1
115	2025-10-02 17:43:58.042689+00	107	محمد مهمدول   حسن	2	[]	8	1
116	2025-10-02 17:44:04.124957+00	106	محمد صابر عبدالله  غازي	2	[]	8	1
117	2025-10-02 17:44:10.978792+00	105	محمد سفير مسلم فيتيل ابو بكر	2	[]	8	1
118	2025-10-02 17:44:25.728784+00	100	اسامة محمد حلمي  مصطفى	2	[]	8	1
119	2025-10-02 17:44:34.574083+00	101	العربي القاسمي	2	[]	8	1
120	2025-10-02 17:45:02.572106+00	73	محمد فلاح صالح درادكه	2	[{"changed": {"fields": ["Role"]}}]	8	1
121	2025-10-02 17:45:14.642301+00	79	عربى السيد يوسف السيد رجب	2	[{"changed": {"fields": ["Role"]}}]	8	1
122	2025-10-02 17:45:33.075549+00	34	عمر مصطفى محمد العباس	2	[{"changed": {"fields": ["Role"]}}]	8	1
123	2025-10-02 17:45:47.01389+00	71	محمد سلام سليمان  حسين	2	[{"changed": {"fields": ["Role"]}}]	8	1
124	2025-10-02 17:46:13.447211+00	122	حسن ابرهيم العربى الصافى	2	[]	8	1
125	2025-10-02 17:46:34.409234+00	8	راشد محمد راشد الزايد الهاجرى	2	[]	8	1
126	2025-10-02 17:47:51.535691+00	72	محمد عبدالوهاب عبدالبديع  عويس	2	[{"changed": {"fields": ["Role"]}}]	8	1
127	2025-10-02 17:48:42.770532+00	40	عبدالرحمن فيصل اسماعيل راجه	2	[{"changed": {"fields": ["Role", "Email"]}}]	8	1
128	2025-10-02 17:48:56.391397+00	33	علي مصطفى   الدروبى	2	[{"changed": {"fields": ["Role"]}}]	8	1
129	2025-10-02 17:49:03.539138+00	13	خالد أحمد محمد حسين	2	[]	8	1
130	2025-10-02 17:50:28.91703+00	9	سالم على على النجم المرى	2	[]	8	1
131	2025-10-02 17:50:35.812681+00	125	عبدالرحمن صالح على الغفران المرى	2	[]	8	1
132	2025-10-02 17:50:38.807889+00	124	جابر على محمد فرج مثيب	2	[]	8	1
133	2025-10-02 17:50:42.837171+00	123	سالم محمد على النابت المرى	2	[]	8	1
134	2025-10-02 17:50:50.027531+00	109	حمد عبدالله على فالح نابت	2	[]	8	1
135	2025-10-02 17:50:54.4643+00	108	موافق فندى معيصر الفريجى الرويلى	2	[]	8	1
136	2025-10-02 17:50:57.948659+00	107	محمد مهمدول   حسن	2	[]	8	1
137	2025-10-02 17:51:03.581375+00	106	محمد صابر عبدالله  غازي	2	[]	8	1
138	2025-10-02 17:51:08.509537+00	105	محمد سفير مسلم فيتيل ابو بكر	2	[]	8	1
139	2025-10-02 17:51:16.306725+00	102	تركي خالد عليان الفريجى	2	[]	8	1
140	2025-10-02 17:51:23.426208+00	97	محمد ناصر صالح الغيثاني المرى	2	[]	8	1
141	2025-10-02 17:51:37.869029+00	93	محمد حمد مبارك التواه الهاجرى	2	[]	8	1
142	2025-10-02 17:52:07.452052+00	32	على ضيف الله حمد على	2	[{"changed": {"fields": ["Role"]}}]	8	1
143	2025-10-02 17:52:20.474503+00	31	علاء محمد عبد الهادي القضاه	2	[{"changed": {"fields": ["Role"]}}]	8	1
144	2025-10-02 17:52:31.13255+00	26	ناصر فايز مناحى سعد الهاجرى	2	[{"changed": {"fields": ["Role"]}}]	8	1
145	2025-10-02 17:52:45.09698+00	15	عبدالغنى على عبدالغنى  محمد	2	[]	8	1
146	2025-10-02 17:53:01.755512+00	15	عبدالغنى على عبدالغنى  محمد	2	[]	8	1
147	2025-10-02 17:53:15.877768+00	8	راشد محمد راشد الزايد الهاجرى	2	[]	8	1
148	2025-10-02 17:54:15.947882+00	605	30999900026 - حمد محمد فاروق محمد غراب	2	[{"changed": {"fields": ["Class fk"]}}]	9	1
149	2025-10-02 17:54:30.500475+00	608	30963405033 - سعود خالد جليل القعيقعى الرويلى	2	[{"changed": {"fields": ["Class fk"]}}]	9	1
150	2025-10-02 17:54:49.097932+00	610	30951200068 - عبدالله محمد مسعود الرحبي	2	[{"changed": {"fields": ["Class fk"]}}]	9	1
151	2025-10-02 17:56:22.313317+00	526	30963405269 - سعود صالح طه حنطه الشاميه	2	[{"changed": {"fields": ["Class fk"]}}]	9	1
152	2025-10-02 17:57:24.761042+00	5	coordinator	1	[{"added": {}}]	3	1
153	2025-10-02 17:57:29.150589+00	5	coordinator	2	[]	3	1
154	2025-10-02 17:58:17.418714+00	5	coordinator	2	[{"changed": {"fields": ["Permissions"]}}]	3	1
155	2025-10-02 17:58:18.729895+00	5	coordinator	2	[]	3	1
156	2025-10-02 17:59:29.870867+00	5	coordinator	2	[]	3	1
157	2025-10-02 18:00:17.492841+00	1	Admin	2	[]	3	1
158	2025-10-02 18:00:24.654367+00	1	Admin	2	[]	3	1
159	2025-10-02 18:00:38.671325+00	5	coordinator	3		3	1
160	2025-10-02 18:00:55.214354+00	122	حسن ابرهيم العربى الصافى	2	[{"changed": {"fields": ["Role"]}}]	8	1
161	2025-10-02 18:01:01.537316+00	121	فيصل جليل محيميد القعيقعى الرويلى	2	[{"changed": {"fields": ["Role"]}}]	8	1
162	2025-10-02 18:01:07.882929+00	120	عادل محمد نصر  احمد	2	[{"changed": {"fields": ["Role"]}}]	8	1
163	2025-10-02 18:01:14.165963+00	119	محمد نادي محمد العرامين	2	[{"changed": {"fields": ["Role"]}}]	8	1
164	2025-10-02 18:01:22.026383+00	118	امام محمد رشدى امام محمد	2	[{"changed": {"fields": ["Role"]}}]	8	1
165	2025-10-02 18:01:28.617318+00	117	بنجر محمد بنجر جاسر الدوسرى	2	[{"changed": {"fields": ["Role"]}}]	8	1
166	2025-10-02 18:01:34.651435+00	115	محمود ابرهيم ابراهيم سعد	2	[{"changed": {"fields": ["Role"]}}]	8	1
167	2025-10-02 18:01:42.214808+00	114	سلطان سعيد عبدالله عواد	2	[{"changed": {"fields": ["Role"]}}]	8	1
168	2025-10-02 18:01:48.784279+00	113	يوسف يعقوب يونس  عوض	2	[{"changed": {"fields": ["Role"]}}]	8	1
169	2025-10-02 18:01:55.469138+00	112	احمد محمد حسن  إبراهيم	2	[{"changed": {"fields": ["Role"]}}]	8	1
170	2025-10-02 18:02:01.156999+00	111	محمد اسماعيل عبدالحميد  السيد	2	[{"changed": {"fields": ["Role"]}}]	8	1
171	2025-10-02 18:02:11.777293+00	99	مشل مرفى سعدى الرمالى الشمرى	2	[]	8	1
172	2025-10-02 18:02:19.260903+00	98	علي ضيف الله خليل خريسات	2	[]	8	1
173	2025-10-02 18:03:45.485039+00	1	mesuef	2	[{"changed": {"fields": ["Username", "First name", "Last name", "Email address"]}}]	4	1
\.


--
-- Data for Name: django_content_type; Type: TABLE DATA; Schema: public; Owner: -
--

COPY public.django_content_type (id, app_label, model) FROM stdin;
1	admin	logentry
2	auth	permission
3	auth	group
4	auth	user
5	contenttypes	contenttype
6	sessions	session
7	school	class
8	school	staff
9	school	student
\.


--
-- Data for Name: django_migrations; Type: TABLE DATA; Schema: public; Owner: -
--

COPY public.django_migrations (id, app, name, applied) FROM stdin;
1	contenttypes	0001_initial	2025-10-02 17:06:45.316787+00
2	auth	0001_initial	2025-10-02 17:06:45.504942+00
3	admin	0001_initial	2025-10-02 17:06:45.559078+00
4	admin	0002_logentry_remove_auto_add	2025-10-02 17:06:45.572457+00
5	admin	0003_logentry_add_action_flag_choices	2025-10-02 17:06:45.588766+00
6	contenttypes	0002_remove_content_type_name	2025-10-02 17:06:45.618821+00
7	auth	0002_alter_permission_name_max_length	2025-10-02 17:06:45.632366+00
8	auth	0003_alter_user_email_max_length	2025-10-02 17:06:45.651448+00
9	auth	0004_alter_user_username_opts	2025-10-02 17:06:45.662799+00
10	auth	0005_alter_user_last_login_null	2025-10-02 17:06:45.724794+00
11	auth	0006_require_contenttypes_0002	2025-10-02 17:06:45.775679+00
12	auth	0007_alter_validators_add_error_messages	2025-10-02 17:06:45.845628+00
13	auth	0008_alter_user_username_max_length	2025-10-02 17:06:45.966073+00
14	auth	0009_alter_user_last_name_max_length	2025-10-02 17:06:46.001058+00
15	auth	0010_alter_group_name_max_length	2025-10-02 17:06:46.031486+00
16	auth	0011_update_proxy_permissions	2025-10-02 17:06:46.066322+00
17	auth	0012_alter_user_first_name_max_length	2025-10-02 17:06:46.098779+00
18	school	0001_initial	2025-10-02 17:06:46.182392+00
19	school	0002_student_extra_fields	2025-10-02 17:06:46.198471+00
20	school	0003_staff_extra_fields	2025-10-02 17:06:46.27925+00
21	sessions	0001_initial	2025-10-02 17:06:46.312174+00
\.


--
-- Data for Name: django_session; Type: TABLE DATA; Schema: public; Owner: -
--

COPY public.django_session (session_key, session_data, expire_date) FROM stdin;
mojpcf6an67jjtjbt6tf3o81d05xsw5p	.eJxVjDsOwjAQBe_iGln2Zv2jpOcMlrNe4wBypDipEHeHSCmgfTPzXiKmba1x67zEKYuz0OL0u42JHtx2kO-p3WZJc1uXaZS7Ig_a5XXO_Lwc7t9BTb1-a0BrUQcyXkExyhcsBlAF7TJYBOtgYAoweILgXPCsGIvOxSpkawqJ9weYajZv:1v4Mpx:VqgZsP45VyfCnH1aQMo5z_6J3XdcIq5_MmSXKLB4-wk	2025-10-16 17:11:25.829696+00
\.


--
-- Data for Name: school_class; Type: TABLE DATA; Schema: public; Owner: -
--

COPY public.school_class (id, name, grade, section) FROM stdin;
1	7-1	7	1
2	7-2	7	2
3	7-3	7	3
4	7-4	7	4
5	7-5	7	5
6	8-1	8	1
7	8-2	8	2
8	8-3	8	3
9	8-4	8	4
10	9-1	9	1
11	9-2	9	2
12	9-3	9	3
13	9-4	9	4
14	10-1	10	1
15	10-2	10	2
16	10-3	10	3
17	10-4	10	4
18	11-1	11	1
19	11-2	11	2
20	11-3	11	3
21	11-4	11	4
22	12-1	12	1
23	12-2	12	2
24	12-3	12	3
25	12-4	12	4
\.


--
-- Data for Name: school_staff; Type: TABLE DATA; Schema: public; Owner: -
--

COPY public.school_staff (id, full_name, role, user_id, national_no, job_title, job_no, email, phone_no) FROM stdin;
2	فليان ناصر فليان السوده السبيعى	staff	\N	28468200486	امين مخزن	80680	f.alsubaie1103@education.qa	66000649
3	خالد محمد السيد  جمعه	staff	\N	27381800986	أخصائي اجتماعي	76375	k.gomaa0306@education.qa	50025502
5	محمد عيد علي الشريده	staff	\N	28440002043	أخصائي أنشطة مدرسية	200977	m.alshareeda1407@education.qa	70072672
7	ملاهد صقر سعدى الرمالى الشمرى	staff	\N	29468200410	سكرتير مدرسة	102395	m.alshammari2204@education.qa	66613994
10	سعد سالم محمد فريج النابت	staff	\N	27763400589	عامل خدمات	178490	s.al-nabit1108@education.qa	55057582
11	على راشد محمد عبدالله المرى	staff	\N	28963403085	عامل خدمات	191164	a.marri06061@education.qa	33103148
17	شادى محمد خليل  الاعرج	staff	\N	27599900108	محضر مختبر فيزياء	68277	s.alaarag3112@education.qa	55266439
38	أكرم رابح قمودي	teacher	\N	28578802088	مدرس رياضيات	188599	a.gammoudi2304@education.qa	31177601
27	احمد المنصف الحاج قاسم	teacher	\N	28378801701	مدرس حاسب آلي	187366	a.kacem2710@education.qa	31161766
30	السيد محمدي رفاعي عبدالوهاب الرفاعي	teacher	\N	28081806609	مدرس دراسات اجتماعية	65169	e.elrefae2810@education.qa	77008268
16	الطاهر مختار الطاهر مختار	staff	\N	29973603056	محضر مختبر أحياء	199667	e.mukhtar0401@education.qa	52082090
1	بشار محمود يوسف  مزارى	staff	\N	28140001189	اخصائي نفسي	84168	b.mazari2904@education.qa	66814116
40	عبدالرحمن فيصل اسماعيل راجه	teacher	\N		مدرس رياضيات	11111	a@a.com	111111
9	سالم على على النجم المرى	staff	\N	28263403188	عامل خدمات	186776	s.al-marri09098@education.qa	55413743
28	سامر نصر سليمان  جديع	teacher	\N	27840001731	مدرس حاسب آلي	155970	s.jadi1208@education.qa	31115810
39	سفيان احمد محمد مسيف	teacher	\N	27440001426	مدرس رياضيات	137032	s.mesyef0904@education.qa	55296286
4	سيد عبدالعال عبدالوهاب عبدالعال	staff	\N	27181804478	أخصائي اجتماعي	83080	s.abdulaal0908@education.qa	74461661
18	عبدالله الرمضان	teacher	\N	28279202049	مدرس الفنون البصرية	195572	a.alramadan2101@education.qa	39956286
20	عبدالله حسين مفلح نوفل	teacher	\N	28040001777	مدرس المهارات الحياتية	154917	a.nofal0207@education.qa	70661980
24	عبدالله خالد كامل محمود عبدربه	teacher	\N	30081800107	مدرس تربية بدنية	190798	a.khaled14031@education.qa	55501676
43	محمد صبرى محمود  درويش	teacher	\N	27581801594	مدرس رياضيات	65213	m.darwish0108@education.qa	55895446
21	عثمان عبدالرحمن فاروسي	teacher	\N	27876002732	مدرس المهارات الحياتية	203825	o.farousi08091@education.qa	30001461
6	عبدالله يوسف حسين عبدالهادى	staff	\N	27840001543	سكرتير مدرسة	157694	a.abdelhadi0604@education.qa	50641171
37	مؤيد احمد محمد  المومني	teacher	\N	28540001876	مدرس دراسات اجتماعية	160199	m.almomani0506@education.qa	30733233
19	يوسف جميل سليمان العبدالله	teacher	\N	29340002628	مدرس الفنون البصرية	205487	y.alabdalla3003@education.qa	77480080
44	مرتضي امين ابوالبشر عبدالله	teacher	\N	27273601266	مدرس رياضيات	120176	m.abdalla12122@education.qa	55986053
36	محمد عبدالله عارف العجلوني	teacher	\N	28840001942	مدرس دراسات اجتماعية	166777	m.alajlouni2012@education.qa	77226853
12	نوفل كرنفشير	staff	\N	28335618235	عامل خدمات	80718	n.karuvancheri2006@education.qa	77864646
35	محمد عبدالعزيز يونس  عدوان	teacher	\N	26740000836	مدرس دراسات اجتماعية	103333	m.adwan1809@education.qa	66787565
14	مامون صديق بدوي حمد	staff	\N	28873602551	فني تقنية معلومات	177053	m.hamad2510@education.qa	55464076
41	عمرو محمد حمدان حمايده	teacher	\N	29040002462	مدرس رياضيات	205461	a.a@a.com	70700189
23	وجدي بن محمد بن عمارة يوسفي	teacher	\N	28778801540	مدرس تربية بدنية	138672	w.yousfi2301@education.qa	66409243
29	منير رافع شتيوي شتيات	teacher	\N	28440002224	مدرس حاسب آلي	186329	m.shtaiyat0902@education.qa	30433544
25	معز بن احمد  السعداوي	teacher	\N	28078800991	مدرس تربية بدنية	167872	m.saadaoui1704@education.qa	55187112
42	مجدى محمد على احمد قنديل	teacher	\N	27873600431	مدرس رياضيات	66671	m.gindail0101@education.qa	55301308
34	عمر مصطفى محمد العباس	teacher	\N	29440002447	مدرس دراسات اجتماعية	199674	o.alabbas0712@education.qa	30043422
33	علي مصطفى   الدروبى	teacher	\N	27576001798	مدرس دراسات اجتماعية	65206	a.aldroubi2008@education.qa	66094950
13	خالد أحمد محمد حسين	staff	\N	27981807341	فني تقنية معلومات	75108	k.hussein2311@education.qa	66546933
32	على ضيف الله حمد على	teacher	\N	28273602354	مدرس دراسات اجتماعية	197486	a.ali0101987@education.qa	31521279
26	ناصر فايز مناحى سعد الهاجرى	teacher	\N	30163401311	مدرس تربية بدنية	200320	n.hajri08032@education.qa	33787145
8	راشد محمد راشد الزايد الهاجرى	staff	\N	27263400878	عامل خدمات	178912	r.hajri1104@education.qa	55823226
15	عبدالغنى على عبدالغنى  محمد	staff	\N	26881803659	محاسب	65182	a.mohamed0604@education.qa	55949874
49	عبدالرحمن محمد عبدالله لطف الله الاحزم	staff	\N	29888600481	مدرس علوم	202395	a.alahzm0806@education.qa	50818191
83	سلطان ناصر راشد آل سلطان الهاجرى	admin	\N	28763400678	مدير مدرسة	115332	s.al-hajri02102@education.qa	55575528
85	مناحى سعود محمد رشيد الشمرى	staff	\N	27063400344	مرشد أكاديمي	73970	m.alshamari2412@education.qa	55030053
87	محمد سالم محمد هادى الهاجرى	staff	\N		مساعد سكرتير مدرسة	147184	m.hajri0501@education.qa	55502378
90	حسني مبارك علي الرمادي	staff	\N	28388600497	مشرف اداري	205761		33417090
81	نادر جمعه عثمان  حنفيه	teacher	\N	27140001353	مدرس لغة عربية	166132	n.hanafiah2810@education.qa	55865142
74	احمد بكر محمد  الزبط	teacher	\N	28540001908	مدرس لغة عربية	166124	a.alzabat2705@education.qa	55872880
56	احمد جبر جبر  خلف	teacher	\N	26481802309	مدرس علوم شرعية	68814	a.khalaf1206@education.qa	55717097
62	احمد جعفر عبد الفتاح شاهين	teacher	\N	29340001781	مدرس كيمياء	174769	a.shahin2504@education.qa	33317575
75	احمد عبدالعزيز جامع  مرسى	teacher	\N	27481802266	مدرس لغة عربية	69289	a.moursi2608@education.qa	55655905
76	احمد محمد أوغلو	teacher	\N	28979201387	مدرس لغة عربية	185868	a.muhammedoglu0101@education.qa	70933395
65	البشير بوحلاب سودان	teacher	\N	28378801617	مدرس لغة انجليزية	197941	b.soudan1005@education.qa	55831178
84	اشرف حسين محمد احمد حسن	staff	\N	28473601375	مرافق الدعم	150245	a.hassan010114@education.qa	77410155
47	حسام محمود مبروك غانم	teacher	\N	28281811197	مدرس علوم	122760	h.ghanem0202@education.qa	77347107
77	خليفه صالح ظاهر  عودات	teacher	\N	26340000352	مدرس لغة عربية	65188	k.odat1505@education.qa	55611074
66	سامر غازي مصطفى محمد	teacher	\N	27840002105	مدرس لغة انجليزية	205604	s.mohammad01122@education.qa	74797878
67	طارق باسم مصطفى  شملاوي	teacher	\N	28440000929	مدرس لغة انجليزية	84169	t.shamlawi2808@education.qa	33319354
78	عامر محمد نجار	teacher	\N	28579202076	مدرس لغة عربية	199073	a.muhammednecar2502@education.qa	71864498
48	عبدالباسط عبدالسلام   الجاسم	teacher	\N	28576002863	مدرس علوم	78623	a.aljasem0205@education.qa	55633139
88	عبدالقادر خضر	staff	\N	28979201470	مسؤول مصادر التعلم	190435	a.hidir1506@education.qa	71069416
63	عدنان بركات عدنان المصطفى	teacher	\N	28940002319	مدرس كيمياء	186947	a.almustafa1412@education.qa	31332208
80	عزام احمد يوسف  الزعبى	teacher	\N	26140000267	مدرس لغة عربية	65185	a.alzoubi0101@education.qa	55495326
50	عمرو محمد خليل الشحروري	teacher	\N	29340002622	مدرس علوم	205344	a.shahrouri1111@education.qa	77533243
70	ليث حامد محمد السعودي	teacher	\N	28940002573	مدرس لغة انجليزية	205399	l.alsoudi0510@education.qa	30101616
51	محمد احمد حسن  عنانبه	teacher	\N	28240001117	مدرس علوم	84712	m.ananbeh1906@education.qa	33099761
59	محمد فرحان سالم  النوايسه	teacher	\N	27740001276	مدرس علوم شرعية	84177	m.alnawiseh0804@education.qa	33320415
57	عماد يحيى محمد العبسي نوح	teacher	\N	27881808198	مدرس علوم شرعية	85308	e.nouh0501@education.qa	70475475
82	ياسر حجى شلبى  احمد	teacher	\N	27481800676	مدرس لغة عربية	77778	y.ahmed1601@education.qa	55230038
61	وليد عبد اللطيف	teacher	\N	28181810648	مدرس فيزياء	126529	w.abdellatif0112@education.qa	70469486
53	هاني محمد زغلول طه حسن	teacher	\N	27181805829	مدرس علوم	110789	h.hassan1511@education.qa	50310597
60	محمود عبد المهدى عبد القادر الاسطه	teacher	\N	28140002267	مدرس علوم شرعية	205418	m.alosta2811@education.qa	70222382
46	نادر على لطفى محمد لطفى	teacher	\N	27581806089	مدرس رياضيات	77642	n.lotfy1307@education.qa	77113001
52	محمود ماجد يوسف  الجرادات	teacher	\N	28840001715	مدرس علوم	155951	m.aljaradat2811@education.qa	77709702
68	علي محمد محمد دار ناصر	teacher	\N	28040001255	مدرس لغة انجليزية	84170	a.naser2502@education.qa	33319357
64	عطيه محمود عطيه  محمود	teacher	\N	28981806984	مدرس كيمياء	110790	a.mahmoud07121@education.qa	30556800
69	عمر حسن عقله بني عطا	teacher	\N	27340001542	مدرس لغة انجليزية	186659	o.baniata0107@education.qa	30433356
86	نوح سليمان مبارك الحوسني	staff	\N	28851200061	مرشد أكاديمي	190748	n.alhosni0310@education.qa	66426624
45	مصطفى عمر حسين  النزهاوى	teacher	\N	27581803966	مدرس رياضيات	65201	m.elnazhawy1005@education.qa	55320728
54	ابراهيم سليمان طه  حمد	teacher	\N	28340000983	مدرس علوم شرعية	84179	i.hamad1606@education.qa	33319362
58	عمادالدين محمد الحبشى قاسم	teacher	\N	27881810035	مدرس علوم شرعية	123071	e.kassem2111@education.qa	31077410
79	عربى السيد يوسف السيد رجب	teacher	\N	27481804862	مدرس لغة عربية	65215	a.ragab2606@education.qa	66921243
71	محمد سلام سليمان  حسين	teacher	\N	26481803468	مدرس لغة انجليزية	66896	m.hussein1808@education.qa	55466723
72	محمد عبدالوهاب عبدالبديع  عويس	teacher	\N	27781801228	مدرس لغة انجليزية	66902	m.ewais3008@education.qa	55474819
104	محمد الحطاب	staff	\N	27650400503	ملاحظ طلبه	149322	m.elhattab0101@education.qa	77725210
116	فادي صالح ظاهر  عودات	staff	\N	28140000696	منسق المشاريع الالكترونية	104374	f.oudat1601@education.qa	50383835
126	ايوب حسين   القرفان	admin	\N	28576002649	نائب المدير للشؤون الأكاديمية	65227	a.alkerfan1001@education.qa	77487048
103	حمد سجاد حسين	staff	\N	29258600241	ملاحظ طلبه	196089	h.hussanjalil2102@education.qa	66016608
91	سالم محمد راشد المقارح القرح	staff	\N	28963401418	مشرف اداري	166032	s.qarah0312@education.qa	33999960
124	جابر على محمد فرج مثيب	staff	\N	28363400669	نائب المدير للشؤون الادارية	118351	j.mutheeb2202@education.qa	66665880
92	عبدالرحمن محمد علي المري	staff	\N	30468200226	مشرف اداري	202554	a.almarri15111@education.qa	50249981
31	علاء محمد عبد الهادي القضاه	teacher	\N	29540002558	مدرس دراسات اجتماعية	205435	a.alqudah2403@education.qa	31000362
112	احمد محمد حسن  إبراهيم	admin	\N	28340000985	منسق احياء	84131	a.ibrahim0602@education.qa	33310876
114	سلطان سعيد عبدالله عواد	admin	\N	28040001260	منسق اللغة الإنجليزية	84133	a.sultan1003@education.qa	33661200
95	مسفر شباب مسفر آلدوكر القحطاني	staff	\N	30168200291	مشرف اداري	186860	m.alqahtani0910@education.qa	50666897
55	ابراهيم محمد محمود  الزريقات	teacher	\N	26840000589	مدرس علوم شرعية	65204	i.alzrigat0102@education.qa	55227985
96	مطلق محمد منير المطلق الهاجري	staff	\N	28768200378	مشرف اداري	122931	m.alhajri27052@education.qa	66211319
22	احمد رمضان خطاب ابراهيم حامد	teacher	\N	29081804511	مدرس إدارة أعمال	105437	a.hamed0110@education.qa	77229126
111	محمد اسماعيل عبدالحميد  السيد	admin	\N	28481803997	منسق  تكنولوجيا المعلومات	65208	m.elsayed01071@education.qa	55180590
101	العربي القاسمي	staff	\N	29450400682	ملاحظ طلبه	149828	l.elkasmi2803@education.qa	77725207
121	فيصل جليل محيميد القعيقعى الرويلى	admin	\N	28463400225	منسق علوم شرعية	157858	f.al-ruwaili0904@education.qa	66076603
89	الحبيب الحروش	staff	\N	28650401312	مشرف اداري	149312	l.elharrouach1106@education.qa	30666206
117	بنجر محمد بنجر جاسر الدوسرى	admin	\N	28163401559	منسق تربية بدنية	15135	b.al-dosari0808@education.qa	55818832
115	محمود ابرهيم ابراهيم سعد	admin	\N	28081807930	منسق اللغة العربية	77394	m.saad0401@education.qa	66524580
97	محمد ناصر صالح الغيثاني المرى	staff	\N	27568200117	مشرف مقصف	76142	m.almari2408@education.qa	55488965
120	عادل محمد نصر  احمد	admin	\N	28181801642	منسق علوم	76191	a.ahmed1603@education.qa	55406609
125	عبدالرحمن صالح على الغفران المرى	staff	\N	29363404271	نائب المدير للشؤون الادارية	130721	a.al-marri06039@education.qa	60007710
108	موافق فندى معيصر الفريجى الرويلى	staff	\N	27268200042	ملاحظ طلبه	80374	m.al-ruwaili0708@education.qa	55099331
110	عامر عبد   الخليف	staff	\N	28776001246	مندوب	65173	a.alkhlif1403@education.qa	70077735
119	محمد نادي محمد العرامين	admin	\N	27740001415	منسق رياضيات	110416	m.nadi3001@education.qa	33189254
118	امام محمد رشدى امام محمد	admin	\N	27881803546	منسق دراسات اجتماعية	64644	i.mohamed2811@education.qa	55271953
94	محمد على عباس البسيونى	staff	\N	28863404105	مشرف اداري	64960	m.elbasyouny0310@education.qa	55443302
93	محمد حمد مبارك التواه الهاجرى	staff	\N	28763400746	مشرف اداري	144354	m.hajri2807@education.qa	55778700
102	تركي خالد عليان الفريجى	staff	\N	28476003148	ملاحظ طلبه	80395	t.alianalfrija2602@education.qa	33424170
123	سالم محمد على النابت المرى	staff	\N	26863401039	موظف استقبال	68856	s.al-marri0306@education.qa	66662323
113	يوسف يعقوب يونس  عوض	admin	\N	28040001759	منسق الفنون البصرية	149230	y.awad1407@education.qa	50969959
99	مشل مرفى سعدى الرمالى الشمرى	teacher	\N	28468200410	معلم تربية خاصة	66236	m.alshammari28112@education.qa	55449945
106	محمد صابر عبدالله  غازي	staff	\N	26981801108	ملاحظ طلبه	105180	m.ghazy1408@education.qa	55021132
105	محمد سفير مسلم فيتيل ابو بكر	staff	\N	29535623000	ملاحظ طلبه	195671	m.aboobacker1612@education.qa	66640648
100	اسامة محمد حلمي  مصطفى	staff	\N	29181805760	ملاحظ طلبه	122606	o.mostafa2412@education.qa	31068439
73	محمد فلاح صالح درادكه	teacher	\N	28040002129	مدرس لغة انجليزية	176453	m.daradkeh0104@education.qa	30080433
109	حمد عبدالله على فالح نابت	staff	\N	29163401266	مندوب	178603	h.nabet1206@education.qa	30050511
107	محمد مهمدول   حسن	staff	\N	28805002975	ملاحظ طلبه	82440	m.hasan0203@education.qa	77961989
122	حسن ابرهيم العربى الصافى	admin	\N	26673600468	منسق فيزياء	68569	h.elsafi0101@education.qa	55350862
98	علي ضيف الله خليل خريسات	teacher	\N	29640002340	معلم أحياء	205520	a.khraisat0702@education.qa	70700746
\.


--
-- Data for Name: school_student; Type: TABLE DATA; Schema: public; Owner: -
--

COPY public.school_student (id, sid, full_name, dob, active, class_fk_id, nationality, age) FROM stdin;
1	31258601647	احمد محمد حنيف	\N	t	1	الباكستان	13
2	31376000409	ايمن رضوان محمود البرغش	\N	t	1	الجمهورية العربية السورية	12
3	31363402204	تميم تركى عبدالله شلاش الزكروطى	\N	t	1	قطر	12
4	31363403818	حمد سعيد مبارك الجربوعى المرى	\N	t	1	قطر	12
5	31363402636	حمزه طالب محمد طفله المرى	\N	t	1	قطر	12
6	31363405415	خالد عبدالرحمن بندر الربيعه الشمرى	\N	t	1	قطر	12
7	30863407439	ذياب على عايد ردينى الشمرى	\N	t	1	قطر	17
8	31363403798	سعد مطلق سعد البرازى السهلى	\N	t	1	قطر	12
9	31363403591	سعود عبدالله ضيدان الرثيع الهاجرى	\N	t	1	قطر	12
10	31363401923	سلمان فيصل جليل القعيقعى الرويلى	\N	t	1	قطر	13
11	31463403588	طلال ناصر بندر الربيعه الشمرى	\N	t	1	قطر	11
12	31363406513	عبدالعزيز سعود عواد متروك الجهني	\N	t	1	قطر	12
13	31358600313	عبدالله سعودرحمن خوجال خان	\N	t	1	الباكستان	12
14	31363402685	عبدالله طارق خلف على المحمد	\N	t	1	قطر	12
15	31368200147	عبدالله محمد حمد  الجهني	\N	t	1	السعودية	13
16	31363407642	عبيد عبدالله غنيم ال دواس الدوسرى	\N	t	1	قطر	12
17	31368200005	على راشد على البريص المرى	\N	t	1	قطر	13
18	31388600577	علي ناصر احمد الغياثي	\N	t	1	اليمن	13
19	31363404629	فارس عيد دواس السويدى الشمرى	\N	t	1	قطر	12
20	31263405992	فهد عمر عقلا مسبط الشمرى	\N	t	1	قطر	13
21	31263406380	محمد سعد محمد طفله المرى	\N	t	1	قطر	13
22	31363404770	محمد طالب جمال الرمالى الشمرى	\N	t	1	قطر	12
23	31388600538	محمد عبداللة عبيد عبدالله مطر	\N	t	1	اليمن	12
24	31336800054	محمد فواز خلف الزكروطي	\N	t	1	العراق	12
25	31363402828	مهنا احمد على الضابت الدوسرى	\N	t	1	قطر	12
26	31363407823	ناصر فالح ناصر المفقاعى الهاجرى	\N	t	1	قطر	12
27	30863406400	نواف مناحى ظافر المفقاعى الهاجرى	\N	t	1	قطر	17
28	31276000606	احمد زيدان حميد ناصر	\N	t	2	الجمهورية العربية السورية	13
29	31058600716	احمد محمد رفيق نور والى	\N	t	2	الباكستان	15
30	31363401958	تركى ابراهيم عبدالمنعم سايج نومان	\N	t	2	قطر	12
31	31163403657	جابر محمد متعب المنخس المرى	\N	t	2	قطر	14
32	31363401679	حمد عامر محمد طفله المرى	\N	t	2	قطر	13
33	31363405107	حمود عطاالله حمود الفريجى الرويلى	\N	t	2	قطر	12
34	31463401680	خالد ماجد نايف هايس الشمرى	\N	t	2	قطر	11
35	31363402447	سالم عبدالرحمن حمد النهاب المرى	\N	t	2	قطر	12
36	31363407606	سعد فالح ظافر المفقاعى الهاجرى	\N	t	2	قطر	12
37	30963404148	سعود محمد سعود عواد الجهني	\N	t	2	قطر	16
38	31363401170	ظافر محمد ناصر ظافر القحطانى	\N	t	2	قطر	13
39	31363404303	عبدالعزيز محمد راشد العمانى العذبه	\N	t	2	قطر	12
40	31258601528	عبداللة شير محمد خواجه خان	\N	t	2	الباكستان	13
41	31363402723	عبدالله مسفر عبدالله ال دواس الدوسرى	\N	t	2	قطر	12
42	31363400435	عجلان سعود سعد المظفرى الهاجرى	\N	t	2	قطر	13
43	31363404909	علي صالح محسن خالد الكربى	\N	t	2	قطر	12
44	31363401380	عمر راشد محمد ناصر لخن	\N	t	2	قطر	13
45	31288600725	فلاح صالح ناصر محسن سريب	\N	t	2	اليمن	13
46	31363402002	فهد مبارك راشد العجلان الهاجرى	\N	t	2	قطر	12
47	31370600066	ماهر احمد ابشر	\N	t	2	الصومال	12
48	31336800014	محسن احمد محيسن محمد الشمري	\N	t	2	العراق	12
49	31258602021	محمد خان	\N	t	2	الباكستان	13
50	31363401445	محمد راشد مبارك ال حباب الهاجرى	\N	t	2	قطر	13
51	31258600434	محمد كارنيل خان	\N	t	2	الباكستان	14
52	31463400344	ناصر سعيد ناصر المفقاعى الهاجرى	\N	t	2	قطر	12
53	31363400995	ناصر محمد معيكل ال دواس الدوسرى	\N	t	2	قطر	13
54	31363403345	يوسف سلمان فرحان الغضورى العنزى	\N	t	2	قطر	12
55	31363406505	احمد عبدالله صلاح احمد عنبر	\N	t	3	قطر	12
56	31363405079	احمد محمد سعد هبل العلى	\N	t	3	قطر	12
57	31363402707	تركى عبدالمحسن الاسمر الفريجى الرويلى	\N	t	3	قطر	12
58	31363404756	حسن منيف على عايض الشمرى	\N	t	3	قطر	12
59	31263400646	حمد على حمد طفله المرى	\N	t	3	قطر	14
60	31363404715	حنيف على حنيف محمد محمد	\N	t	3	قطر	12
61	31363401069	سعود ناصر ظافر المفقاعى الهاجرى	\N	t	3	قطر	13
62	31363400096	سعيد محمد سعيد عبدالله مسعود	\N	t	3	قطر	13
63	31336400311	سلطان عيد شعبان البلوشي	\N	t	3	قطر	12
64	30968200093	عادل تمان مبارك الراشدي	\N	t	3	السعودية	16
65	31463400664	عبدالعزيز محمد سالم السنيدى النعيمى	\N	t	3	قطر	12
66	31363401904	عبدالله ثامر ناصر المفقاعى الهاجرى	\N	t	3	قطر	12
67	31363401038	عبدالله على سالم نقدان المرى	\N	t	3	قطر	13
68	31336800079	عبدالله ناصر عذال لافي الشمري	\N	t	3	العراق	12
69	31363406685	عبدالله ناصر غالب ناصر الدوسرى	\N	t	3	قطر	12
70	31247800038	عصام محمدنه	\N	t	3	موريتانيا	13
71	31463402865	علي محمد على حسن الكربى	\N	t	3	قطر	12
72	31476001592	عمر محمد السالم	\N	t	3	الجمهورية العربية السورية	11
73	31363407639	فهد طارق صياح مهيل القعيقعى	\N	t	3	قطر	12
74	31363403893	فواز ماجد بندر الربيعه الشمرى	\N	t	3	قطر	12
75	31363400659	محمد ثامر صياح مهيل القعيقعى	\N	t	3	قطر	13
76	31363406894	محمد راشد منصور الادقم العذبه	\N	t	3	قطر	12
77	31363404291	محمد عبدالله سعيد عبدالله مسعود	\N	t	3	قطر	12
78	31363406877	محمد على سعد المظفرى الهاجرى	\N	t	3	قطر	12
79	31273601172	محمد منير ابراهيم محمد	\N	t	3	السودان	13
80	31463401306	ناصر عبدالحميد الاسمر الفريجى الرويلى	\N	t	3	قطر	12
81	31363407302	نواف عبدالهادى غالب ناصر الدوسرى	\N	t	3	قطر	12
82	31363403494	يوسف سيف نايف العليانى الشمرى	\N	t	3	قطر	12
83	31258600971	احمد عزيزالرحمن اغاجان	\N	t	4	الباكستان	13
84	31158601998	ادم ابراهيم	\N	t	4	الباكستان	14
85	31263403162	تركى محمد حمد سالم العذبه	\N	t	4	قطر	13
86	31363406627	حسين حمد سلطان حسين الشمرى	\N	t	4	قطر	12
87	31363400058	حنيف محمد عبدالرحمن محمد محمد	\N	t	4	قطر	13
88	31263406016	خميس احمد خميس المكاونه النعيمى	\N	t	4	قطر	13
89	31363400833	سالم عبدالله سالم حمد هطيل	\N	t	4	قطر	13
90	31363405007	سالم مبخوت سالم حمد هطيل	\N	t	4	قطر	12
91	31305000066	سعدتقي طفيل احمد حافظ عبدالسلام	\N	t	4	بنغلاديش	12
92	31368200158	سعيد محمد سعيد المري	\N	t	4	السعودية	12
93	31363406915	سلطان سيف سالم المجمول الدوسرى	\N	t	4	قطر	12
94	31363407157	صالح حمد على جرحب المرى	\N	t	4	قطر	12
95	31358602010	عاصم عيسى	\N	t	4	الباكستان	13
96	31168200349	عبدالعزيز محمد على الزبدان المرى	\N	t	4	السعودية	14
97	31363406506	عبدالله حسين وادى مسرهد الشمرى	\N	t	4	قطر	12
98	31363407135	عبدالله فهد عبدالله ال دواس الدوسرى	\N	t	4	قطر	12
99	31173600400	على ادريس سعيد صالح فرج الله	\N	t	4	السودان	14
100	31388600274	علي محمد احمد على العكبرى	\N	t	4	اليمن	12
101	31363404647	عيد محمد منصور المفقاعى الهاجرى	\N	t	4	قطر	12
102	31363401501	فهد عبدالعزيز فهد محلى عيد	\N	t	4	قطر	13
103	31376000570	فيصل نايف الحصية	\N	t	4	الجمهورية العربية السورية	12
104	31263405732	مبارك صالح مبارك الفاران المرى	\N	t	4	قطر	13
105	31363405169	محمد حسين محمد الغفرانى المرى	\N	t	4	قطر	12
106	31363404144	محمد سالم محمد جابر فاران	\N	t	4	قطر	12
107	31273600656	محمدالمجتبى منتصر احمد الطيب الاحمر	\N	t	4	السودان	13
108	31363407125	ناصر عبدالله ظافر حمد الدوسرى	\N	t	4	قطر	12
109	31363404778	نواف محمد فرحان الغضورى العنزى	\N	t	4	قطر	12
110	31258600086	نور خميس نور والى	\N	t	4	الباكستان	14
111	31376000406	احمد محمد جمال مخيبر	\N	t	5	الجمهورية العربية السورية	12
112	31388600168	امير على محمد على البعدانى	\N	t	5	اليمن	12
113	31363403888	تركي محمد سويهج الفريجى الرويلى	\N	t	5	قطر	12
114	31240001421	حسين هلال حسين المشاقبه	\N	t	5	الاردن	13
115	31358600020	حمدان عبيد الله قريشي	\N	t	5	الباكستان	13
116	31363406957	خالد طلال نايف سالم الشمرى	\N	t	5	قطر	12
117	31358600216	خليفة ابراهيم ولى جان	\N	t	5	الباكستان	13
118	31363403903	دايل سيف محمد الجفالى النعيمى	\N	t	5	قطر	12
119	31063400969	سالم محمد على محمد مثيب	\N	t	5	قطر	16
120	31368200098	سعود عبدالعزيز رضاء الشمرى	\N	t	5	السعودية	12
121	31058602419	سفيان سيد	\N	t	5	الباكستان	15
122	30776000093	عبدالرحمن صالح نجم المحمد	\N	t	5	الجمهورية العربية السورية	18
123	31263404224	عبدالعزيز مناحى ظافر المفقاعى الهاجرى	\N	t	5	قطر	13
124	31236800120	عبدالكريم محمد حسين	\N	t	5	العراق	13
125	31268200047	عبدالله سالم هضبان  المرى	\N	t	5	السعودية	13
126	31363404678	عبدالله فهد احمد سعود المقالح	\N	t	5	قطر	12
127	31373600268	عبدالماجد محمد الطيب خليفه أبوشنب	\N	t	5	السودان	12
128	31376001009	على الاحمد جفال	\N	t	5	دومينيكا	12
129	31388600358	علي عبدالله علي زكروطي	\N	t	5	العراق	12
130	31363403499	غانم عبدالرحمن عواد مخلف الرويلى	\N	t	5	قطر	12
131	31388600783	فهد عبدالواحد سالم غنام	\N	t	5	اليمن	12
132	31368200164	ماجد حماد ضحوي الشمرى	\N	t	5	السعودية	12
133	31363405632	محمد حمد على سفر الهاجرى	\N	t	5	قطر	12
134	31363400588	محمد سعيد بطى ال حسناء المرى	\N	t	5	قطر	13
135	31363403442	محمد على فالح ال تواه الهاجرى	\N	t	5	قطر	12
136	30963406890	منور شهاب منور شهاب الشمرى	\N	t	5	قطر	16
137	31363407307	ناصر عبدالهادى غالب ناصر الدوسرى	\N	t	5	قطر	12
138	31363407699	نواف مساعد مهاوش الفريجى الرويلى	\N	t	5	قطر	12
139	31281806231	احمد حمدى صلاح حسن امين	\N	t	5	مصر	13
140	31363403849	سالم نايف سالم المجمول الدوسرى	\N	t	5	قطر	12
141	31263401853	احمد صالح مطر ضابت الدوسرى	\N	t	6	قطر	13
142	31347800013	احمدزيدان محمد الامين الشافعي	\N	t	6	موريتانيا	13
143	31268200292	أديب احمد زقام الشمري	\N	t	6	السعودية	13
144	31263405951	ثانى ماجد صالح حمد القحطانى	\N	t	6	قطر	13
145	31163403127	جاسم سعد عارف الرمالى الشمرى	\N	t	6	قطر	14
146	31363404137	جبر سعد جبر الحمادى الرويلى	\N	t	6	قطر	12
147	30868200192	حمد سعيد على البريص المرى	\N	t	6	قطر	17
148	31263406555	خليفه فهد مهاوش الوبيرى الشمرى	\N	t	6	قطر	13
149	31368200099	سعد عبدالله رميض الشمري	\N	t	6	السعودية	13
150	30663405592	سعيد عبدالله سعيد عبدالله مسعود	\N	t	6	قطر	19
151	31263404014	سيف فهد احمد سعود المقالح	\N	t	6	قطر	13
152	31268200361	صاهود خالد صاهود الشمري	\N	t	6	السعودية	13
153	31240000091	ظاهر شديد محمد مطر الشديد	\N	t	6	الاردن	14
154	31163403796	عايض خالد صالح حمد القحطانى	\N	t	6	قطر	14
155	31368200442	عبد المجيد عبدالله لافي الرويلي	\N	t	6	السعودية	13
156	31236800027	عبدالرحمن عبداللة شيحان غالي	\N	t	6	العراق	13
157	31176000574	عبدالرحمن ناصر زغير الخلف	\N	t	6	الجمهورية العربية السورية	14
158	31263403417	عبدالعزيز حسين على قطيفان الشمرى	\N	t	6	قطر	13
159	31176001202	عبدالعزيز فهد العلي	\N	t	6	الجمهورية العربية السورية	14
160	31263400706	عمر خالد سعد خليف الشمرى	\N	t	6	قطر	14
161	31263402373	فهد سلامه عبيد الوبيرى الشمرى	\N	t	6	قطر	13
162	31236800073	فيصل محمد شيحان غالي	\N	t	6	العراق	13
163	31363400105	محسن احمد محسن منصور الشمرى	\N	t	6	قطر	13
164	31363400584	محمد حامد رحيل الأسلمى الشمرى	\N	t	6	قطر	13
165	31263407483	محمد سعيد فهد صقر المريخى	\N	t	6	قطر	13
166	31263402478	محمد ناصر درمان ال مناحى المفقاعى	\N	t	6	قطر	13
167	31263401268	مسفر ظافر عبدالهادى ظافر القحطانى	\N	t	6	قطر	14
168	31263400370	مشعل مسفر عشق ال ظافر الحبابى	\N	t	6	قطر	14
169	31163402863	مهنا احمد خميس المكاونه النعيمى	\N	t	6	قطر	14
170	31276001127	يوسف نافع التركى	\N	t	6	الجمهورية العربية السورية	13
171	31281801559	ابراهيم احمد حسين جوده عبدالهادي	\N	t	7	مصر	13
172	31263401231	بدر متعب محمد ال حباب الهاجرى	\N	t	7	قطر	14
173	31263405193	جاسم على حسين الجحيش الشمرى	\N	t	7	قطر	13
174	31263405189	حاتم على حسين الجحيش الشمرى	\N	t	7	قطر	13
175	31263404583	زايد عبدالعزيز حمود الفريجى الرويلى	\N	t	7	قطر	13
176	31363406606	سعيد صالح سعيد سالم البلوشى	\N	t	7	قطر	12
177	31163407247	سعيد محمد غانم الخيارين الهاجري	\N	t	7	قطر	14
178	31263404751	سلمان مبارك مشعى بنجر الدوسرى	\N	t	7	قطر	13
179	30973600141	عبدالحميد جادكريم ابوزيد عبدالنبى عبدالرسول	\N	t	7	السودان	16
180	31176000625	عبدالرحمن غازى اسعد الحمد	\N	t	7	الجمهورية العربية السورية	14
181	30663405028	عبدالعزيز سعود محيسن سعيد عيد	\N	t	7	قطر	19
182	31258600860	عبدالعزيز لايق خان ولى جان	\N	t	7	الباكستان	13
183	31163403422	عبدالله جابر متعب المنخس المرى	\N	t	7	قطر	14
184	30988600376	عبدالله عمر محمد احمد اليزيدى	\N	t	7	اليمن	16
185	30968200309	عبدالله محمد على الزبدان المرى	\N	t	7	السعودية	16
186	31263405691	على جابر على محمد مثيب	\N	t	7	قطر	13
187	31263405712	على صالح على صالح الكربى	\N	t	7	قطر	13
188	31263401664	على فرج على محمد مثيب	\N	t	7	قطر	13
189	30763404794	على محمد على محمد مثيب	\N	t	7	قطر	18
190	31363406377	فهد بدر محسن منصور الشمرى	\N	t	7	قطر	12
191	31363402211	فهد عبدالعزيز احمد ابراهيم الهيشان	\N	t	7	قطر	13
192	31363401612	فهد على حمد سعد السلامى	\N	t	7	قطر	13
193	31273600931	فيصل صالح سعيد دخيل الله	\N	t	7	السودان	13
194	31263407206	مبارك حمد على جرحب المرى	\N	t	7	قطر	13
195	31363400557	مبارك محمد ناصر ال حباب الهاجرى	\N	t	7	قطر	13
196	31281803852	محمد حسام عبدالحكيم يوسف عمر	\N	t	7	مصر	14
197	31276000453	محمد على حماده الحوكه	\N	t	7	الجمهورية العربية السورية	13
198	31181802118	محمد مجدى فاروق حامد احمد	\N	t	7	مصر	14
199	31147800035	محمد محمدنه	\N	t	7	موريتانيا	14
200	31188600606	ناجي أحمد ناجي حصيان	\N	t	7	اليمن	14
201	31263401121	ناصر عبدالله ضامى الفريجى الرويلى	\N	t	8	قطر	14
202	31263405652	اعبيد عبدالعزيز سعد خليف الشمرى	\N	t	8	قطر	13
203	31263401032	تميم على معيض ال غازى الاحبابى	\N	t	8	قطر	14
204	30863401885	تميم محمد جريد القعيقعى الرويلى	\N	t	8	قطر	17
205	31158601151	جوعان محمد بخش علي محمد	\N	t	8	الباكستان	14
206	31288600138	حمد خالد عوض محمد القعيطى	\N	t	8	اليمن	13
207	31188600478	حمد عبدالوهاب صالح محمد داحش	\N	t	8	اليمن	14
208	31240000636	حمد مشعل صالح العون	\N	t	8	الاردن	13
209	31263403481	راشد جابر متعب المنخس المرى	\N	t	8	قطر	13
210	31263406640	سالم مسعود محمد ال جفران المرى	\N	t	8	قطر	13
211	31258602001	ساني امجد خان	\N	t	8	الباكستان	14
212	31363400364	سعد يوسف غازى صياح الشمرى	\N	t	8	قطر	13
213	31263405592	سعود عبدالعزيز وادى مسرهد الشمرى	\N	t	8	قطر	13
214	31268200103	سلطان مهدى على ال سالم	\N	t	8	السعودية	13
215	31205000257	عبدالرحمن نور محمد	\N	t	8	بنغلاديش	14
216	31258600107	عبدالعزيز جان محمد سابك زئى	\N	t	8	ايران	14
217	31263405979	عبدالله طلال مياح مجول الزكروطى	\N	t	8	قطر	13
218	31263404923	عبدالله عبدالرحمن الاسمر الفريجى الرويلى	\N	t	8	قطر	13
219	31263401712	على حمد على ال غازى الاحبابى	\N	t	8	قطر	14
220	31088600750	علي منصور فهد علي معيلي	\N	t	8	اليمن	16
221	31063407849	غانم زايد غانم الخيارين الهاجري	\N	t	8	قطر	15
222	31063406623	فارس فرحان عبدالله شلاش الزكروطى	\N	t	8	قطر	15
223	31368200103	فواز فايز عفات  الشمري	\N	t	8	السعودية	12
224	30863403324	فيصل سعود محيسن العبد عيد	\N	t	8	قطر	17
225	31136400009	ماجد شيح محمد رئيسى	\N	t	8	ايران	15
226	31263403930	مبارك على راشد الكدادى الهاجرى	\N	t	8	قطر	13
227	31363400181	محمد حمود معيكل ال دواس الدوسرى	\N	t	8	قطر	13
228	31288600432	محمد عقيل محسن ضحى راكان	\N	t	8	اليمن	13
229	31263400829	محمد على عماش هزاع الشمرى	\N	t	8	قطر	14
230	31263405872	محمد عيد عرنان الشبيبه الرويلى	\N	t	8	قطر	13
231	31205000134	معصوم محمد هارون مولانا عمر	\N	t	8	بنغلاديش	13
232	31263403556	نايف على سفر عبيد الهاجرى	\N	t	8	قطر	13
233	31273600528	أنور عاطف غبوش سعيد	\N	t	9	السودان	13
234	31263403609	حمد عبدالكريم الاسمر الفريجى الرويلى	\N	t	9	قطر	13
235	31176000772	خالد محمد خليف الاحمد الجفال	\N	t	9	الجمهورية العربية السورية	14
236	31263406859	راشد ناصر راشد العجلان الهاجرى	\N	t	9	قطر	13
237	31263404822	سعد وافى دريدح الرمالى الشمرى	\N	t	9	قطر	13
238	31263400378	سعود محمد عبدالله حمد المرى	\N	t	9	قطر	14
239	31263407124	صالح حمد مبارك فاران المرى	\N	t	9	قطر	13
240	31363406813	طلال عبدالرحمن جدعان طرجم الشمرى	\N	t	9	قطر	12
241	31235606760	عبد السلام ابو الحسن	\N	t	9	الهند	13
242	31263402098	عبدالرحمن فواز عبدالله مقبل الشمرى	\N	t	9	قطر	13
243	31263400252	عبدالله راشد حزام راشد قرح	\N	t	9	قطر	14
244	31263406895	عبدالله مزعل محمد ساكت العنزى	\N	t	9	قطر	13
245	31263400912	على حمد على سفر الهاجرى	\N	t	9	قطر	14
246	31263401907	على سالم على البريص المرى	\N	t	9	قطر	13
247	31263400819	عماش نايف ملاش ندو الدخيل	\N	t	9	قطر	14
248	31363407462	فارس احمد محسن منصور الشمرى	\N	t	9	قطر	12
249	31263406040	فخرى فايز غانم فايز الشمرى	\N	t	9	قطر	13
250	31263406752	فهد راشد على الخلوى النعيمى	\N	t	9	قطر	13
251	31363406268	فيحان صالح على صالح الكربى	\N	t	9	قطر	12
252	31263401229	مبارك سالم نايف المجمول الدوسرى	\N	t	9	قطر	14
253	31263404496	مبارك غنيم مبارك بطى الدوسرى	\N	t	9	قطر	13
254	31163401943	محمد صالح جابر التمتام الغياثين	\N	t	9	قطر	15
255	31263402532	محمد ونسان زايد القعقاع الرويلى	\N	t	9	قطر	13
256	31163400973	مشعل يحيى على موالى الكربى	\N	t	9	قطر	15
257	31276001345	منصور حسين الاحمد الجفال	\N	t	9	الجمهورية العربية السورية	13
258	31263403744	منصور نفل تركي الساعي الهاجري	\N	t	9	قطر	13
259	31263406426	ناصر ظافر ناصر ظافر القحطانى	\N	t	9	قطر	13
260	30958601279	وليد والى	\N	t	9	الباكستان	16
261	30858600685	ياسر شير والى زار والى	\N	t	9	الباكستان	17
262	31073600356	يوسف عزام حسن فرح	\N	t	9	السودان	15
263	31068200090	هضبان سالم هضبان المري	\N	t	9	السعودية	16
264	31036400235	ابراهيم احمد ابراهيم عيادى	\N	t	10	ايران	15
265	31168200217	بطي سفر عبيد الهاجري	\N	t	10	السعودية	14
266	31188600062	تميم مجلى احمد على الحجاجى	\N	t	10	اليمن	15
267	30736800084	جاسم عبدالامير وارث لفته	\N	t	10	العراق	18
268	31176000143	جاسم محمد علوان السالم	\N	t	10	الجمهورية العربية السورية	15
269	31163407019	حمد سالم هادى محمد الهاجرى	\N	t	10	قطر	14
270	31063401174	حمد عبدالرحمن حمد النهاب المرى	\N	t	10	قطر	16
271	31163400535	حمد على حمد سعد السلامى	\N	t	10	قطر	15
272	30963406711	حمد ناصر حسين فرحان الشمرى	\N	t	10	قطر	16
273	31163407228	خالد عمر الجدع الحمادى الرويلى	\N	t	10	قطر	14
274	31163402857	خليفه سعيد سالم محمد البلوشى	\N	t	10	قطر	15
275	31163404452	راشد مبارك راشد العجلان الهاجرى	\N	t	10	قطر	14
276	31163402337	راشد محمد حمد المسعود العذبه	\N	t	10	قطر	14
277	31163406047	سعود عبدالله سعود النماصى الشمرى	\N	t	10	قطر	14
278	31163404074	سعيد محمد سعيد طفله المرى	\N	t	10	قطر	14
279	31163406849	عبدالرحمن نايف صالح الفريجى الرويلى	\N	t	10	قطر	14
280	30988600034	عبدالعزيز جمال علي عبدالمحسن اليهري	\N	t	10	اليمن	17
281	31163404539	عبدالكريم خالد حامد مصول العنزى	\N	t	10	قطر	14
282	30888600825	عبدالله سالم محمد  عبدالله	\N	t	10	اليمن	17
283	31176000984	عبدالله على هواش حميد	\N	t	10	الجمهورية العربية السورية	14
284	31163406339	عبدالله محمد عايد القعيقعى الرويلى	\N	t	10	قطر	14
285	31168200187	عفات فايز عفات الشمري	\N	t	10	السعودية	14
286	31163404607	على خالد على عبدالرحمن رشدان	\N	t	10	قطر	14
287	31081804689	عمرو فوزى عبدالستار عبدالـلاه	\N	t	10	مصر	15
288	31163402310	فرحان سعد احمد خلف الشمرى	\N	t	10	قطر	14
289	31163405102	فهد فالح كتيم الشلاقى الشمرى	\N	t	10	قطر	14
290	31063407240	فهد ماجد بندر الربيعه الشمرى	\N	t	10	قطر	15
291	31063405016	فهد مبارك عجلان المظفرى الهاجرى	\N	t	10	قطر	15
292	31163403116	فهد مبارك فهد العجلان الهاجرى	\N	t	10	قطر	14
293	31163401634	مبخوت فهد سالم محمد المرى	\N	t	10	قطر	15
294	31163401358	محمد على حنيف محمد محمد	\N	t	10	قطر	15
295	31151200071	مشعل بدر سعيد حميد السعيدي	\N	t	10	سلطنة عمان	14
296	31163402898	هادى حمد محمد هادى الهاجرى	\N	t	10	قطر	14
297	31247800085	االطالب احمد بوب	\N	t	11	موريتانيا	14
298	31163403442	ابراهيم سلمان فرحان الغضورى العنزى	\N	t	11	قطر	14
299	31363400787	بندر ناصر عبدالهادى مطر العنزى	\N	t	11	قطر	13
300	31188600221	تميم خليفه صالح احمد الجابري	\N	t	11	اليمن	14
301	31151200250	تميم سالم جمعه الراجحي	\N	t	11	سلطنة عمان	15
302	31163405556	ثامر عبدالله سراى الغازى الشمرى	\N	t	11	قطر	14
303	31163402674	جابر محمد مبارك فاران المرى	\N	t	11	قطر	15
304	31158600124	حسن خالد شيرولى	\N	t	11	الباكستان	15
305	31163406253	حمد سالم محمد الزيوح المرى	\N	t	11	قطر	14
306	31163400905	حمد طلال خلف الفريجى الرويلى	\N	t	11	قطر	15
307	31068200202	حمد فايز عفات الشمرى	\N	t	11	السعودية	16
308	31163402176	حمد محمد فرحان الغضورى العنزى	\N	t	11	قطر	14
309	31163404220	راشد سلوم مهاوش الوبيرى الشمرى	\N	t	11	قطر	14
310	31063401612	راكان عمر عقلا مسبط الشمرى	\N	t	11	قطر	16
311	31163401664	زايد سعد منصور سعد الدوسرى	\N	t	11	قطر	14
312	31158600543	سعودرحمان سبيل الرحمن عبدالمجيد	\N	t	11	الباكستان	14
313	30963404470	سيف حمد جريد القعيقعى الرويلى	\N	t	11	قطر	16
314	31163402324	عبدالاله الاسمر محمد الفريجى الرويلى	\N	t	11	قطر	14
315	31063401999	عبدالرحمن جمال عتاب جفال فراج	\N	t	11	قطر	15
316	30863403277	عبدالعزيز شجاع منوخ الشلاقى الشمرى	\N	t	11	قطر	17
317	31288600152	عبدالعزيز فهد سعيد صالح الضبيع	\N	t	11	اليمن	14
318	31188600182	عبدالعزيز محمد ناجي أحمد الجعل	\N	t	11	اليمن	14
319	31163404913	عبدالهادى عواد مخلف الفريجى الرويلى	\N	t	11	قطر	14
320	31163405847	على عبدالله حمد عمر الغياثين	\N	t	11	قطر	14
321	30668200185	عوضه سعيد على البريص المرى	\N	t	11	قطر	19
322	31163406372	غيث رضيمان حسين الشلاقى الشمرى	\N	t	11	قطر	14
323	31163400742	فهد على معيض ال غازى الاحبابى	\N	t	11	قطر	15
324	31163403270	مبخوت على جابر النجم المرى	\N	t	11	قطر	14
325	31170600003	محمد ابراهيم موسى يوسف	\N	t	11	الصومال	15
326	31163402212	محمد عامر محمد طفله المرى	\N	t	11	قطر	14
327	31163406832	محمد عويضه بخيت عويضه العذبه	\N	t	11	قطر	14
328	31263400497	محمد معيض حمد عمر الغياثين	\N	t	11	قطر	14
329	31263403185	ناصر حمدان عواد الثنيان الشمرى	\N	t	11	قطر	13
330	31188600183	احمد محضار ثابت احمد منصر	\N	t	12	اليمن	14
331	31088600222	حمد فواد محمد علي صالح	\N	t	12	اليمن	15
332	31163400244	حمد محمد ناصر المفقاعى الهاجرى	\N	t	12	قطر	15
333	31163404032	حمود بدر حمود الفريجى الرويلى	\N	t	12	قطر	14
334	31163403780	سالم فهيد محمد الرويعي الدوسري	\N	t	12	قطر	14
335	30963405325	سعيد زايد غانم الخيارين الهاجري	\N	t	12	قطر	16
336	31188600287	سيف يحيى علي مبارك	\N	t	12	اليمن	14
337	30876000305	صقر خميس الجاسم	\N	t	12	الجمهورية العربية السورية	17
338	31163401198	عبدالعزيز حمد محمد الشراب القرح	\N	t	12	قطر	15
339	31381802020	عبدالله حسانين عطيه محمود اسماعيل	\N	t	12	مصر	12
340	31163405584	عبدالله سعيد بطى ال حسناء المرى	\N	t	12	قطر	14
341	30963406866	عرنان على عرنان الشبيبه الرويلى	\N	t	12	قطر	16
342	31163400698	على خالد على حمد القوز	\N	t	12	قطر	15
343	31181803245	عمار ابراهيم السيد ابراهيم محمد	\N	t	12	مصر	15
344	30668200209	فهاد مرداس محمد الدوسري	\N	t	12	السعودية	19
345	31136800044	فيصل على جاسم محمد شيبو	\N	t	12	العراق	14
346	31063404014	فيصل فالح مبارك المفقاعى الهاجرى	\N	t	12	قطر	15
347	31168200178	فيصل متعب دبي الشلاقي	\N	t	12	السعودية	14
348	31163405523	فيصل مشرف غانم فايز الشمرى	\N	t	12	قطر	14
349	31181800392	كريم احمد متولى الهلالى متولى	\N	t	12	مصر	14
350	30963402418	ماجد سعد عارف الرمالى الشمرى	\N	t	12	قطر	16
351	30768200088	متعب علي احمد الشمري	\N	t	12	السعودية	18
352	31076000592	محمد احمد جفال	\N	t	12	دومينيكا	15
353	31163407182	محمد احمد محيلان نزال الرويلى	\N	t	12	قطر	14
354	31163404656	محمد جابر مبارك الفاران المرى	\N	t	12	قطر	14
355	31168200141	محمد حمود راضى الرويلى	\N	t	12	السعودية	14
356	31163406317	محمد سلطان مهاوش الفريجى الرويلى	\N	t	12	قطر	14
357	31163402734	محمد عبدالرحمن حنيف محمد محمد	\N	t	12	قطر	14
358	31163401438	محمد مبارك محمد راشد القرنيق	\N	t	12	قطر	15
359	31151200277	مروان عيسى علي مسعود الخلاصي	\N	t	12	سلطنة عمان	14
360	30863403808	نمر هزاع مناحى هزاع العنزى	\N	t	12	قطر	17
361	31263407239	يوسف عبدالله جديع الفريجى الرويلى	\N	t	12	قطر	13
362	31163402994	يوسف عبدالله فالح ال تواه الهاجرى	\N	t	12	قطر	15
363	31063401036	احمد خالد احمد الرقيصى الكربى	\N	t	13	قطر	16
364	31181803365	احمد عماد يحيى العبسي نوح	\N	t	13	مصر	14
365	31073600719	اسعد منتصر احمدالطيب الا حمر	\N	t	13	السودان	15
366	31163407455	تركى خالد احمد الرقيصى الكربى	\N	t	13	قطر	14
367	30763404647	تميم مزعل محمد ساكت العنزى	\N	t	13	قطر	18
368	31163406219	جابر حمد على جرحب المرى	\N	t	13	قطر	14
369	31158600466	حمد راشد نور والى	\N	t	13	الباكستان	14
370	30763404722	حمد شجاع منوخ الشلاقى الشمرى	\N	t	13	قطر	18
371	31163404286	حمد عبدالعزيز سعد خليف الشمرى	\N	t	13	قطر	14
372	31163405748	خالد طارق خلف على المحمد	\N	t	13	قطر	14
373	31163405615	راشد عبدالرحمن حمد النهاب المرى	\N	t	13	قطر	14
374	31163405677	راشد عبدالهادى راشد زيد النديله	\N	t	13	قطر	14
375	31151200120	سالم محمد مسعود الرحبي	\N	t	13	سلطنة عمان	14
376	31163406168	سعيد عوض على البريص المرى	\N	t	13	قطر	14
377	31188600079	صالح عبدالحافظ حسين محسن	\N	t	13	اليمن	15
378	31163405413	عايض هادى راشد حباب المظفرى	\N	t	13	قطر	14
379	30888600064	عبدالرحمن عمر محمد احمد اليزيدى	\N	t	13	اليمن	18
380	31063407762	عبدالله جاسم محمد الزقروطى الشمرى	\N	t	13	قطر	15
381	31163402427	عبدالله حامد رحيل الاسلمى الشمرى	\N	t	13	قطر	14
382	31163400921	عبدالله خالد جمال الرمالى الشمرى	\N	t	13	قطر	15
383	31163401689	عبدالله ظافر راشد حباب المظفرى	\N	t	13	قطر	15
384	31163400941	عبدالله نويصر عواد الفريجى الرويلى	\N	t	13	قطر	15
385	31088600733	عمرو سالم محمد البحسني	\N	t	13	اليمن	15
386	31163404081	فالح ابراهيم فالح ال تواه الهاجرى	\N	t	13	قطر	14
387	31163404826	فهد ماضى عبدالله السويدى الشمرى	\N	t	13	قطر	14
388	31163403815	فيصل مسعود محمد ال جفران المرى	\N	t	13	قطر	14
389	31163406040	محمد راشد على الخلوى النعيمى	\N	t	13	قطر	14
390	31158600829	محمد سليمان زاهدرحمن	\N	t	13	الباكستان	14
391	31168200272	محمد عبدالله مسفر الدوسري	\N	t	13	السعودية	14
392	31105000029	محمد محبوب الرحمن عبدالرشيد	\N	t	13	بنغلاديش	15
393	31163402744	مشارى عيد عرنان الشبيبه الرويلى	\N	t	13	قطر	14
394	31063405206	مشعل سعيد مبارك الجربوعى المرى	\N	t	13	قطر	15
395	31136800054	نواف فواز خلف ظبيان مجول	\N	t	13	العراق	14
396	31088600395	علي احمد ناجى حسين حصيان	\N	t	13	اليمن	15
397	31073600347	ابراهيم عبدالعزيز محمد عبدالله عبدالعزيز	\N	t	14	السودان	15
398	30863405904	بخيت سالم بخيت الجربوعى المرى	\N	t	14	قطر	17
399	31058601942	بلال عبدالرحمن	\N	t	14	الباكستان	16
400	30863403798	تركى محمد عواد الثنيان الشمرى	\N	t	14	قطر	17
401	31063403654	تركى مهاوش عياده الوبيرى الشمرى	\N	t	14	قطر	15
402	31063403132	جاسم محمد عايد صبر خلف	\N	t	14	قطر	15
403	30963402107	حمد على مبارك جابر المرى	\N	t	14	قطر	17
404	30763401282	حمد محمود سالم عوض الشمرى	\N	t	14	قطر	19
405	31063404606	حمد ناصر مبارك ال حباب الهاجرى	\N	t	14	قطر	15
406	31068200412	سعد علي راشد المري	\N	t	14	السعودية	15
407	31063402001	شافى على صالح السندوانه المرى	\N	t	14	قطر	15
408	31063403159	طلال ممدوح جبر الحمادى الرويلى	\N	t	14	قطر	15
409	30763406708	عبدالرحمن محمد عبدالرحمن محمد محمد	\N	t	14	قطر	18
410	31163405093	عبدالرحمن محمد عبدالله البريدى المرى	\N	t	14	قطر	14
411	30963405693	عبدالعزيز خلف على محمد المحمد	\N	t	14	قطر	16
412	31076001083	عبدالعزيز علي العلي	\N	t	14	الجمهورية العربية السورية	15
413	31063404799	عبدالكريم مشعل محمد البريكى الشمرى	\N	t	14	قطر	15
414	31036400069	عبدالله مسعود حسين قهوجى	\N	t	14	ايران	16
415	30963401227	عبدالله هاشم مطيف الفريجى الرويلى	\N	t	14	قطر	17
416	30963405340	على راشد منصور الادقم العذبه	\N	t	14	قطر	16
417	31063407518	على مبارك محمد جابر فاران	\N	t	14	قطر	15
418	30988600739	على مهدي علي  باقهيم	\N	t	14	اليمن	16
419	31068200334	علي سالم علي المري	\N	t	14	السعودية	16
420	30976000368	غانم علي العلي	\N	t	14	الجمهورية العربية السورية	16
421	30863402767	فيصل عايد سعود محمد الشمرى	\N	t	14	قطر	17
422	31063405945	فيصل فهد سعود محمد الشمرى	\N	t	14	قطر	15
423	31063402033	مبارك صالح مطر ضابت الدوسرى	\N	t	14	قطر	15
424	31063407761	محمد جاسم محمد الزقروطى الشمرى	\N	t	14	قطر	15
425	30936400248	محمد شيح محمد رئيسى	\N	t	14	ايران	16
426	30968200071	مسفر مهدي علي ال سالم	\N	t	14	السعودية	17
427	31088600168	احمد محمد احمد على العكبرى	\N	t	15	اليمن	15
428	31076000072	احمد ياسر عبود الاحمد	\N	t	15	الجمهورية العربية السورية	16
429	31063407025	جاسم حمد ملحان مناور الشمرى	\N	t	15	قطر	15
430	31063404601	حامد خالد حامد مصول العنزى	\N	t	15	قطر	15
431	30963400503	حمد طالب حمد عايظ الحنزاب	\N	t	15	قطر	17
432	31063402729	حمد فواز عبود صالح الشمرى	\N	t	15	قطر	15
433	30988600347	خالد عوض جبران ناصر الدكدكى	\N	t	15	اليمن	16
434	31063403083	خالد فواز دريدح الرمالى الشمرى	\N	t	15	قطر	15
435	31063406766	خليفه عبدالكريم سويهج الفريجى الرويلى	\N	t	15	قطر	15
436	30863405332	زايد عبدالله ظافر حمد الدوسرى	\N	t	15	قطر	17
437	31063403396	سعود راشد فالح ال تواه الهاجرى	\N	t	15	قطر	15
438	31063401857	سلطان احمد جليل القعيقعى الرويلى	\N	t	15	قطر	15
439	31063402495	صالح ماجد صالح الفريجى الرويلى	\N	t	15	قطر	15
440	31163404869	عادل فواز دريدح الرمالى الشمرى	\N	t	15	قطر	14
441	30968200234	عبدالرحمن مشهور عوض العنزي	\N	t	15	السعودية	16
442	31076000620	عبدالله زيدان المحمود	\N	t	15	الجمهورية العربية السورية	15
443	31063403150	عبدالله سعد سالم محمد النابت	\N	t	15	قطر	15
444	31063403198	عبدالله فايز مناحى سعد الهاجرى	\N	t	15	قطر	15
445	31063405792	عبدالله محمد عبدالله النابت المرى	\N	t	15	قطر	15
446	30976000196	علي محسن الاحمد الجفال	\N	t	15	الجمهورية العربية السورية	16
447	30763403778	عواد حمد عواد الثنيان الشمرى	\N	t	15	قطر	18
448	30963401048	فهد سعود سعد المظفرى الهاجرى	\N	t	15	قطر	17
449	31036800020	فهد ناصر عذال الشمري	\N	t	15	العراق	15
450	31081803715	محمد اسامه عبدالمطلب محمد حسان	\N	t	15	مصر	15
451	31063403148	محمد سالم محمد الزيوح المرى	\N	t	15	قطر	15
452	31036800047	محمد عبدالامير وارث لفته لفته	\N	t	15	العراق	15
453	31063405762	محمد فرج هارون سعيد الحميدانى	\N	t	15	قطر	15
454	31063403229	محمد ناصر بندر الربيعه الشمرى	\N	t	15	قطر	15
455	30963406680	مسفر سعد عبدالله ال سند المسيفرى	\N	t	15	قطر	16
456	31063402024	ناصر سعد ناصر ظافر القحطانى	\N	t	15	قطر	15
457	30940000685	احمد عزام احمد يوسف الزعبى	\N	t	16	الاردن	16
458	31063405227	احمد فهد احمد سعود المقالح	\N	t	16	قطر	15
459	31147800040	احمدو الشافعي	\N	t	16	موريتانيا	15
460	30958602081	امان الله رحمه الله قريشي	\N	t	16	الباكستان	16
461	31063402250	بندر عبيد عبيد الحراجين الدوسري	\N	t	16	قطر	15
462	31063405744	جابر محمد جابر بخيت اليربوعى	\N	t	16	قطر	15
463	31063405854	جاسم ناصر غالب ناصر الدوسرى	\N	t	16	قطر	15
464	30963403433	حمد عبدالله محمد طفله المرى	\N	t	16	قطر	16
465	30763406557	خالد على جابر النجم المرى	\N	t	16	قطر	18
466	31063403587	سعد احمد على الضابت الدوسرى	\N	t	16	قطر	15
467	31063400379	سعد غانم فالح ال تواه الهاجرى	\N	t	16	قطر	16
468	31163401258	سعود عبدالله ظافر حمد الدوسرى	\N	t	16	قطر	15
469	30763402569	سعود فايز غانم فايز الشمرى	\N	t	16	قطر	18
470	30963404790	عادل عايد عياده الشلاقى الشمرى	\N	t	16	قطر	16
471	31063401072	عبدالعزيز محمد ملاش ندو الدخيل	\N	t	16	قطر	16
472	31184000200	عبدالله احمد احمد القضيب	\N	t	16	الولايات المتحدة	14
473	31063406257	عبدالله فيصل جليل القعيقعى الرويلى	\N	t	16	قطر	15
474	30858600076	عبدالله محمد علم محمد يوسف	\N	t	16	الباكستان	18
475	30963401297	على صالح على ال سندوانه المرى	\N	t	16	قطر	17
476	30988600538	فالح ناصر احمد الغياثي	\N	t	16	اليمن	17
477	31063403781	فهد محسن عبدالله ال نديله المرى	\N	t	16	قطر	15
478	31063403831	فهد نايف صالح الفريجى الرويلى	\N	t	16	قطر	15
479	31063403950	فيصل عبدالله جليل القعيقعى الرويلى	\N	t	16	قطر	15
480	31088600630	محمد احمد ناجي حصيان	\N	t	16	اليمن	16
481	31063402362	محمد مبارك مشعى بنجر الدوسرى	\N	t	16	قطر	15
482	31063407311	محمد مسفر عشق ال ظافر الحبابى	\N	t	16	قطر	15
483	31063405365	منصور صالح محسن خالد الكربى	\N	t	16	قطر	15
484	30963405994	نايف ماجد نايف هايس الشمرى	\N	t	16	قطر	16
485	31063407521	نايف يوسف نايف العليانى الشمرى	\N	t	16	قطر	15
486	31068200333	نواف مفرح قفعان الرويلي	\N	t	16	السعودية	16
487	31063400902	نواف ناصر احمد خلف الشمرى	\N	t	16	قطر	16
488	31047800042	الشيخ احمد حمود	\N	t	17	موريتانيا	16
489	31063404868	بطى سيف محمد الجفالى النعيمى	\N	t	17	قطر	15
490	30988600204	تميم احمد ناجى حسين حصيان	\N	t	17	اليمن	16
491	31063403277	جابر حنيف على محمد محمد	\N	t	17	قطر	15
492	31063401138	حسن صالح حسن محمد الكربى	\N	t	17	قطر	16
493	31063405965	خالد نفل تركي الساعي الهاجري	\N	t	17	قطر	15
494	31063407196	سعود عبدالعزيز احمد ابراهيم الهيشان	\N	t	17	قطر	15
495	31040000801	سعود علا ءالدين احمد الخالدي	\N	t	17	الاردن	15
496	31088600289	عبدالرحمن عبدالقادر عبده محسن حيدره	\N	t	17	اليمن	15
497	31088600031	عبدالرحمن محمد ناجي أحمد الجعل	\N	t	17	اليمن	16
498	30988600309	عبدالرحمن ملهم عمر بكر احمد	\N	t	17	اليمن	16
499	31163403884	عبدالعزيز سعود على مبارك الفراج	\N	t	17	قطر	14
500	31063404417	عبدالله مسفر حسن محمد الكربى	\N	t	17	قطر	15
501	30863403683	على عويضه بخيت عويضه العذبه	\N	t	17	قطر	17
502	31040001714	عمر محمود عبد القادر علي	\N	t	17	الاردن	15
503	30963406654	مبارك سعيد مبارك الفاران المرى	\N	t	17	قطر	16
504	30981801804	محمد أحمد عثمان عبدالحليم	\N	t	17	مصر	16
505	31088600253	محمد حمود محمد علي اليزيدي	\N	t	17	اليمن	15
506	30981804752	محمد عبدالمجيد محمود محمد بحر	\N	t	17	مصر	16
507	30936800026	محمد على جاسم محمد شيبو	\N	t	17	العراق	16
508	31081804418	محمد ياسر سعد ياسين	\N	t	17	مصر	16
509	30888600369	مشعل عبدالله احمد صالح عاطف	\N	t	17	اليمن	17
510	31063402002	ناصر جمال عتاب جفال فراج	\N	t	17	قطر	15
511	31063403261	نايف محمد على انديله المرى	\N	t	17	قطر	15
512	31063407834	هادى على راشد الكدادى الهاجرى	\N	t	17	قطر	15
513	31063402564	وادى عبدالعزيز وادى مسرهد الشمرى	\N	t	17	قطر	15
514	30981803835	ياسين محمد سليمان محمد سليمان	\N	t	17	مصر	16
515	31081803481	يوسف محمد سعيد يسين	\N	t	17	مصر	16
516	30963404454	احمد سلطان جليل القعيقعى الرويلى	\N	t	18	قطر	16
517	30888600397	أحمد ناجي علي محمد الجعل	\N	t	18	اليمن	17
518	30958600286	جاسم انورشاه ظواهرشاه	\N	t	18	الباكستان	17
519	30951200169	حمد سالم جمعه سالم الراجحي	\N	t	18	سلطنة عمان	16
520	30840000723	حمد سامر عبدالعزيز العتيبي	\N	t	18	الاردن	17
521	30968200191	حمد محمد حمد الجهني	\N	t	18	السعودية	16
522	30988600261	حمد محمد حيدر حسن الريمى	\N	t	18	اليمن	16
523	30963401380	حنيف عبدالرحمن حنيف محمد محمد	\N	t	18	قطر	17
524	30988600056	خالد محمد على اليزيدى	\N	t	18	اليمن	17
525	30976000349	سامي غازى اسعد الحمد	\N	t	18	الجمهورية العربية السورية	16
527	30981805479	صلاح حمدى صلاح حسن امين	\N	t	18	مصر	17
528	30981801179	عاصم حماده ابوشكر غزالى نزلاوى	\N	t	18	مصر	16
529	30963404594	عبدالرحمن نويصر عواد الفريجى الرويلى	\N	t	18	قطر	16
530	31081800793	عبدالعزيز احمد عبدالعزيز جامع مرسى	\N	t	18	مصر	15
531	30976000082	عبدالعزيز ناصر الخلف	\N	t	18	الجمهورية العربية السورية	17
532	30970600059	عبدالله احمد ابشر	\N	t	18	الصومال	16
533	30988600266	عبدالله محمد احمد صالح صالح	\N	t	18	اليمن	16
534	30963403547	على جابر على محمد محمد	\N	t	18	قطر	16
535	30973600490	عمر حسن على حسن كمبال	\N	t	18	السودان	16
536	30981802798	فاروق مجدى فاروق حامد احمد	\N	t	18	مصر	17
537	30870600069	محمد احمد ابشر	\N	t	18	الصومال	18
538	30988600276	محمد حسن سالم محمد سالم	\N	t	18	اليمن	16
539	30973600452	محمد عاصم محمد ابراهيم محمد	\N	t	18	السودان	16
540	30988600504	محمد على محمد البعدانى	\N	t	18	اليمن	17
541	30976000701	محمد عليان العبد	\N	t	18	الجمهورية العربية السورية	17
542	30936400175	محمد عمر كدخدائى	\N	t	18	ايران	16
543	30981805623	محمد محمود محمد امبابى حمد	\N	t	18	مصر	16
544	30881804438	محمود فوزى عبدالستار عبدالـلاه	\N	t	18	مصر	17
545	31163400485	نواف خالد العيدى الفريجى الرويلى	\N	t	18	قطر	15
546	30963405048	يوسف هديرس مناحى البريكى الشمرى	\N	t	18	قطر	16
547	30688600753	احمد معين احمد احمد مثنى	\N	t	19	اليمن	19
548	30858600638	اسماعيل تكميل شاه محمد اسماعيل	\N	t	19	الباكستان	17
549	30951200150	بدر عبيد مبارك المنورى	\N	t	19	سلطنة عمان	16
550	30963401981	جابر شينان عبدالله البريدى المرى	\N	t	19	قطر	16
551	31063400497	راشد عبدالله راشد زيد النديله	\N	t	19	قطر	16
552	30663406905	سالم صالح راشد الغفرانى المرى	\N	t	19	قطر	19
553	30978400044	سعد ناصر سعد صالح الهاجري	\N	t	19	الامارات العربية المتحدة	17
554	30963404112	سعود على عماش هزاع الشمرى	\N	t	19	قطر	16
555	30963406879	سلطان حمدان عواد الثنيان الشمرى	\N	t	19	قطر	16
556	30658601711	سميع الله عبدالرحمن	\N	t	19	الباكستان	19
557	30835600053	صالح سعيد عبدالرحيم مسلم	\N	t	19	اليمن	18
558	30163405164	عبدالعزيز ظاهر فهد مخلف الشمرى	\N	t	19	قطر	24
559	30968200352	عبدالعزيز عبدالله لافي الفريجي الرويلي	\N	t	19	السعودية	16
560	30963402276	عبدالعزيز عيد دواس السويدى الشمرى	\N	t	19	قطر	16
561	30963400165	عبدالعزيز هايل محيلان نزال الرويلى	\N	t	19	قطر	17
562	30863407470	عبدالله محمد شاكى الريشانى الرويلى	\N	t	19	قطر	17
563	30963404184	عجيان محمد ظافر ال حثيث الاحبابى	\N	t	19	قطر	16
564	30863401120	عمر محمد على السعدي اليافعي	\N	t	19	قطر	18
565	30963401761	فهد حمد عواد الثنيان الشمرى	\N	t	19	قطر	17
566	30963406606	فهد عبدالكريم سويهج الفريجى الرويلى	\N	t	19	قطر	16
567	30840000887	فهد فايز موسى سند العون	\N	t	19	الاردن	17
568	30863406872	مبارك سعيد مبارك الجربوعى المرى	\N	t	19	قطر	17
569	30658601291	محسن خميس	\N	t	19	الباكستان	19
570	30863406226	محمد صالح مبارك الفاران المرى	\N	t	19	قطر	17
571	30963402216	محمد على محمد جابر فاران	\N	t	19	قطر	17
572	30963406334	محمد على هادى ال حباب الهاجرى	\N	t	19	قطر	16
573	30868200163	مشعل فهد هادي الجهبان	\N	t	19	السعودية	17
574	30963400384	منصور مسفر عشق ال ظافر الحبابى	\N	t	19	قطر	17
575	30888600360	يوسف عبدالله على اليافعى	\N	t	19	اليمن	17
576	30976000330	بدر احمد اسود فدعوس	\N	t	20	الجمهورية العربية السورية	16
577	30963402478	تركى عبدالعزيز سعد خليف الشمرى	\N	t	20	قطر	16
578	30763406726	جابر مبارك محمد جابر فاران	\N	t	20	قطر	18
579	30763400700	جاسم سعود مهاوش الفريجى الرويلى	\N	t	20	قطر	19
580	30963402054	حمد محمد متعب المنخس المرى	\N	t	20	قطر	16
581	30963405221	سالم معيض حمد عمر الغياثين	\N	t	20	قطر	16
582	30658600239	سحيم عبدالحميد عبدالنبى	\N	t	20	الباكستان	20
583	30963406803	سعد محمد منصور سعد الدوسرى	\N	t	20	قطر	16
584	30963405372	سعود شاهر سعود النماصى الشمرى	\N	t	20	قطر	16
585	30363404307	سعود فيصل سعود محمد الشمرى	\N	t	20	قطر	22
586	30673600617	عبدالعزيز ادم بلال حماد رحيمة	\N	t	20	السودان	19
587	30963400358	عبدالله فالح سعيد المفقاعى الهاجرى	\N	t	20	قطر	17
588	30988600197	عبدالله قاسم ابوبكر صالح العمرى	\N	t	20	اليمن	16
589	31063400988	عبدالله محمد ظافر حمد الدوسرى	\N	t	20	قطر	16
590	30963404632	عبدالله نايف منوخ الشلاقى الشمرى	\N	t	20	قطر	16
591	30963404268	عبدالهادى محمد ناصر ظافر القحطانى	\N	t	20	قطر	16
592	30763406741	فرج محمد فرج محمد النابت	\N	t	20	قطر	18
593	30968200104	فيصل تركي حمد الجهني	\N	t	20	السعودية	16
594	30963406907	فيصل سالم محمد النابت المرى	\N	t	20	قطر	16
595	30563406587	مبارك على سفر عبيد الهاجرى	\N	t	20	قطر	20
596	30458601573	محمد ساحل نعيم خان	\N	t	20	الباكستان	22
597	30888600257	محمد صالح احمد محسن علوي	\N	t	20	اليمن	17
598	30963400775	محمد صالح عبود صالح الشمرى	\N	t	20	قطر	17
599	30988600174	محمد علي حسن صالح الكربي	\N	t	20	اليمن	16
600	30963405797	محمد فهد سعد البرازى السهلى	\N	t	20	قطر	16
601	30776000012	محمدياسر بسام محمد اياسو	\N	t	20	الجمهورية العربية السورية	19
602	30963406506	ناصر عبدالله جمال الرمالى الشمرى	\N	t	20	قطر	16
603	30558601688	نعمان الله رحمه الله قريشي	\N	t	20	الباكستان	20
604	30963403579	نواف محمد زايد القعقاع الرويلى	\N	t	20	قطر	16
606	30963400023	راكان عامر سعد المظفرى الهاجرى	\N	t	21	قطر	17
607	30963404251	سالم سعيد محمد الزيوح المرى	\N	t	21	قطر	16
609	30863404937	ظافر عبدالله ظافر حمد الدوسرى	\N	t	21	قطر	17
611	30963404918	مبارك سالم هادى محمد الهاجرى	\N	t	21	قطر	16
612	30963405406	مساعد حمود جبر الحمادى الرويلى	\N	t	21	قطر	16
613	30763403818	ناصر سعيد سالم محمد البلوشى	\N	t	21	قطر	18
614	30781803211	ابراهيم ايهاب بدير السيد غازى	\N	t	22	مصر	18
615	30781801706	احمد صلاح عثمان عبدالحليم احمد	\N	t	22	مصر	18
616	30863405258	تميم حمد محمد الشراب القرح	\N	t	22	قطر	17
617	30863403393	تميم خالد صالح حمد القحطانى	\N	t	22	قطر	17
618	30836800030	جاسم على جاسم	\N	t	22	العراق	17
619	30763403977	جاسم نواف هايل نازل العنزى	\N	t	22	قطر	18
620	30788600632	جبران صالح ناصر محسن سريب	\N	t	22	اليمن	18
621	30363403746	حمود ياسر حمود سبيح هديب	\N	t	22	قطر	22
622	30881804244	سعد ياسر سعد يس	\N	t	22	مصر	17
623	30868200133	سلطان بدر عوده الرويلي	\N	t	22	السعودية	17
624	30876000263	سلمان غازى الحمد	\N	t	22	الجمهورية العربية السورية	17
608	30963405033	سعود خالد جليل القعيقعى الرويلى	\N	t	19	قطر	16
610	30951200068	عبدالله محمد مسعود الرحبي	\N	t	20	سلطنة عمان	16
625	30876000309	صدام نافع الطوفى التركى	\N	t	22	الجمهورية العربية السورية	17
626	30863401101	صقر ماجد صالح حمد القحطانى	\N	t	22	قطر	18
627	30881800680	عبدالرحمن حماده ابوشكر غزالى نزلاوى	\N	t	22	مصر	17
628	30763403264	عبدالكريم نايف محسن القاسمى الظفيرى	\N	t	22	قطر	18
629	30888600157	عبدالله عادل عبدالله فتحى النجار	\N	t	22	اليمن	17
630	30981800131	عثمان صلاح عثمان عبدالحليم احمد	\N	t	22	مصر	17
631	30873600281	عمر مجدى محمد على	\N	t	22	السودان	17
632	30963407480	فرج مسفر حسن محمد الكربى	\N	t	22	قطر	16
633	30888600025	فهد حسن سالم محمد سالم	\N	t	22	اليمن	18
634	30868200300	فيصل مفرح قفعان الرويلي	\N	t	22	السعودية	17
635	30876000283	كنان رضوان البرغش	\N	t	22	الجمهورية العربية السورية	17
636	30881800599	محمد احمد عبدالعزيز جامع مرسى	\N	t	22	مصر	17
637	30881802867	محمد اسامه مصطفى عنتر محمد	\N	t	22	مصر	17
638	30835603529	محمد انصاري	\N	t	22	الهند	17
639	30773600586	محمد عبدالله سيداحمد البشير المكى	\N	t	22	السودان	18
640	30758601716	محمد يوسف نعيم خان	\N	t	22	الباكستان	19
641	30981803510	محمود عماد يحيى محمد نوح	\N	t	22	مصر	16
642	30876000244	مشاري احمد يوسف العون	\N	t	22	الجمهورية العربية السورية	17
643	30840001687	معتز عمر ممدوح عبيدات	\N	t	22	الاردن	17
644	30863407026	ناصر محمد سالم السنيدى النعيمى	\N	t	22	قطر	17
645	30863406705	نواف طلال نايف سالم الشمرى	\N	t	22	قطر	17
646	30781803008	يوسف شعبان محمد اسماعيل	\N	t	22	مصر	18
647	30351200101	احمد سيف محمد الرواحى	\N	t	23	سلطنة عمان	23
648	30476000261	احمد محسن الاحمد الجفال	\N	t	23	الجمهورية العربية السورية	21
649	30863407355	احمد يوسف نايف العليانى الشمرى	\N	t	23	قطر	17
650	30658600371	ايمن عبدالمنان حاجي محمد عمر	\N	t	23	الباكستان	20
651	30863406097	بطى سعيد بطى ال حسناء المرى	\N	t	23	قطر	17
652	30858600619	تميم عبدالحميد عبدالنبى	\N	t	23	الباكستان	17
653	30863404306	جابر على جابر فاران اليربوعى	\N	t	23	قطر	17
654	30863403663	حمد معيض حمد عمر الغياثين	\N	t	23	قطر	17
655	30863407353	خالد محمد جديع الفريجى الرويلى	\N	t	23	قطر	17
656	30863400505	خليف عبدالعزيز سعد خليف الشمرى	\N	t	23	قطر	18
657	30863401564	سالم مسفر سالم سعيد الحديد	\N	t	23	قطر	18
658	30763403655	سعد مسفر محمد بنجر الدوسرى	\N	t	23	قطر	18
659	30863403253	سعود محمد ناصر المفقاعى الهاجرى	\N	t	23	قطر	17
660	30763405186	سعيد على صالح السندوانه المرى	\N	t	23	قطر	18
661	30676000311	سلمان زيدان حميد ناصر	\N	t	23	الجمهورية العربية السورية	19
662	30863406852	عبدالرحمن راشد ناصر ال حباب الهاجرى	\N	t	23	قطر	17
663	30863400614	عبدالعزيز فواز عبود صالح الشمرى	\N	t	23	قطر	18
664	30763405185	عبدالله على صالح السندوانه المرى	\N	t	23	قطر	18
665	30888600307	علي عبدالعزيز على حسين محمد	\N	t	23	اليمن	17
666	30876000108	غانم عمار حماده الحوكه	\N	t	23	الجمهورية العربية السورية	17
667	30863407637	فالح فهد عبدالله ال دواس الدوسرى	\N	t	23	قطر	17
668	30863406215	فايز فيصل غانم فايز الشمرى	\N	t	23	قطر	17
669	30863401895	فهد محمد ملحان مناور الشمرى	\N	t	23	قطر	18
670	30863406149	مالك فهد مهاوش الوبيرى الشمرى	\N	t	23	قطر	17
671	30763403814	مبارك هديرس مناحى البريكى الشمرى	\N	t	23	قطر	18
672	30863407007	محمد بنجر محمد بنجر الدوسرى	\N	t	23	قطر	17
673	30863402123	محمد غالب عايد دعيبل الرويلى	\N	t	23	قطر	17
674	30663406540	محمد نايف منوخ الشلاقى الشمرى	\N	t	23	قطر	19
675	30863404331	ناصر عبدالرحمن ناصر ال حباب الهاجرى	\N	t	23	قطر	17
676	30768200003	ناصر موافق فندي الفريجي الرويلي	\N	t	23	السعودية	19
677	30851200006	هزاع غريب زايد ال عبدالسلام	\N	t	23	سلطنة عمان	18
678	30781803009	اسماعيل شعبان محمد اسماعيل	\N	t	24	مصر	18
679	30963405782	بخيت عبدالله بخيت سالم المرى	\N	t	24	قطر	16
680	30740001467	بشير هلال حسين المشاقبه	\N	t	24	الاردن	18
681	30863402430	تركى فالح كتيم الشلاقى الشمرى	\N	t	24	قطر	17
682	30863401060	تميم حمد عقاب الرمالى الشمرى	\N	t	24	قطر	18
683	30663402410	جابر صالح جابر التمتام الغياثين	\N	t	24	قطر	19
684	30763407129	جديع عبدالله جديع الفريجى الرويلى	\N	t	24	قطر	18
685	30763406729	حمد محمد على انديله المرى	\N	t	24	قطر	18
686	30676000150	حمد محمود سليمان الجميل الشمري	\N	t	24	الجمهورية العربية السورية	19
687	30963406184	خالد غانم دايل ال دواس الدوسرى	\N	t	24	قطر	16
688	30863407314	راشد محمد سلطان الضابت الدوسرى	\N	t	24	قطر	17
689	30805000021	روح الامين حافظ دلوار حسين عبدالكريم	\N	t	24	بنغلاديش	18
690	30863402730	سلطان سالم عبدالله شلاش الزكروطى	\N	t	24	قطر	17
691	30688600765	صالح مهدي علي  باقهيم	\N	t	24	اليمن	19
692	30863404824	عبدالرحمن على راشد نعيران المرى	\N	t	24	قطر	17
693	30663406287	عبدالعزيز محمد شاكى الريشانى الرويلى	\N	t	24	قطر	19
694	30473600457	عبدالله ادم بلال حماد رحيمة	\N	t	24	السودان	21
695	30805000185	عبدالمنان عبدالباسط مناف	\N	t	24	بنغلاديش	17
696	30863405846	عبدالهادى فالح مبارك المفقاعى الهاجرى	\N	t	24	قطر	17
697	30863400017	على عبدالله بخيت سالم المرى	\N	t	24	قطر	18
698	30563406585	على عوض على البريص المرى	\N	t	24	قطر	20
699	30863400554	عواد حمدان عواد الثنيان الشمرى	\N	t	24	قطر	18
700	30868200233	فارس مشهور عوض العنزي	\N	t	24	السعودية	18
701	30588600641	مبارك علي مبخوت مبارك	\N	t	24	اليمن	21
702	30663406643	محسن على محسن محمد انديله	\N	t	24	قطر	19
703	30863402607	محمد حمد محمد النابت المرى	\N	t	24	قطر	17
704	30863404496	محمد حمود فالح معيصر الرويلى	\N	t	24	قطر	17
705	30863400388	محمد عبدالله الاسمر الفريجى الرويلى	\N	t	24	قطر	18
706	30863404880	محمد غانم محمد هادى الهاجرى	\N	t	24	قطر	17
707	30863401230	محمد فهيد محمد الرويعي الدوسري	\N	t	24	قطر	18
708	30636400173	يوسف عمر كدخدائي	\N	t	24	ايران	19
709	30463406376	احمد ناصر عبدالله جاسم المريخى	\N	t	25	قطر	21
710	30863400246	بندر محمد صالح الفريجى الرويلى	\N	t	25	قطر	18
711	30263400445	تميم سلطان حسين فرحان الشمرى	\N	t	25	قطر	24
712	30768200129	تميم مهدي علي ال سالم	\N	t	25	السعودية	19
713	30863400985	حمد على معيض على الغياثين	\N	t	25	قطر	18
714	30763404458	خالد فلاح صالح الفريجى الرويلى	\N	t	25	قطر	18
715	30788600196	راشد خالد حسين صالح القاضى	\N	t	25	اليمن	18
716	30536400413	رضا قاسم رئيسي	\N	t	25	ايران	20
717	30863402750	سالم المجمول سالم المجمول الدوسرى	\N	t	25	قطر	17
718	30863402815	سالم سيف سالم المجمول الدوسرى	\N	t	25	قطر	17
719	30663400033	سالم مشرف غانم فايز الشمرى	\N	t	25	قطر	20
720	30363400737	سعد سعود سعد المظفرى الهاجرى	\N	t	25	قطر	23
721	30863403850	سعود محمد عبدالله الطوال الدوسرى	\N	t	25	قطر	17
722	30763406494	سعيد جابر على الجحيش المرى	\N	t	25	قطر	18
723	30863406660	ضارى محمد ملاش ندو الدخيل	\N	t	25	قطر	17
724	30770600005	عبدالعزيز ابراهيم موسى يوسف	\N	t	25	الصومال	19
725	30363404807	عبدالعزيز رويكى غربان القعيقعى الرويلى	\N	t	25	قطر	22
726	30863401843	عبدالله فواز عبدالله مقبل الشمرى	\N	t	25	قطر	17
727	30863405324	عبدالله محمد عبدالله حمد المرى	\N	t	25	قطر	17
728	30863407033	عبدالهادى سالم حمد سالم العذبه	\N	t	25	قطر	17
729	30663402146	غانم محمد غانم الخيارين الهاجري	\N	t	25	قطر	20
730	30863407393	فهد ناصر مبارك ال حباب الهاجرى	\N	t	25	قطر	17
731	30863403572	فيصل مناحى سعود محمد الشمرى	\N	t	25	قطر	17
732	30863405443	مبارك فهد مبارك ال حباب الهاجرى	\N	t	25	قطر	17
733	30863401772	متعب محمد متعب المنخس المرى	\N	t	25	قطر	18
734	30563405651	محمد راشد عبدالله ابوشلنتحه المرى	\N	t	25	قطر	20
735	30863401353	محمد راشد محمد الجفالى النعيمى	\N	t	25	قطر	18
736	30863406838	محمد عبدالله محيلان نزال الرويلى	\N	t	25	قطر	17
737	30863401731	ناصر راشد محمد ناصر لخن	\N	t	25	قطر	18
738	30863401014	ناصر فالح ظافر المفقاعى الهاجرى	\N	t	25	قطر	18
739	30668200160	هادي فهد هادي الجهبان	\N	t	25	السعودية	19
740	30776000177	حمد على حميد	\N	t	22	الجمهورية العربية السورية	19
741	30776000694	حيدر عبدالحميد الخلف الابراهيم	\N	t	22	الجمهورية العربية السورية	18
742	30763407409	محمد على حمد سالم الكربى	\N	t	25	قطر	18
605	30999900026	حمد محمد فاروق محمد غراب	\N	t	20	فلسطين	17
526	30963405269	سعود صالح طه حنطه الشاميه	\N	t	21	قطر	16
\.


--
-- Name: auth_group_id_seq; Type: SEQUENCE SET; Schema: public; Owner: -
--

SELECT pg_catalog.setval('public.auth_group_id_seq', 5, true);


--
-- Name: auth_group_permissions_id_seq; Type: SEQUENCE SET; Schema: public; Owner: -
--

SELECT pg_catalog.setval('public.auth_group_permissions_id_seq', 59, true);


--
-- Name: auth_permission_id_seq; Type: SEQUENCE SET; Schema: public; Owner: -
--

SELECT pg_catalog.setval('public.auth_permission_id_seq', 36, true);


--
-- Name: auth_user_groups_id_seq; Type: SEQUENCE SET; Schema: public; Owner: -
--

SELECT pg_catalog.setval('public.auth_user_groups_id_seq', 4, true);


--
-- Name: auth_user_id_seq; Type: SEQUENCE SET; Schema: public; Owner: -
--

SELECT pg_catalog.setval('public.auth_user_id_seq', 1, true);


--
-- Name: auth_user_user_permissions_id_seq; Type: SEQUENCE SET; Schema: public; Owner: -
--

SELECT pg_catalog.setval('public.auth_user_user_permissions_id_seq', 36, true);


--
-- Name: django_admin_log_id_seq; Type: SEQUENCE SET; Schema: public; Owner: -
--

SELECT pg_catalog.setval('public.django_admin_log_id_seq', 173, true);


--
-- Name: django_content_type_id_seq; Type: SEQUENCE SET; Schema: public; Owner: -
--

SELECT pg_catalog.setval('public.django_content_type_id_seq', 9, true);


--
-- Name: django_migrations_id_seq; Type: SEQUENCE SET; Schema: public; Owner: -
--

SELECT pg_catalog.setval('public.django_migrations_id_seq', 21, true);


--
-- Name: school_class_id_seq; Type: SEQUENCE SET; Schema: public; Owner: -
--

SELECT pg_catalog.setval('public.school_class_id_seq', 25, true);


--
-- Name: school_staff_id_seq; Type: SEQUENCE SET; Schema: public; Owner: -
--

SELECT pg_catalog.setval('public.school_staff_id_seq', 126, true);


--
-- Name: school_student_id_seq; Type: SEQUENCE SET; Schema: public; Owner: -
--

SELECT pg_catalog.setval('public.school_student_id_seq', 742, true);


--
-- Name: auth_group auth_group_name_key; Type: CONSTRAINT; Schema: public; Owner: -
--

ALTER TABLE ONLY public.auth_group
    ADD CONSTRAINT auth_group_name_key UNIQUE (name);


--
-- Name: auth_group_permissions auth_group_permissions_group_id_permission_id_0cd325b0_uniq; Type: CONSTRAINT; Schema: public; Owner: -
--

ALTER TABLE ONLY public.auth_group_permissions
    ADD CONSTRAINT auth_group_permissions_group_id_permission_id_0cd325b0_uniq UNIQUE (group_id, permission_id);


--
-- Name: auth_group_permissions auth_group_permissions_pkey; Type: CONSTRAINT; Schema: public; Owner: -
--

ALTER TABLE ONLY public.auth_group_permissions
    ADD CONSTRAINT auth_group_permissions_pkey PRIMARY KEY (id);


--
-- Name: auth_group auth_group_pkey; Type: CONSTRAINT; Schema: public; Owner: -
--

ALTER TABLE ONLY public.auth_group
    ADD CONSTRAINT auth_group_pkey PRIMARY KEY (id);


--
-- Name: auth_permission auth_permission_content_type_id_codename_01ab375a_uniq; Type: CONSTRAINT; Schema: public; Owner: -
--

ALTER TABLE ONLY public.auth_permission
    ADD CONSTRAINT auth_permission_content_type_id_codename_01ab375a_uniq UNIQUE (content_type_id, codename);


--
-- Name: auth_permission auth_permission_pkey; Type: CONSTRAINT; Schema: public; Owner: -
--

ALTER TABLE ONLY public.auth_permission
    ADD CONSTRAINT auth_permission_pkey PRIMARY KEY (id);


--
-- Name: auth_user_groups auth_user_groups_pkey; Type: CONSTRAINT; Schema: public; Owner: -
--

ALTER TABLE ONLY public.auth_user_groups
    ADD CONSTRAINT auth_user_groups_pkey PRIMARY KEY (id);


--
-- Name: auth_user_groups auth_user_groups_user_id_group_id_94350c0c_uniq; Type: CONSTRAINT; Schema: public; Owner: -
--

ALTER TABLE ONLY public.auth_user_groups
    ADD CONSTRAINT auth_user_groups_user_id_group_id_94350c0c_uniq UNIQUE (user_id, group_id);


--
-- Name: auth_user auth_user_pkey; Type: CONSTRAINT; Schema: public; Owner: -
--

ALTER TABLE ONLY public.auth_user
    ADD CONSTRAINT auth_user_pkey PRIMARY KEY (id);


--
-- Name: auth_user_user_permissions auth_user_user_permissions_pkey; Type: CONSTRAINT; Schema: public; Owner: -
--

ALTER TABLE ONLY public.auth_user_user_permissions
    ADD CONSTRAINT auth_user_user_permissions_pkey PRIMARY KEY (id);


--
-- Name: auth_user_user_permissions auth_user_user_permissions_user_id_permission_id_14a6b632_uniq; Type: CONSTRAINT; Schema: public; Owner: -
--

ALTER TABLE ONLY public.auth_user_user_permissions
    ADD CONSTRAINT auth_user_user_permissions_user_id_permission_id_14a6b632_uniq UNIQUE (user_id, permission_id);


--
-- Name: auth_user auth_user_username_key; Type: CONSTRAINT; Schema: public; Owner: -
--

ALTER TABLE ONLY public.auth_user
    ADD CONSTRAINT auth_user_username_key UNIQUE (username);


--
-- Name: django_admin_log django_admin_log_pkey; Type: CONSTRAINT; Schema: public; Owner: -
--

ALTER TABLE ONLY public.django_admin_log
    ADD CONSTRAINT django_admin_log_pkey PRIMARY KEY (id);


--
-- Name: django_content_type django_content_type_app_label_model_76bd3d3b_uniq; Type: CONSTRAINT; Schema: public; Owner: -
--

ALTER TABLE ONLY public.django_content_type
    ADD CONSTRAINT django_content_type_app_label_model_76bd3d3b_uniq UNIQUE (app_label, model);


--
-- Name: django_content_type django_content_type_pkey; Type: CONSTRAINT; Schema: public; Owner: -
--

ALTER TABLE ONLY public.django_content_type
    ADD CONSTRAINT django_content_type_pkey PRIMARY KEY (id);


--
-- Name: django_migrations django_migrations_pkey; Type: CONSTRAINT; Schema: public; Owner: -
--

ALTER TABLE ONLY public.django_migrations
    ADD CONSTRAINT django_migrations_pkey PRIMARY KEY (id);


--
-- Name: django_session django_session_pkey; Type: CONSTRAINT; Schema: public; Owner: -
--

ALTER TABLE ONLY public.django_session
    ADD CONSTRAINT django_session_pkey PRIMARY KEY (session_key);


--
-- Name: school_class school_class_name_key; Type: CONSTRAINT; Schema: public; Owner: -
--

ALTER TABLE ONLY public.school_class
    ADD CONSTRAINT school_class_name_key UNIQUE (name);


--
-- Name: school_class school_class_pkey; Type: CONSTRAINT; Schema: public; Owner: -
--

ALTER TABLE ONLY public.school_class
    ADD CONSTRAINT school_class_pkey PRIMARY KEY (id);


--
-- Name: school_staff school_staff_pkey; Type: CONSTRAINT; Schema: public; Owner: -
--

ALTER TABLE ONLY public.school_staff
    ADD CONSTRAINT school_staff_pkey PRIMARY KEY (id);


--
-- Name: school_staff school_staff_user_id_key; Type: CONSTRAINT; Schema: public; Owner: -
--

ALTER TABLE ONLY public.school_staff
    ADD CONSTRAINT school_staff_user_id_key UNIQUE (user_id);


--
-- Name: school_student school_student_pkey; Type: CONSTRAINT; Schema: public; Owner: -
--

ALTER TABLE ONLY public.school_student
    ADD CONSTRAINT school_student_pkey PRIMARY KEY (id);


--
-- Name: school_student school_student_sid_key; Type: CONSTRAINT; Schema: public; Owner: -
--

ALTER TABLE ONLY public.school_student
    ADD CONSTRAINT school_student_sid_key UNIQUE (sid);


--
-- Name: auth_group_name_a6ea08ec_like; Type: INDEX; Schema: public; Owner: -
--

CREATE INDEX auth_group_name_a6ea08ec_like ON public.auth_group USING btree (name varchar_pattern_ops);


--
-- Name: auth_group_permissions_group_id_b120cbf9; Type: INDEX; Schema: public; Owner: -
--

CREATE INDEX auth_group_permissions_group_id_b120cbf9 ON public.auth_group_permissions USING btree (group_id);


--
-- Name: auth_group_permissions_permission_id_84c5c92e; Type: INDEX; Schema: public; Owner: -
--

CREATE INDEX auth_group_permissions_permission_id_84c5c92e ON public.auth_group_permissions USING btree (permission_id);


--
-- Name: auth_permission_content_type_id_2f476e4b; Type: INDEX; Schema: public; Owner: -
--

CREATE INDEX auth_permission_content_type_id_2f476e4b ON public.auth_permission USING btree (content_type_id);


--
-- Name: auth_user_groups_group_id_97559544; Type: INDEX; Schema: public; Owner: -
--

CREATE INDEX auth_user_groups_group_id_97559544 ON public.auth_user_groups USING btree (group_id);


--
-- Name: auth_user_groups_user_id_6a12ed8b; Type: INDEX; Schema: public; Owner: -
--

CREATE INDEX auth_user_groups_user_id_6a12ed8b ON public.auth_user_groups USING btree (user_id);


--
-- Name: auth_user_user_permissions_permission_id_1fbb5f2c; Type: INDEX; Schema: public; Owner: -
--

CREATE INDEX auth_user_user_permissions_permission_id_1fbb5f2c ON public.auth_user_user_permissions USING btree (permission_id);


--
-- Name: auth_user_user_permissions_user_id_a95ead1b; Type: INDEX; Schema: public; Owner: -
--

CREATE INDEX auth_user_user_permissions_user_id_a95ead1b ON public.auth_user_user_permissions USING btree (user_id);


--
-- Name: auth_user_username_6821ab7c_like; Type: INDEX; Schema: public; Owner: -
--

CREATE INDEX auth_user_username_6821ab7c_like ON public.auth_user USING btree (username varchar_pattern_ops);


--
-- Name: django_admin_log_content_type_id_c4bce8eb; Type: INDEX; Schema: public; Owner: -
--

CREATE INDEX django_admin_log_content_type_id_c4bce8eb ON public.django_admin_log USING btree (content_type_id);


--
-- Name: django_admin_log_user_id_c564eba6; Type: INDEX; Schema: public; Owner: -
--

CREATE INDEX django_admin_log_user_id_c564eba6 ON public.django_admin_log USING btree (user_id);


--
-- Name: django_session_expire_date_a5c62663; Type: INDEX; Schema: public; Owner: -
--

CREATE INDEX django_session_expire_date_a5c62663 ON public.django_session USING btree (expire_date);


--
-- Name: django_session_session_key_c0390e0f_like; Type: INDEX; Schema: public; Owner: -
--

CREATE INDEX django_session_session_key_c0390e0f_like ON public.django_session USING btree (session_key varchar_pattern_ops);


--
-- Name: school_class_name_2724d0d3_like; Type: INDEX; Schema: public; Owner: -
--

CREATE INDEX school_class_name_2724d0d3_like ON public.school_class USING btree (name varchar_pattern_ops);


--
-- Name: school_student_class_fk_id_b0bd5678; Type: INDEX; Schema: public; Owner: -
--

CREATE INDEX school_student_class_fk_id_b0bd5678 ON public.school_student USING btree (class_fk_id);


--
-- Name: school_student_sid_a12e7abd_like; Type: INDEX; Schema: public; Owner: -
--

CREATE INDEX school_student_sid_a12e7abd_like ON public.school_student USING btree (sid varchar_pattern_ops);


--
-- Name: auth_group_permissions auth_group_permissio_permission_id_84c5c92e_fk_auth_perm; Type: FK CONSTRAINT; Schema: public; Owner: -
--

ALTER TABLE ONLY public.auth_group_permissions
    ADD CONSTRAINT auth_group_permissio_permission_id_84c5c92e_fk_auth_perm FOREIGN KEY (permission_id) REFERENCES public.auth_permission(id) DEFERRABLE INITIALLY DEFERRED;


--
-- Name: auth_group_permissions auth_group_permissions_group_id_b120cbf9_fk_auth_group_id; Type: FK CONSTRAINT; Schema: public; Owner: -
--

ALTER TABLE ONLY public.auth_group_permissions
    ADD CONSTRAINT auth_group_permissions_group_id_b120cbf9_fk_auth_group_id FOREIGN KEY (group_id) REFERENCES public.auth_group(id) DEFERRABLE INITIALLY DEFERRED;


--
-- Name: auth_permission auth_permission_content_type_id_2f476e4b_fk_django_co; Type: FK CONSTRAINT; Schema: public; Owner: -
--

ALTER TABLE ONLY public.auth_permission
    ADD CONSTRAINT auth_permission_content_type_id_2f476e4b_fk_django_co FOREIGN KEY (content_type_id) REFERENCES public.django_content_type(id) DEFERRABLE INITIALLY DEFERRED;


--
-- Name: auth_user_groups auth_user_groups_group_id_97559544_fk_auth_group_id; Type: FK CONSTRAINT; Schema: public; Owner: -
--

ALTER TABLE ONLY public.auth_user_groups
    ADD CONSTRAINT auth_user_groups_group_id_97559544_fk_auth_group_id FOREIGN KEY (group_id) REFERENCES public.auth_group(id) DEFERRABLE INITIALLY DEFERRED;


--
-- Name: auth_user_groups auth_user_groups_user_id_6a12ed8b_fk_auth_user_id; Type: FK CONSTRAINT; Schema: public; Owner: -
--

ALTER TABLE ONLY public.auth_user_groups
    ADD CONSTRAINT auth_user_groups_user_id_6a12ed8b_fk_auth_user_id FOREIGN KEY (user_id) REFERENCES public.auth_user(id) DEFERRABLE INITIALLY DEFERRED;


--
-- Name: auth_user_user_permissions auth_user_user_permi_permission_id_1fbb5f2c_fk_auth_perm; Type: FK CONSTRAINT; Schema: public; Owner: -
--

ALTER TABLE ONLY public.auth_user_user_permissions
    ADD CONSTRAINT auth_user_user_permi_permission_id_1fbb5f2c_fk_auth_perm FOREIGN KEY (permission_id) REFERENCES public.auth_permission(id) DEFERRABLE INITIALLY DEFERRED;


--
-- Name: auth_user_user_permissions auth_user_user_permissions_user_id_a95ead1b_fk_auth_user_id; Type: FK CONSTRAINT; Schema: public; Owner: -
--

ALTER TABLE ONLY public.auth_user_user_permissions
    ADD CONSTRAINT auth_user_user_permissions_user_id_a95ead1b_fk_auth_user_id FOREIGN KEY (user_id) REFERENCES public.auth_user(id) DEFERRABLE INITIALLY DEFERRED;


--
-- Name: django_admin_log django_admin_log_content_type_id_c4bce8eb_fk_django_co; Type: FK CONSTRAINT; Schema: public; Owner: -
--

ALTER TABLE ONLY public.django_admin_log
    ADD CONSTRAINT django_admin_log_content_type_id_c4bce8eb_fk_django_co FOREIGN KEY (content_type_id) REFERENCES public.django_content_type(id) DEFERRABLE INITIALLY DEFERRED;


--
-- Name: django_admin_log django_admin_log_user_id_c564eba6_fk_auth_user_id; Type: FK CONSTRAINT; Schema: public; Owner: -
--

ALTER TABLE ONLY public.django_admin_log
    ADD CONSTRAINT django_admin_log_user_id_c564eba6_fk_auth_user_id FOREIGN KEY (user_id) REFERENCES public.auth_user(id) DEFERRABLE INITIALLY DEFERRED;


--
-- Name: school_staff school_staff_user_id_5811a486_fk_auth_user_id; Type: FK CONSTRAINT; Schema: public; Owner: -
--

ALTER TABLE ONLY public.school_staff
    ADD CONSTRAINT school_staff_user_id_5811a486_fk_auth_user_id FOREIGN KEY (user_id) REFERENCES public.auth_user(id) DEFERRABLE INITIALLY DEFERRED;


--
-- Name: school_student school_student_class_fk_id_b0bd5678_fk_school_class_id; Type: FK CONSTRAINT; Schema: public; Owner: -
--

ALTER TABLE ONLY public.school_student
    ADD CONSTRAINT school_student_class_fk_id_b0bd5678_fk_school_class_id FOREIGN KEY (class_fk_id) REFERENCES public.school_class(id) DEFERRABLE INITIALLY DEFERRED;


--
-- PostgreSQL database dump complete
--

\unrestrict YPrq0TfE7jlexLcR4EPApO1Gc2BO3tjpVIX8tJvDBTo5Z6ZZhvOiHzskKJYSTwp

