--
-- PostgreSQL database dump
--

\restrict FdkeXYpXNyxhaY41lkjPCPsy1cgjMKxbLN62EcRV9tkPkYkwhybeJXKcSitFo7g

-- Dumped from database version 16.10 (Debian 16.10-1.pgdg13+1)
-- Dumped by pg_dump version 16.10 (Debian 16.10-1.pgdg13+1)

SET statement_timeout = 0;
SET lock_timeout = 0;
SET idle_in_transaction_session_timeout = 0;
SET client_encoding = 'UTF8';
SET standard_conforming_strings = on;
SELECT pg_catalog.set_config('search_path', '', false);
SET check_function_bodies = false;
SET xmloption = content;
SET client_min_messages = warning;
SET row_security = off;

--
-- Name: public; Type: SCHEMA; Schema: -; Owner: -
--

-- *not* creating schema, since initdb creates it


--
-- Name: SCHEMA public; Type: COMMENT; Schema: -; Owner: -
--

COMMENT ON SCHEMA public IS '';


SET default_tablespace = '';

SET default_table_access_method = heap;

--
-- Name: auth_group; Type: TABLE; Schema: public; Owner: -
--

CREATE TABLE public.auth_group (
    id integer NOT NULL,
    name character varying(150) NOT NULL
);


--
-- Name: auth_group_id_seq; Type: SEQUENCE; Schema: public; Owner: -
--

ALTER TABLE public.auth_group ALTER COLUMN id ADD GENERATED BY DEFAULT AS IDENTITY (
    SEQUENCE NAME public.auth_group_id_seq
    START WITH 1
    INCREMENT BY 1
    NO MINVALUE
    NO MAXVALUE
    CACHE 1
);


--
-- Name: auth_group_permissions; Type: TABLE; Schema: public; Owner: -
--

CREATE TABLE public.auth_group_permissions (
    id bigint NOT NULL,
    group_id integer NOT NULL,
    permission_id integer NOT NULL
);


--
-- Name: auth_group_permissions_id_seq; Type: SEQUENCE; Schema: public; Owner: -
--

ALTER TABLE public.auth_group_permissions ALTER COLUMN id ADD GENERATED BY DEFAULT AS IDENTITY (
    SEQUENCE NAME public.auth_group_permissions_id_seq
    START WITH 1
    INCREMENT BY 1
    NO MINVALUE
    NO MAXVALUE
    CACHE 1
);


--
-- Name: auth_permission; Type: TABLE; Schema: public; Owner: -
--

CREATE TABLE public.auth_permission (
    id integer NOT NULL,
    name character varying(255) NOT NULL,
    content_type_id integer NOT NULL,
    codename character varying(100) NOT NULL
);


--
-- Name: auth_permission_id_seq; Type: SEQUENCE; Schema: public; Owner: -
--

ALTER TABLE public.auth_permission ALTER COLUMN id ADD GENERATED BY DEFAULT AS IDENTITY (
    SEQUENCE NAME public.auth_permission_id_seq
    START WITH 1
    INCREMENT BY 1
    NO MINVALUE
    NO MAXVALUE
    CACHE 1
);


--
-- Name: auth_user; Type: TABLE; Schema: public; Owner: -
--

CREATE TABLE public.auth_user (
    id integer NOT NULL,
    password character varying(128) NOT NULL,
    last_login timestamp with time zone,
    is_superuser boolean NOT NULL,
    username character varying(150) NOT NULL,
    first_name character varying(150) NOT NULL,
    last_name character varying(150) NOT NULL,
    email character varying(254) NOT NULL,
    is_staff boolean NOT NULL,
    is_active boolean NOT NULL,
    date_joined timestamp with time zone NOT NULL
);


--
-- Name: auth_user_groups; Type: TABLE; Schema: public; Owner: -
--

CREATE TABLE public.auth_user_groups (
    id bigint NOT NULL,
    user_id integer NOT NULL,
    group_id integer NOT NULL
);


--
-- Name: auth_user_groups_id_seq; Type: SEQUENCE; Schema: public; Owner: -
--

ALTER TABLE public.auth_user_groups ALTER COLUMN id ADD GENERATED BY DEFAULT AS IDENTITY (
    SEQUENCE NAME public.auth_user_groups_id_seq
    START WITH 1
    INCREMENT BY 1
    NO MINVALUE
    NO MAXVALUE
    CACHE 1
);


--
-- Name: auth_user_id_seq; Type: SEQUENCE; Schema: public; Owner: -
--

ALTER TABLE public.auth_user ALTER COLUMN id ADD GENERATED BY DEFAULT AS IDENTITY (
    SEQUENCE NAME public.auth_user_id_seq
    START WITH 1
    INCREMENT BY 1
    NO MINVALUE
    NO MAXVALUE
    CACHE 1
);


--
-- Name: auth_user_user_permissions; Type: TABLE; Schema: public; Owner: -
--

CREATE TABLE public.auth_user_user_permissions (
    id bigint NOT NULL,
    user_id integer NOT NULL,
    permission_id integer NOT NULL
);


--
-- Name: auth_user_user_permissions_id_seq; Type: SEQUENCE; Schema: public; Owner: -
--

ALTER TABLE public.auth_user_user_permissions ALTER COLUMN id ADD GENERATED BY DEFAULT AS IDENTITY (
    SEQUENCE NAME public.auth_user_user_permissions_id_seq
    START WITH 1
    INCREMENT BY 1
    NO MINVALUE
    NO MAXVALUE
    CACHE 1
);


--
-- Name: django_admin_log; Type: TABLE; Schema: public; Owner: -
--

CREATE TABLE public.django_admin_log (
    id integer NOT NULL,
    action_time timestamp with time zone NOT NULL,
    object_id text,
    object_repr character varying(200) NOT NULL,
    action_flag smallint NOT NULL,
    change_message text NOT NULL,
    content_type_id integer,
    user_id integer NOT NULL,
    CONSTRAINT django_admin_log_action_flag_check CHECK ((action_flag >= 0))
);


--
-- Name: django_admin_log_id_seq; Type: SEQUENCE; Schema: public; Owner: -
--

ALTER TABLE public.django_admin_log ALTER COLUMN id ADD GENERATED BY DEFAULT AS IDENTITY (
    SEQUENCE NAME public.django_admin_log_id_seq
    START WITH 1
    INCREMENT BY 1
    NO MINVALUE
    NO MAXVALUE
    CACHE 1
);


--
-- Name: django_content_type; Type: TABLE; Schema: public; Owner: -
--

CREATE TABLE public.django_content_type (
    id integer NOT NULL,
    app_label character varying(100) NOT NULL,
    model character varying(100) NOT NULL
);


--
-- Name: django_content_type_id_seq; Type: SEQUENCE; Schema: public; Owner: -
--

ALTER TABLE public.django_content_type ALTER COLUMN id ADD GENERATED BY DEFAULT AS IDENTITY (
    SEQUENCE NAME public.django_content_type_id_seq
    START WITH 1
    INCREMENT BY 1
    NO MINVALUE
    NO MAXVALUE
    CACHE 1
);


--
-- Name: django_migrations; Type: TABLE; Schema: public; Owner: -
--

CREATE TABLE public.django_migrations (
    id bigint NOT NULL,
    app character varying(255) NOT NULL,
    name character varying(255) NOT NULL,
    applied timestamp with time zone NOT NULL
);


--
-- Name: django_migrations_id_seq; Type: SEQUENCE; Schema: public; Owner: -
--

ALTER TABLE public.django_migrations ALTER COLUMN id ADD GENERATED BY DEFAULT AS IDENTITY (
    SEQUENCE NAME public.django_migrations_id_seq
    START WITH 1
    INCREMENT BY 1
    NO MINVALUE
    NO MAXVALUE
    CACHE 1
);


--
-- Name: django_session; Type: TABLE; Schema: public; Owner: -
--

CREATE TABLE public.django_session (
    session_key character varying(40) NOT NULL,
    session_data text NOT NULL,
    expire_date timestamp with time zone NOT NULL
);


--
-- Name: school_calendarslot; Type: TABLE; Schema: public; Owner: -
--

CREATE TABLE public.school_calendarslot (
    id bigint NOT NULL,
    template_id bigint NOT NULL,
    day character varying(10) NOT NULL,
    period_index character varying(16) NOT NULL,
    start_time time without time zone NOT NULL,
    end_time time without time zone NOT NULL,
    block character varying(10) NOT NULL,
    "order" smallint NOT NULL,
    CONSTRAINT school_calendarslot_order_check CHECK (("order" >= 0))
);


--
-- Name: school_calendarslot_id_seq; Type: SEQUENCE; Schema: public; Owner: -
--

ALTER TABLE public.school_calendarslot ALTER COLUMN id ADD GENERATED BY DEFAULT AS IDENTITY (
    SEQUENCE NAME public.school_calendarslot_id_seq
    START WITH 1
    INCREMENT BY 1
    NO MINVALUE
    NO MAXVALUE
    CACHE 1
);


--
-- Name: school_calendartemplate; Type: TABLE; Schema: public; Owner: -
--

CREATE TABLE public.school_calendartemplate (
    id bigint NOT NULL,
    name character varying(100) NOT NULL,
    scope character varying(50) NOT NULL,
    days character varying(50) NOT NULL
);


--
-- Name: school_calendartemplate_id_seq; Type: SEQUENCE; Schema: public; Owner: -
--

ALTER TABLE public.school_calendartemplate ALTER COLUMN id ADD GENERATED BY DEFAULT AS IDENTITY (
    SEQUENCE NAME public.school_calendartemplate_id_seq
    START WITH 1
    INCREMENT BY 1
    NO MINVALUE
    NO MAXVALUE
    CACHE 1
);


--
-- Name: school_class; Type: TABLE; Schema: public; Owner: -
--

CREATE TABLE public.school_class (
    id bigint NOT NULL,
    name character varying(100) NOT NULL,
    grade smallint NOT NULL,
    section character varying(10) NOT NULL,
    CONSTRAINT school_class_grade_check CHECK ((grade >= 0))
);


--
-- Name: school_class_id_seq; Type: SEQUENCE; Schema: public; Owner: -
--

ALTER TABLE public.school_class ALTER COLUMN id ADD GENERATED BY DEFAULT AS IDENTITY (
    SEQUENCE NAME public.school_class_id_seq
    START WITH 1
    INCREMENT BY 1
    NO MINVALUE
    NO MAXVALUE
    CACHE 1
);


--
-- Name: school_classsubject; Type: TABLE; Schema: public; Owner: -
--

CREATE TABLE public.school_classsubject (
    id bigint NOT NULL,
    classroom_id bigint NOT NULL,
    subject_id bigint NOT NULL,
    weekly_default smallint,
    CONSTRAINT school_classsubject_weekly_default_check CHECK ((weekly_default >= 0))
);


--
-- Name: school_classsubject_id_seq; Type: SEQUENCE; Schema: public; Owner: -
--

ALTER TABLE public.school_classsubject ALTER COLUMN id ADD GENERATED BY DEFAULT AS IDENTITY (
    SEQUENCE NAME public.school_classsubject_id_seq
    START WITH 1
    INCREMENT BY 1
    NO MINVALUE
    NO MAXVALUE
    CACHE 1
);


--
-- Name: school_staff; Type: TABLE; Schema: public; Owner: -
--

CREATE TABLE public.school_staff (
    id bigint NOT NULL,
    full_name character varying(200) NOT NULL,
    role character varying(50) NOT NULL,
    user_id integer,
    national_no character varying(30) NOT NULL,
    job_title character varying(100) NOT NULL,
    job_no character varying(50) NOT NULL,
    email character varying(254) NOT NULL,
    phone_no character varying(30) NOT NULL
);


--
-- Name: school_staff_id_seq; Type: SEQUENCE; Schema: public; Owner: -
--

ALTER TABLE public.school_staff ALTER COLUMN id ADD GENERATED BY DEFAULT AS IDENTITY (
    SEQUENCE NAME public.school_staff_id_seq
    START WITH 1
    INCREMENT BY 1
    NO MINVALUE
    NO MAXVALUE
    CACHE 1
);


--
-- Name: school_student; Type: TABLE; Schema: public; Owner: -
--

CREATE TABLE public.school_student (
    id bigint NOT NULL,
    sid character varying(30) NOT NULL,
    full_name character varying(200) NOT NULL,
    dob date,
    active boolean NOT NULL,
    class_fk_id bigint,
    nationality character varying(100) NOT NULL,
    age smallint,
    english_name character varying(200) NOT NULL,
    national_no character varying(30),
    needs boolean NOT NULL,
    grade_label character varying(50) NOT NULL,
    section_label character varying(50) NOT NULL,
    phone_no character varying(200) NOT NULL,
    email character varying(254) NOT NULL,
    parent_name character varying(200) NOT NULL,
    parent_relation character varying(50) NOT NULL,
    parent_phone character varying(200) NOT NULL,
    extra_phone_no character varying(200) NOT NULL,
    parent_email character varying(254) NOT NULL,
    parent_national_no character varying(30) NOT NULL,
    CONSTRAINT school_student_age_check CHECK ((age >= 0))
);


--
-- Name: school_student_id_seq; Type: SEQUENCE; Schema: public; Owner: -
--

ALTER TABLE public.school_student ALTER COLUMN id ADD GENERATED BY DEFAULT AS IDENTITY (
    SEQUENCE NAME public.school_student_id_seq
    START WITH 1
    INCREMENT BY 1
    NO MINVALUE
    NO MAXVALUE
    CACHE 1
);


--
-- Name: school_subject; Type: TABLE; Schema: public; Owner: -
--

CREATE TABLE public.school_subject (
    id bigint NOT NULL,
    name_ar character varying(150) NOT NULL,
    code character varying(20),
    weekly_default smallint,
    is_active boolean NOT NULL,
    CONSTRAINT school_subject_weekly_default_check CHECK ((weekly_default >= 0))
);


--
-- Name: school_subject_id_seq; Type: SEQUENCE; Schema: public; Owner: -
--

ALTER TABLE public.school_subject ALTER COLUMN id ADD GENERATED BY DEFAULT AS IDENTITY (
    SEQUENCE NAME public.school_subject_id_seq
    START WITH 1
    INCREMENT BY 1
    NO MINVALUE
    NO MAXVALUE
    CACHE 1
);


--
-- Name: school_teachingassignment; Type: TABLE; Schema: public; Owner: -
--

CREATE TABLE public.school_teachingassignment (
    id bigint NOT NULL,
    teacher_id bigint NOT NULL,
    classroom_id bigint NOT NULL,
    subject_id bigint NOT NULL,
    no_classes_weekly smallint NOT NULL,
    notes character varying(200) NOT NULL,
    created_at timestamp with time zone NOT NULL,
    updated_at timestamp with time zone NOT NULL,
    CONSTRAINT school_teachingassignment_no_classes_weekly_check CHECK ((no_classes_weekly >= 0))
);


--
-- Name: school_teachingassignment_id_seq; Type: SEQUENCE; Schema: public; Owner: -
--

ALTER TABLE public.school_teachingassignment ALTER COLUMN id ADD GENERATED BY DEFAULT AS IDENTITY (
    SEQUENCE NAME public.school_teachingassignment_id_seq
    START WITH 1
    INCREMENT BY 1
    NO MINVALUE
    NO MAXVALUE
    CACHE 1
);


--
-- Name: school_timetableentry; Type: TABLE; Schema: public; Owner: -
--

CREATE TABLE public.school_timetableentry (
    id bigint NOT NULL,
    classroom_id bigint NOT NULL,
    day character varying(10) NOT NULL,
    slot_id bigint NOT NULL,
    subject_id bigint NOT NULL,
    teacher_id bigint NOT NULL
);


--
-- Name: school_timetableentry_id_seq; Type: SEQUENCE; Schema: public; Owner: -
--

ALTER TABLE public.school_timetableentry ALTER COLUMN id ADD GENERATED BY DEFAULT AS IDENTITY (
    SEQUENCE NAME public.school_timetableentry_id_seq
    START WITH 1
    INCREMENT BY 1
    NO MINVALUE
    NO MAXVALUE
    CACHE 1
);


--
-- Data for Name: auth_group; Type: TABLE DATA; Schema: public; Owner: -
--

COPY public.auth_group (id, name) FROM stdin;
2	Teacher
3	Staff
4	Student
1	Admin
\.


--
-- Data for Name: auth_group_permissions; Type: TABLE DATA; Schema: public; Owner: -
--

COPY public.auth_group_permissions (id, group_id, permission_id) FROM stdin;
1	1	25
2	1	26
3	1	27
4	1	28
5	1	33
6	1	34
7	1	35
8	1	36
9	1	29
10	1	30
11	1	31
12	1	32
13	2	36
14	2	33
15	2	34
16	2	28
17	2	25
18	2	26
19	3	36
20	3	34
21	3	32
22	3	30
23	4	36
\.


--
-- Data for Name: auth_permission; Type: TABLE DATA; Schema: public; Owner: -
--

COPY public.auth_permission (id, name, content_type_id, codename) FROM stdin;
1	Can add log entry	1	add_logentry
2	Can change log entry	1	change_logentry
3	Can delete log entry	1	delete_logentry
4	Can view log entry	1	view_logentry
5	Can add permission	2	add_permission
6	Can change permission	2	change_permission
7	Can delete permission	2	delete_permission
8	Can view permission	2	view_permission
9	Can add group	3	add_group
10	Can change group	3	change_group
11	Can delete group	3	delete_group
12	Can view group	3	view_group
13	Can add user	4	add_user
14	Can change user	4	change_user
15	Can delete user	4	delete_user
16	Can view user	4	view_user
17	Can add content type	5	add_contenttype
18	Can change content type	5	change_contenttype
19	Can delete content type	5	delete_contenttype
20	Can view content type	5	view_contenttype
21	Can add session	6	add_session
22	Can change session	6	change_session
23	Can delete session	6	delete_session
24	Can view session	6	view_session
25	Can add class	7	add_class
26	Can change class	7	change_class
27	Can delete class	7	delete_class
28	Can view class	7	view_class
29	Can add staff	8	add_staff
30	Can change staff	8	change_staff
31	Can delete staff	8	delete_staff
32	Can view staff	8	view_staff
33	Can add student	9	add_student
34	Can change student	9	change_student
35	Can delete student	9	delete_student
36	Can view student	9	view_student
37	Can add تكليف تدريس	10	add_teachingassignment
38	Can change تكليف تدريس	10	change_teachingassignment
39	Can delete تكليف تدريس	10	delete_teachingassignment
40	Can view تكليف تدريس	10	view_teachingassignment
41	Can add subject	11	add_subject
42	Can change subject	11	change_subject
43	Can delete subject	11	delete_subject
44	Can view subject	11	view_subject
45	Can add مادة الصف	12	add_classsubject
46	Can change مادة الصف	12	change_classsubject
47	Can delete مادة الصف	12	delete_classsubject
48	Can view مادة الصف	12	view_classsubject
49	Can add فترة زمنية	13	add_calendarslot
50	Can change فترة زمنية	13	change_calendarslot
51	Can delete فترة زمنية	13	delete_calendarslot
52	Can view فترة زمنية	13	view_calendarslot
53	Can add قالب اليوم الدراسي	14	add_calendartemplate
54	Can change قالب اليوم الدراسي	14	change_calendartemplate
55	Can delete قالب اليوم الدراسي	14	delete_calendartemplate
56	Can view قالب اليوم الدراسي	14	view_calendartemplate
82	Can add حصة مجدولة	46	add_timetableentry
83	Can change حصة مجدولة	46	change_timetableentry
84	Can delete حصة مجدولة	46	delete_timetableentry
85	Can view حصة مجدولة	46	view_timetableentry
\.


--
-- Data for Name: auth_user; Type: TABLE DATA; Schema: public; Owner: -
--

COPY public.auth_user (id, password, last_login, is_superuser, username, first_name, last_name, email, is_staff, is_active, date_joined) FROM stdin;
2	pbkdf2_sha256$1000000$ESVgZbKCQ2CutrpgEfGY3r$tBwwrHt86IpofA/iR+hEXv68p6QMeu/EEnTEuNUd/6A=	\N	t	admin00				t	t	2025-10-02 19:32:46+00
1	pbkdf2_sha256$1000000$qFygtFjJLgHWA9n0ZuNRWa$rSJb5Ae+5cPlNhHoMMJdtb7i38Dr09adKpozG5zaIo0=	2025-10-06 15:55:01.436184+00	t	mesuef	سفيان	احمد محمد مسيف	admin@example.com	t	t	2025-10-02 17:11:14+00
\.


--
-- Data for Name: auth_user_groups; Type: TABLE DATA; Schema: public; Owner: -
--

COPY public.auth_user_groups (id, user_id, group_id) FROM stdin;
1	1	1
2	1	2
3	1	3
4	1	4
5	2	1
6	2	2
7	2	3
8	2	4
\.


--
-- Data for Name: auth_user_user_permissions; Type: TABLE DATA; Schema: public; Owner: -
--

COPY public.auth_user_user_permissions (id, user_id, permission_id) FROM stdin;
1	1	1
2	1	2
3	1	3
4	1	4
5	1	5
6	1	6
7	1	7
8	1	8
9	1	9
10	1	10
11	1	11
12	1	12
13	1	13
14	1	14
15	1	15
16	1	16
17	1	17
18	1	18
19	1	19
20	1	20
21	1	21
22	1	22
23	1	23
24	1	24
25	1	25
26	1	26
27	1	27
28	1	28
29	1	29
30	1	30
31	1	31
32	1	32
33	1	33
34	1	34
35	1	35
36	1	36
37	2	1
38	2	2
39	2	3
40	2	4
41	2	5
42	2	6
43	2	7
44	2	8
45	2	9
46	2	10
47	2	11
48	2	12
49	2	13
50	2	14
51	2	15
52	2	16
53	2	17
54	2	18
55	2	19
56	2	20
57	2	21
58	2	22
59	2	23
60	2	24
61	2	25
62	2	26
63	2	27
64	2	28
65	2	29
66	2	30
67	2	31
68	2	32
69	2	33
70	2	34
71	2	35
72	2	36
\.


--
-- Data for Name: django_admin_log; Type: TABLE DATA; Schema: public; Owner: -
--

COPY public.django_admin_log (id, action_time, object_id, object_repr, action_flag, change_message, content_type_id, user_id) FROM stdin;
1	2025-10-02 17:25:04.432587+00	1	mesue	2	[{"changed": {"fields": ["Groups", "User permissions"]}}]	4	1
2	2025-10-02 17:27:02.727046+00	126	ايوب حسين   القرفان	2	[]	8	1
3	2025-10-02 17:27:24.114778+00	89	الحبيب الحروش	2	[{"changed": {"fields": ["Role"]}}]	8	1
4	2025-10-02 17:27:34.61403+00	124	جابر على محمد فرج مثيب	2	[{"changed": {"fields": ["Role"]}}]	8	1
5	2025-10-02 17:27:43.247353+00	91	سالم محمد راشد المقارح القرح	2	[{"changed": {"fields": ["Role"]}}]	8	1
6	2025-10-02 17:27:52.801982+00	90	حسني مبارك علي الرمادي	2	[{"changed": {"fields": ["Role"]}}]	8	1
7	2025-10-02 17:28:01.381753+00	125	عبدالرحمن صالح على الغفران المرى	2	[{"changed": {"fields": ["Role"]}}]	8	1
8	2025-10-02 17:28:10.723259+00	92	عبدالرحمن محمد علي المري	2	[{"changed": {"fields": ["Role"]}}]	8	1
9	2025-10-02 17:28:20.691588+00	93	محمد حمد مبارك التواه الهاجرى	2	[{"changed": {"fields": ["Role"]}}]	8	1
10	2025-10-02 17:28:28.087085+00	94	محمد على عباس البسيونى	2	[{"changed": {"fields": ["Role"]}}]	8	1
11	2025-10-02 17:28:37.818497+00	97	محمد ناصر صالح الغيثاني المرى	2	[{"changed": {"fields": ["Role"]}}]	8	1
12	2025-10-02 17:28:45.374855+00	95	مسفر شباب مسفر آلدوكر القحطاني	2	[{"changed": {"fields": ["Role"]}}]	8	1
13	2025-10-02 17:29:05.934238+00	38	أكرم رابح قمودي	2	[{"changed": {"fields": ["Role"]}}]	8	1
14	2025-10-02 17:29:18.376759+00	54	ابراهيم سليمان طه  حمد	2	[{"changed": {"fields": ["Role"]}}]	8	1
15	2025-10-02 17:29:23.685616+00	55	ابراهيم محمد محمود  الزريقات	2	[{"changed": {"fields": ["Role"]}}]	8	1
16	2025-10-02 17:29:28.912094+00	27	احمد المنصف الحاج قاسم	2	[{"changed": {"fields": ["Role"]}}]	8	1
17	2025-10-02 17:29:35.755056+00	74	احمد بكر محمد  الزبط	2	[{"changed": {"fields": ["Role"]}}]	8	1
18	2025-10-02 17:29:43.099348+00	56	احمد جبر جبر  خلف	2	[{"changed": {"fields": ["Role"]}}]	8	1
19	2025-10-02 17:29:48.478056+00	62	احمد جعفر عبد الفتاح شاهين	2	[{"changed": {"fields": ["Role"]}}]	8	1
20	2025-10-02 17:29:57.879207+00	96	مطلق محمد منير المطلق الهاجري	2	[{"changed": {"fields": ["Role"]}}]	8	1
21	2025-10-02 17:30:07.021492+00	22	احمد رمضان خطاب ابراهيم حامد	2	[{"changed": {"fields": ["Role"]}}]	8	1
22	2025-10-02 17:30:13.122344+00	75	احمد عبدالعزيز جامع  مرسى	2	[{"changed": {"fields": ["Role"]}}]	8	1
23	2025-10-02 17:30:20.78427+00	76	احمد محمد أوغلو	2	[{"changed": {"fields": ["Role"]}}]	8	1
24	2025-10-02 17:30:26.714467+00	112	احمد محمد حسن  إبراهيم	2	[{"changed": {"fields": ["Role"]}}]	8	1
25	2025-10-02 17:30:32.13588+00	100	اسامة محمد حلمي  مصطفى	2	[]	8	1
26	2025-10-02 17:30:45.217514+00	65	البشير بوحلاب سودان	2	[{"changed": {"fields": ["Role"]}}]	8	1
27	2025-10-02 17:30:52.037502+00	84	اشرف حسين محمد احمد حسن	2	[]	8	1
28	2025-10-02 17:30:56.396429+00	89	الحبيب الحروش	2	[]	8	1
29	2025-10-02 17:31:04.309523+00	30	السيد محمدي رفاعي عبدالوهاب الرفاعي	2	[{"changed": {"fields": ["Role"]}}]	8	1
30	2025-10-02 17:31:08.696761+00	89	الحبيب الحروش	2	[]	8	1
31	2025-10-02 17:31:13.712498+00	16	الطاهر مختار الطاهر مختار	2	[]	8	1
32	2025-10-02 17:31:17.734321+00	101	العربي القاسمي	2	[]	8	1
33	2025-10-02 17:31:24.015593+00	118	امام محمد رشدى امام محمد	2	[{"changed": {"fields": ["Role"]}}]	8	1
34	2025-10-02 17:31:33.202604+00	1	بشار محمود يوسف  مزارى	2	[]	8	1
35	2025-10-02 17:31:41.046613+00	117	بنجر محمد بنجر جاسر الدوسرى	2	[{"changed": {"fields": ["Role"]}}]	8	1
36	2025-10-02 17:31:48.851461+00	102	تركي خالد عليان الفريجى	2	[]	8	1
37	2025-10-02 17:31:54.156669+00	124	جابر على محمد فرج مثيب	2	[]	8	1
38	2025-10-02 17:32:01.062488+00	47	حسام محمود مبروك غانم	2	[{"changed": {"fields": ["Role"]}}]	8	1
39	2025-10-02 17:32:11.319645+00	122	حسن ابرهيم العربى الصافى	2	[{"changed": {"fields": ["Role"]}}]	8	1
40	2025-10-02 17:32:22.340806+00	103	حمد سجاد حسين	2	[]	8	1
41	2025-10-02 17:32:27.177559+00	13	خالد أحمد محمد حسين	2	[]	8	1
42	2025-10-02 17:32:34.311699+00	77	خليفه صالح ظاهر  عودات	2	[{"changed": {"fields": ["Role"]}}]	8	1
43	2025-10-02 17:32:39.705559+00	109	حمد عبدالله على فالح نابت	2	[]	8	1
44	2025-10-02 17:32:47.708911+00	13	خالد أحمد محمد حسين	2	[]	8	1
45	2025-10-02 17:32:54.950884+00	8	راشد محمد راشد الزايد الهاجرى	2	[]	8	1
46	2025-10-02 17:33:10.626689+00	66	سامر غازي مصطفى محمد	2	[{"changed": {"fields": ["Role"]}}]	8	1
47	2025-10-02 17:33:28.255461+00	28	سامر نصر سليمان  جديع	2	[{"changed": {"fields": ["Role"]}}]	8	1
48	2025-10-02 17:33:35.851467+00	39	سفيان احمد محمد مسيف	2	[{"changed": {"fields": ["Role"]}}]	8	1
49	2025-10-02 17:33:49.179682+00	4	سيد عبدالعال عبدالوهاب عبدالعال	2	[]	8	1
50	2025-10-02 17:33:58.769927+00	67	طارق باسم مصطفى  شملاوي	2	[{"changed": {"fields": ["Role"]}}]	8	1
51	2025-10-02 17:34:14.273853+00	110	عامر عبد   الخليف	2	[]	8	1
52	2025-10-02 17:34:23.159+00	78	عامر محمد نجار	2	[{"changed": {"fields": ["Role"]}}]	8	1
53	2025-10-02 17:34:33.935267+00	48	عبدالباسط عبدالسلام   الجاسم	2	[{"changed": {"fields": ["Role"]}}]	8	1
54	2025-10-02 17:34:50.879415+00	120	عادل محمد نصر  احمد	2	[{"changed": {"fields": ["Role"]}}]	8	1
55	2025-10-02 17:35:02.398976+00	88	عبدالقادر خضر	2	[]	8	1
56	2025-10-02 17:35:11.338478+00	18	عبدالله الرمضان	2	[{"changed": {"fields": ["Role"]}}]	8	1
57	2025-10-02 17:35:22.392134+00	20	عبدالله حسين مفلح نوفل	2	[{"changed": {"fields": ["Role"]}}]	8	1
58	2025-10-02 17:35:31.698203+00	24	عبدالله خالد كامل محمود عبدربه	2	[{"changed": {"fields": ["Role"]}}]	8	1
59	2025-10-02 17:35:47.81959+00	6	عبدالله يوسف حسين عبدالهادى	2	[]	8	1
60	2025-10-02 17:35:59.054164+00	21	عثمان عبدالرحمن فاروسي	2	[{"changed": {"fields": ["Role"]}}]	8	1
61	2025-10-02 17:36:14.881671+00	63	عدنان بركات عدنان المصطفى	2	[{"changed": {"fields": ["Role"]}}]	8	1
62	2025-10-02 17:36:23.474766+00	80	عزام احمد يوسف  الزعبى	2	[{"changed": {"fields": ["Role"]}}]	8	1
63	2025-10-02 17:36:28.919144+00	6	عبدالله يوسف حسين عبدالهادى	2	[]	8	1
64	2025-10-02 17:36:37.117231+00	50	عمرو محمد خليل الشحروري	2	[{"changed": {"fields": ["Role"]}}]	8	1
65	2025-10-02 17:36:45.425727+00	70	ليث حامد محمد السعودي	2	[{"changed": {"fields": ["Role"]}}]	8	1
66	2025-10-02 17:36:52.175372+00	51	محمد احمد حسن  عنانبه	2	[{"changed": {"fields": ["Role"]}}]	8	1
67	2025-10-02 17:36:58.486614+00	59	محمد فرحان سالم  النوايسه	2	[{"changed": {"fields": ["Role"]}}]	8	1
68	2025-10-02 17:37:04.62733+00	57	عماد يحيى محمد العبسي نوح	2	[{"changed": {"fields": ["Role"]}}]	8	1
69	2025-10-02 17:37:14.322264+00	97	محمد ناصر صالح الغيثاني المرى	2	[]	8	1
70	2025-10-02 17:37:23.236706+00	43	محمد صبرى محمود  درويش	2	[{"changed": {"fields": ["Role"]}}]	8	1
71	2025-10-02 17:37:28.128057+00	94	محمد على عباس البسيونى	2	[]	8	1
72	2025-10-02 17:37:39.464422+00	113	يوسف يعقوب يونس  عوض	2	[{"changed": {"fields": ["Role"]}}]	8	1
73	2025-10-02 17:38:04.55966+00	19	يوسف جميل سليمان العبدالله	2	[{"changed": {"fields": ["Role"]}}]	8	1
74	2025-10-02 17:38:17.238565+00	19	يوسف جميل سليمان العبدالله	2	[]	8	1
75	2025-10-02 17:38:22.426416+00	19	يوسف جميل سليمان العبدالله	2	[]	8	1
76	2025-10-02 17:38:23.611165+00	19	يوسف جميل سليمان العبدالله	2	[]	8	1
77	2025-10-02 17:38:24.634883+00	19	يوسف جميل سليمان العبدالله	2	[]	8	1
78	2025-10-02 17:38:26.199207+00	19	يوسف جميل سليمان العبدالله	2	[]	8	1
79	2025-10-02 17:38:27.031301+00	19	يوسف جميل سليمان العبدالله	2	[]	8	1
80	2025-10-02 17:38:32.235323+00	19	يوسف جميل سليمان العبدالله	2	[]	8	1
81	2025-10-02 17:38:49.788201+00	82	ياسر حجى شلبى  احمد	2	[{"changed": {"fields": ["Role"]}}]	8	1
82	2025-10-02 17:39:02.125048+00	53	هاني محمد زغلول طه حسن	2	[{"changed": {"fields": ["Role"]}}]	8	1
83	2025-10-02 17:39:04.969478+00	53	هاني محمد زغلول طه حسن	2	[]	8	1
84	2025-10-02 17:39:16.010876+00	61	وليد عبد اللطيف	2	[{"changed": {"fields": ["Role"]}}]	8	1
85	2025-10-02 17:39:21.689568+00	37	مؤيد احمد محمد  المومني	2	[{"changed": {"fields": ["Role"]}}]	8	1
86	2025-10-02 17:39:28.451294+00	115	محمود ابرهيم ابراهيم سعد	2	[{"changed": {"fields": ["Role"]}}]	8	1
87	2025-10-02 17:39:34.947539+00	60	محمود عبد المهدى عبد القادر الاسطه	2	[{"changed": {"fields": ["Role"]}}]	8	1
88	2025-10-02 17:39:40.883449+00	97	محمد ناصر صالح الغيثاني المرى	2	[]	8	1
89	2025-10-02 17:39:48.016548+00	46	نادر على لطفى محمد لطفى	2	[{"changed": {"fields": ["Role"]}}]	8	1
90	2025-10-02 17:39:53.851624+00	44	مرتضي امين ابوالبشر عبدالله	2	[{"changed": {"fields": ["Role"]}}]	8	1
91	2025-10-02 17:40:00.077925+00	52	محمود ماجد يوسف  الجرادات	2	[{"changed": {"fields": ["Role"]}}]	8	1
92	2025-10-02 17:40:06.491429+00	36	محمد عبدالله عارف العجلوني	2	[{"changed": {"fields": ["Role"]}}]	8	1
93	2025-10-02 17:40:11.715364+00	107	محمد مهمدول   حسن	2	[]	8	1
94	2025-10-02 17:40:17.733873+00	12	نوفل كرنفشير	2	[]	8	1
95	2025-10-02 17:40:24.229969+00	68	علي محمد محمد دار ناصر	2	[{"changed": {"fields": ["Role"]}}]	8	1
96	2025-10-02 17:40:30.572727+00	35	محمد عبدالعزيز يونس  عدوان	2	[{"changed": {"fields": ["Role"]}}]	8	1
97	2025-10-02 17:40:37.169713+00	119	محمد نادي محمد العرامين	2	[{"changed": {"fields": ["Role"]}}]	8	1
98	2025-10-02 17:40:44.478858+00	64	عطيه محمود عطيه  محمود	2	[{"changed": {"fields": ["Role"]}}]	8	1
99	2025-10-02 17:40:47.491986+00	124	جابر على محمد فرج مثيب	2	[]	8	1
100	2025-10-02 17:40:54.621467+00	69	عمر حسن عقله بني عطا	2	[{"changed": {"fields": ["Role"]}}]	8	1
101	2025-10-02 17:40:59.054903+00	14	مامون صديق بدوي حمد	2	[]	8	1
102	2025-10-02 17:41:27.907823+00	41	عمرو محمد حمدان حمايده	2	[{"changed": {"fields": ["Role", "Email"]}}]	8	1
103	2025-10-02 17:41:37.41165+00	86	نوح سليمان مبارك الحوسني	2	[]	8	1
104	2025-10-02 17:41:47.546881+00	45	مصطفى عمر حسين  النزهاوى	2	[{"changed": {"fields": ["Role"]}}]	8	1
105	2025-10-02 17:41:57.090944+00	23	وجدي بن محمد بن عمارة يوسفي	2	[{"changed": {"fields": ["Role"]}}]	8	1
106	2025-10-02 17:42:03.69066+00	54	ابراهيم سليمان طه  حمد	2	[]	8	1
107	2025-10-02 17:42:12.894006+00	81	نادر جمعه عثمان  حنفيه	2	[{"changed": {"fields": ["Role"]}}]	8	1
108	2025-10-02 17:42:24.352864+00	29	منير رافع شتيوي شتيات	2	[{"changed": {"fields": ["Role"]}}]	8	1
109	2025-10-02 17:42:33.160559+00	121	فيصل جليل محيميد القعيقعى الرويلى	2	[{"changed": {"fields": ["Role"]}}]	8	1
110	2025-10-02 17:42:41.18483+00	25	معز بن احمد  السعداوي	2	[{"changed": {"fields": ["Role"]}}]	8	1
111	2025-10-02 17:42:47.656067+00	58	عمادالدين محمد الحبشى قاسم	2	[{"changed": {"fields": ["Role"]}}]	8	1
112	2025-10-02 17:42:59.750657+00	42	مجدى محمد على احمد قنديل	2	[{"changed": {"fields": ["Role"]}}]	8	1
113	2025-10-02 17:43:40.87762+00	114	سلطان سعيد عبدالله عواد	2	[{"changed": {"fields": ["Role"]}}]	8	1
114	2025-10-02 17:43:49.529388+00	111	محمد اسماعيل عبدالحميد  السيد	2	[{"changed": {"fields": ["Role"]}}]	8	1
115	2025-10-02 17:43:58.042689+00	107	محمد مهمدول   حسن	2	[]	8	1
116	2025-10-02 17:44:04.124957+00	106	محمد صابر عبدالله  غازي	2	[]	8	1
117	2025-10-02 17:44:10.978792+00	105	محمد سفير مسلم فيتيل ابو بكر	2	[]	8	1
118	2025-10-02 17:44:25.728784+00	100	اسامة محمد حلمي  مصطفى	2	[]	8	1
119	2025-10-02 17:44:34.574083+00	101	العربي القاسمي	2	[]	8	1
120	2025-10-02 17:45:02.572106+00	73	محمد فلاح صالح درادكه	2	[{"changed": {"fields": ["Role"]}}]	8	1
121	2025-10-02 17:45:14.642301+00	79	عربى السيد يوسف السيد رجب	2	[{"changed": {"fields": ["Role"]}}]	8	1
122	2025-10-02 17:45:33.075549+00	34	عمر مصطفى محمد العباس	2	[{"changed": {"fields": ["Role"]}}]	8	1
123	2025-10-02 17:45:47.01389+00	71	محمد سلام سليمان  حسين	2	[{"changed": {"fields": ["Role"]}}]	8	1
124	2025-10-02 17:46:13.447211+00	122	حسن ابرهيم العربى الصافى	2	[]	8	1
125	2025-10-02 17:46:34.409234+00	8	راشد محمد راشد الزايد الهاجرى	2	[]	8	1
126	2025-10-02 17:47:51.535691+00	72	محمد عبدالوهاب عبدالبديع  عويس	2	[{"changed": {"fields": ["Role"]}}]	8	1
127	2025-10-02 17:48:42.770532+00	40	عبدالرحمن فيصل اسماعيل راجه	2	[{"changed": {"fields": ["Role", "Email"]}}]	8	1
128	2025-10-02 17:48:56.391397+00	33	علي مصطفى   الدروبى	2	[{"changed": {"fields": ["Role"]}}]	8	1
129	2025-10-02 17:49:03.539138+00	13	خالد أحمد محمد حسين	2	[]	8	1
130	2025-10-02 17:50:28.91703+00	9	سالم على على النجم المرى	2	[]	8	1
131	2025-10-02 17:50:35.812681+00	125	عبدالرحمن صالح على الغفران المرى	2	[]	8	1
132	2025-10-02 17:50:38.807889+00	124	جابر على محمد فرج مثيب	2	[]	8	1
133	2025-10-02 17:50:42.837171+00	123	سالم محمد على النابت المرى	2	[]	8	1
134	2025-10-02 17:50:50.027531+00	109	حمد عبدالله على فالح نابت	2	[]	8	1
135	2025-10-02 17:50:54.4643+00	108	موافق فندى معيصر الفريجى الرويلى	2	[]	8	1
136	2025-10-02 17:50:57.948659+00	107	محمد مهمدول   حسن	2	[]	8	1
137	2025-10-02 17:51:03.581375+00	106	محمد صابر عبدالله  غازي	2	[]	8	1
138	2025-10-02 17:51:08.509537+00	105	محمد سفير مسلم فيتيل ابو بكر	2	[]	8	1
139	2025-10-02 17:51:16.306725+00	102	تركي خالد عليان الفريجى	2	[]	8	1
140	2025-10-02 17:51:23.426208+00	97	محمد ناصر صالح الغيثاني المرى	2	[]	8	1
141	2025-10-02 17:51:37.869029+00	93	محمد حمد مبارك التواه الهاجرى	2	[]	8	1
142	2025-10-02 17:52:07.452052+00	32	على ضيف الله حمد على	2	[{"changed": {"fields": ["Role"]}}]	8	1
143	2025-10-02 17:52:20.474503+00	31	علاء محمد عبد الهادي القضاه	2	[{"changed": {"fields": ["Role"]}}]	8	1
144	2025-10-02 17:52:31.13255+00	26	ناصر فايز مناحى سعد الهاجرى	2	[{"changed": {"fields": ["Role"]}}]	8	1
145	2025-10-02 17:52:45.09698+00	15	عبدالغنى على عبدالغنى  محمد	2	[]	8	1
146	2025-10-02 17:53:01.755512+00	15	عبدالغنى على عبدالغنى  محمد	2	[]	8	1
147	2025-10-02 17:53:15.877768+00	8	راشد محمد راشد الزايد الهاجرى	2	[]	8	1
148	2025-10-02 17:54:15.947882+00	605	30999900026 - حمد محمد فاروق محمد غراب	2	[{"changed": {"fields": ["Class fk"]}}]	9	1
149	2025-10-02 17:54:30.500475+00	608	30963405033 - سعود خالد جليل القعيقعى الرويلى	2	[{"changed": {"fields": ["Class fk"]}}]	9	1
150	2025-10-02 17:54:49.097932+00	610	30951200068 - عبدالله محمد مسعود الرحبي	2	[{"changed": {"fields": ["Class fk"]}}]	9	1
151	2025-10-02 17:56:22.313317+00	526	30963405269 - سعود صالح طه حنطه الشاميه	2	[{"changed": {"fields": ["Class fk"]}}]	9	1
152	2025-10-02 17:57:24.761042+00	5	coordinator	1	[{"added": {}}]	3	1
153	2025-10-02 17:57:29.150589+00	5	coordinator	2	[]	3	1
154	2025-10-02 17:58:17.418714+00	5	coordinator	2	[{"changed": {"fields": ["Permissions"]}}]	3	1
155	2025-10-02 17:58:18.729895+00	5	coordinator	2	[]	3	1
156	2025-10-02 17:59:29.870867+00	5	coordinator	2	[]	3	1
157	2025-10-02 18:00:17.492841+00	1	Admin	2	[]	3	1
158	2025-10-02 18:00:24.654367+00	1	Admin	2	[]	3	1
159	2025-10-02 18:00:38.671325+00	5	coordinator	3		3	1
160	2025-10-02 18:00:55.214354+00	122	حسن ابرهيم العربى الصافى	2	[{"changed": {"fields": ["Role"]}}]	8	1
161	2025-10-02 18:01:01.537316+00	121	فيصل جليل محيميد القعيقعى الرويلى	2	[{"changed": {"fields": ["Role"]}}]	8	1
162	2025-10-02 18:01:07.882929+00	120	عادل محمد نصر  احمد	2	[{"changed": {"fields": ["Role"]}}]	8	1
163	2025-10-02 18:01:14.165963+00	119	محمد نادي محمد العرامين	2	[{"changed": {"fields": ["Role"]}}]	8	1
164	2025-10-02 18:01:22.026383+00	118	امام محمد رشدى امام محمد	2	[{"changed": {"fields": ["Role"]}}]	8	1
165	2025-10-02 18:01:28.617318+00	117	بنجر محمد بنجر جاسر الدوسرى	2	[{"changed": {"fields": ["Role"]}}]	8	1
166	2025-10-02 18:01:34.651435+00	115	محمود ابرهيم ابراهيم سعد	2	[{"changed": {"fields": ["Role"]}}]	8	1
167	2025-10-02 18:01:42.214808+00	114	سلطان سعيد عبدالله عواد	2	[{"changed": {"fields": ["Role"]}}]	8	1
168	2025-10-02 18:01:48.784279+00	113	يوسف يعقوب يونس  عوض	2	[{"changed": {"fields": ["Role"]}}]	8	1
169	2025-10-02 18:01:55.469138+00	112	احمد محمد حسن  إبراهيم	2	[{"changed": {"fields": ["Role"]}}]	8	1
170	2025-10-02 18:02:01.156999+00	111	محمد اسماعيل عبدالحميد  السيد	2	[{"changed": {"fields": ["Role"]}}]	8	1
171	2025-10-02 18:02:11.777293+00	99	مشل مرفى سعدى الرمالى الشمرى	2	[]	8	1
172	2025-10-02 18:02:19.260903+00	98	علي ضيف الله خليل خريسات	2	[]	8	1
173	2025-10-02 18:03:45.485039+00	1	mesuef	2	[{"changed": {"fields": ["Username", "First name", "Last name", "Email address"]}}]	4	1
174	2025-10-02 19:32:47.909566+00	2	admin00	1	[{"added": {}}]	4	1
175	2025-10-02 19:32:58.351094+00	2	admin00	2	[{"changed": {"fields": ["Groups", "User permissions"]}}]	4	1
176	2025-10-02 19:33:06.586291+00	2	admin00	2	[{"changed": {"fields": ["Staff status", "Superuser status"]}}]	4	1
177	2025-10-03 02:07:56.615369+00	1	رياضيات 07	1	[{"added": {}}]	11	1
178	2025-10-03 02:08:49.074047+00	2	رياضيات 08	1	[{"added": {}}]	11	1
179	2025-10-03 02:09:05.248357+00	3	رياضيات 09	1	[{"added": {}}]	11	1
180	2025-10-03 02:09:21.489665+00	4	رياضيات 10	1	[{"added": {}}]	11	1
181	2025-10-03 02:09:25.134731+00	4	رياضيات 10	2	[]	11	1
182	2025-10-03 02:09:42.564041+00	5	رياضيات 11 ادبي	1	[{"added": {}}]	11	1
183	2025-10-03 02:10:01.693679+00	6	رياضيات 11علمي	1	[{"added": {}}]	11	1
184	2025-10-03 02:10:19.192233+00	7	رياضيات 11 تكنولوجي	1	[{"added": {}}]	11	1
185	2025-10-03 02:10:38.647219+00	8	رياضيات 12 ادبي	1	[{"added": {}}]	11	1
186	2025-10-03 02:10:52.667382+00	9	رياضيات 12 عملي	1	[{"added": {}}]	11	1
187	2025-10-03 02:26:10.0277+00	7	رياضيات 11 تكنولوجي	2	[{"added": {"name": "\\u0645\\u0627\\u062f\\u0629 \\u0627\\u0644\\u0635\\u0641", "object": "11-4 \\u2013 \\u0631\\u064a\\u0627\\u0636\\u064a\\u0627\\u062a 11 \\u062a\\u0643\\u0646\\u0648\\u0644\\u0648\\u062c\\u064a"}}]	11	1
188	2025-10-03 02:26:11.962639+00	1	سفيان احمد محمد مسيف – 11-4 – رياضيات 11 تكنولوجي (6)	1	[{"added": {}}]	10	1
189	2025-10-03 02:26:53.709786+00	7	رياضيات 11 تكنولوجي	2	[]	11	1
190	2025-10-03 02:27:22.629246+00	1	سفيان احمد محمد مسيف – 11-4 – رياضيات 11 تكنولوجي (6)	2	[]	10	1
191	2025-10-03 02:27:51.475086+00	5	رياضيات 11 ادبي	2	[{"changed": {"fields": ["Code"]}}]	11	1
192	2025-10-03 02:28:50.047557+00	5	رياضيات 11 ادبي	2	[{"changed": {"fields": ["Code"]}}]	11	1
193	2025-10-03 02:29:30.682157+00	10	رياضيات	1	[{"added": {}}]	11	1
194	2025-10-03 02:31:35.086323+00	5	رياضيات 11 ادبي	2	[{"changed": {"fields": ["Code"]}}, {"added": {"name": "\\u0645\\u0627\\u062f\\u0629 \\u0627\\u0644\\u0635\\u0641", "object": "11-2 \\u2013 \\u0631\\u064a\\u0627\\u0636\\u064a\\u0627\\u062a 11 \\u0627\\u062f\\u0628\\u064a"}}]	11	1
195	2025-10-03 02:31:38.338018+00	2	سفيان احمد محمد مسيف – 11-2 – رياضيات 11 ادبي (3)	1	[{"added": {}}]	10	1
196	2025-10-03 02:32:38.031939+00	7	رياضيات 11 تكنولوجي	2	[{"changed": {"fields": ["Code"]}}]	11	1
197	2025-10-03 02:32:39.825824+00	1	سفيان احمد محمد مسيف – 11-4 – رياضيات 11 تكنولوجي (6)	2	[]	10	1
198	2025-10-03 02:33:29.344747+00	5	رياضيات 11 ادبي	2	[{"changed": {"fields": ["Code"]}}, {"added": {"name": "\\u0645\\u0627\\u062f\\u0629 \\u0627\\u0644\\u0635\\u0641", "object": "11-3 \\u2013 \\u0631\\u064a\\u0627\\u0636\\u064a\\u0627\\u062a 11 \\u0627\\u062f\\u0628\\u064a"}}]	11	1
199	2025-10-03 02:33:47.716835+00	5	رياضيات 11 ادبي	2	[]	11	1
200	2025-10-03 02:34:27.659684+00	3	سفيان احمد محمد مسيف – 11-3 – رياضيات 11 ادبي (3)	1	[{"added": {}}]	10	1
201	2025-10-03 02:35:53.68984+00	9	رياضيات 12 عملي	2	[{"changed": {"fields": ["Code"]}}, {"added": {"name": "\\u0645\\u0627\\u062f\\u0629 \\u0627\\u0644\\u0635\\u0641", "object": "12-1 \\u2013 \\u0631\\u064a\\u0627\\u0636\\u064a\\u0627\\u062a 12 \\u0639\\u0645\\u0644\\u064a"}}]	11	1
202	2025-10-03 02:35:59.230745+00	4	محمد نادي محمد العرامين – 12-1 – رياضيات 12 عملي (6)	1	[{"added": {}}]	10	1
203	2025-10-03 02:37:56.911233+00	10	تربية اسلامية	2	[{"changed": {"fields": ["\\u0627\\u0633\\u0645 \\u0627\\u0644\\u0645\\u0627\\u062f\\u0629", "Code"]}}, {"added": {"name": "\\u0645\\u0627\\u062f\\u0629 \\u0627\\u0644\\u0635\\u0641", "object": "11-4 \\u2013 \\u062a\\u0631\\u0628\\u064a\\u0629 \\u0627\\u0633\\u0644\\u0627\\u0645\\u064a\\u0629"}}]	11	1
204	2025-10-03 02:38:00.958976+00	5	فيصل جليل محيميد القعيقعى الرويلى – 11-4 – تربية اسلامية (3)	1	[{"added": {}}]	10	1
205	2025-10-03 02:38:55.577434+00	10	تربية اسلامية	2	[{"changed": {"fields": ["Weekly default"]}}, {"changed": {"name": "\\u0645\\u0627\\u062f\\u0629 \\u0627\\u0644\\u0635\\u0641", "object": "12-2 \\u2013 \\u062a\\u0631\\u0628\\u064a\\u0629 \\u0627\\u0633\\u0644\\u0627\\u0645\\u064a\\u0629", "fields": ["Classroom", "Weekly default"]}}]	11	1
206	2025-10-03 02:38:59.480029+00	6	محمد فرحان سالم  النوايسه – 12-2 – تربية اسلامية (2)	1	[{"added": {}}]	10	1
207	2025-10-03 02:39:38.540664+00	10	تربية اسلامية	2	[{"changed": {"fields": ["Weekly default"]}}, {"changed": {"name": "\\u0645\\u0627\\u062f\\u0629 \\u0627\\u0644\\u0635\\u0641", "object": "12-3 \\u2013 \\u062a\\u0631\\u0628\\u064a\\u0629 \\u0627\\u0633\\u0644\\u0627\\u0645\\u064a\\u0629", "fields": ["Classroom", "Weekly default"]}}]	11	1
208	2025-10-03 02:39:44.707903+00	7	محمد فرحان سالم  النوايسه – 12-3 – تربية اسلامية (3)	1	[{"added": {}}]	10	1
209	2025-10-03 02:40:20.269279+00	23	12-2	2	[{"added": {"name": "\\u0645\\u0627\\u062f\\u0629 \\u0627\\u0644\\u0635\\u0641", "object": "12-2 \\u2013 \\u062a\\u0631\\u0628\\u064a\\u0629 \\u0627\\u0633\\u0644\\u0627\\u0645\\u064a\\u0629"}}]	7	1
210	2025-10-03 02:40:25.744993+00	6	محمد فرحان سالم  النوايسه – 12-2 – تربية اسلامية (3)	2	[{"changed": {"fields": ["\\u0639\\u062f\\u062f \\u0627\\u0644\\u062d\\u0635\\u0635 \\u0623\\u0633\\u0628\\u0648\\u0639\\u064a\\u0627\\u064b"]}}]	10	1
211	2025-10-03 02:41:13.939431+00	10	تربية اسلامية	2	[{"changed": {"name": "\\u0645\\u0627\\u062f\\u0629 \\u0627\\u0644\\u0635\\u0641", "object": "12-4 \\u2013 \\u062a\\u0631\\u0628\\u064a\\u0629 \\u0627\\u0633\\u0644\\u0627\\u0645\\u064a\\u0629", "fields": ["Classroom"]}}]	11	1
212	2025-10-03 02:41:16.2337+00	8	محمد فرحان سالم  النوايسه – 12-4 – تربية اسلامية (3)	1	[{"added": {}}]	10	1
213	2025-10-03 02:41:59.859663+00	10	تربية اسلامية	2	[{"added": {"name": "\\u0645\\u0627\\u062f\\u0629 \\u0627\\u0644\\u0635\\u0641", "object": "9-1 \\u2013 \\u062a\\u0631\\u0628\\u064a\\u0629 \\u0627\\u0633\\u0644\\u0627\\u0645\\u064a\\u0629"}}]	11	1
214	2025-10-03 02:42:42.162532+00	9	محمد فرحان سالم  النوايسه – 9-1 – تربية اسلامية (4)	1	[{"added": {}}]	10	1
215	2025-10-03 02:44:19.385532+00	10	تربية اسلامية	2	[{"changed": {"fields": ["Weekly default"]}}, {"added": {"name": "\\u0645\\u0627\\u062f\\u0629 \\u0627\\u0644\\u0635\\u0641", "object": "9-2 \\u2013 \\u062a\\u0631\\u0628\\u064a\\u0629 \\u0627\\u0633\\u0644\\u0627\\u0645\\u064a\\u0629"}}]	11	1
216	2025-10-03 02:44:24.118623+00	10	احمد جبر جبر  خلف – 9-2 – تربية اسلامية (4)	1	[{"added": {}}]	10	1
217	2025-10-03 02:45:02.499418+00	10	تربية اسلامية	2	[{"added": {"name": "\\u0645\\u0627\\u062f\\u0629 \\u0627\\u0644\\u0635\\u0641", "object": "9-3 \\u2013 \\u062a\\u0631\\u0628\\u064a\\u0629 \\u0627\\u0633\\u0644\\u0627\\u0645\\u064a\\u0629"}}]	11	1
218	2025-10-03 02:45:13.619802+00	10	تربية اسلامية	2	[{"added": {"name": "\\u0645\\u0627\\u062f\\u0629 \\u0627\\u0644\\u0635\\u0641", "object": "9-4 \\u2013 \\u062a\\u0631\\u0628\\u064a\\u0629 \\u0627\\u0633\\u0644\\u0627\\u0645\\u064a\\u0629"}}]	11	1
219	2025-10-03 02:45:20.394323+00	11	احمد جبر جبر  خلف – 9-3 – تربية اسلامية (4)	1	[{"added": {}}]	10	1
220	2025-10-03 02:45:41.001122+00	12	احمد جبر جبر  خلف – 9-4 – تربية اسلامية (4)	1	[{"added": {}}]	10	1
221	2025-10-03 02:48:52.450959+00	10	تربية اسلامية	2	[{"changed": {"fields": ["Weekly default"]}}, {"added": {"name": "\\u0645\\u0627\\u062f\\u0629 \\u0627\\u0644\\u0635\\u0641", "object": "10-1 \\u2013 \\u062a\\u0631\\u0628\\u064a\\u0629 \\u0627\\u0633\\u0644\\u0627\\u0645\\u064a\\u0629"}}]	11	1
222	2025-10-03 02:48:55.908054+00	13	ابراهيم محمد محمود  الزريقات – 10-1 – تربية اسلامية (3)	1	[{"added": {}}]	10	1
223	2025-10-03 02:51:04.745709+00	5	رياضيات	2	[{"changed": {"fields": ["\\u0627\\u0633\\u0645 \\u0627\\u0644\\u0645\\u0627\\u062f\\u0629"]}}]	11	1
224	2025-10-03 02:52:09.466132+00	5	رياضيات	2	[{"changed": {"fields": ["Code"]}}]	11	1
225	2025-10-03 02:52:29.502905+00	5	رياضيات 11 ادبي	2	[{"changed": {"fields": ["\\u0627\\u0633\\u0645 \\u0627\\u0644\\u0645\\u0627\\u062f\\u0629"]}}]	11	1
226	2025-10-03 02:54:06.896698+00	13	ابراهيم محمد محمود  الزريقات – 10-1 – تربية اسلامية (3)	3		10	1
227	2025-10-03 02:54:06.896723+00	12	احمد جبر جبر  خلف – 9-4 – تربية اسلامية (4)	3		10	1
228	2025-10-03 02:54:06.896733+00	11	احمد جبر جبر  خلف – 9-3 – تربية اسلامية (4)	3		10	1
229	2025-10-03 02:54:06.896742+00	10	احمد جبر جبر  خلف – 9-2 – تربية اسلامية (4)	3		10	1
230	2025-10-03 02:54:06.896751+00	9	محمد فرحان سالم  النوايسه – 9-1 – تربية اسلامية (4)	3		10	1
231	2025-10-03 02:54:06.896768+00	8	محمد فرحان سالم  النوايسه – 12-4 – تربية اسلامية (3)	3		10	1
232	2025-10-03 02:54:06.896778+00	7	محمد فرحان سالم  النوايسه – 12-3 – تربية اسلامية (3)	3		10	1
233	2025-10-03 02:54:06.896787+00	6	محمد فرحان سالم  النوايسه – 12-2 – تربية اسلامية (3)	3		10	1
234	2025-10-03 02:54:06.896796+00	5	فيصل جليل محيميد القعيقعى الرويلى – 11-4 – تربية اسلامية (3)	3		10	1
235	2025-10-03 02:54:06.896806+00	4	محمد نادي محمد العرامين – 12-1 – رياضيات 12 عملي (6)	3		10	1
236	2025-10-03 02:54:06.896816+00	3	سفيان احمد محمد مسيف – 11-3 – رياضيات 11 ادبي (3)	3		10	1
237	2025-10-03 02:54:06.896825+00	2	سفيان احمد محمد مسيف – 11-2 – رياضيات 11 ادبي (3)	3		10	1
238	2025-10-03 02:54:06.896834+00	1	سفيان احمد محمد مسيف – 11-4 – رياضيات 11 تكنولوجي (6)	3		10	1
239	2025-10-03 02:54:14.483613+00	10	تربية اسلامية	3		11	1
240	2025-10-03 02:54:14.483639+00	1	رياضيات 07	3		11	1
241	2025-10-03 02:54:14.483649+00	2	رياضيات 08	3		11	1
242	2025-10-03 02:54:14.483658+00	3	رياضيات 09	3		11	1
243	2025-10-03 02:54:14.483666+00	4	رياضيات 10	3		11	1
244	2025-10-03 02:54:14.483675+00	5	رياضيات 11 ادبي	3		11	1
245	2025-10-03 02:54:14.483686+00	7	رياضيات 11 تكنولوجي	3		11	1
246	2025-10-03 02:54:14.483693+00	6	رياضيات 11علمي	3		11	1
247	2025-10-03 02:54:14.483701+00	8	رياضيات 12 ادبي	3		11	1
248	2025-10-03 02:54:14.483709+00	9	رياضيات 12 عملي	3		11	1
249	2025-10-03 02:54:59.286762+00	26	رياضيات	1	[{"added": {}}]	7	1
250	2025-10-03 02:55:31.192864+00	11	رياضيات	1	[{"added": {}}, {"added": {"name": "\\u0645\\u0627\\u062f\\u0629 \\u0627\\u0644\\u0635\\u0641", "object": "\\u0631\\u064a\\u0627\\u0636\\u064a\\u0627\\u062a \\u2013 \\u0631\\u064a\\u0627\\u0636\\u064a\\u0627\\u062a"}}]	11	1
251	2025-10-03 02:57:03.780588+00	26	رياضيات 09	2	[{"changed": {"fields": ["Name", "Grade"]}}]	7	1
252	2025-10-03 02:57:31.031368+00	11	رياضيات	2	[]	11	1
253	2025-10-03 02:58:13.86928+00	27	رياضيات 07	1	[{"added": {}}, {"added": {"name": "\\u0645\\u0627\\u062f\\u0629 \\u0627\\u0644\\u0635\\u0641", "object": "\\u0631\\u064a\\u0627\\u0636\\u064a\\u0627\\u062a 07 \\u2013 \\u0631\\u064a\\u0627\\u0636\\u064a\\u0627\\u062a"}}]	7	1
254	2025-10-03 02:58:46.804351+00	11	رياضيات	3		11	1
255	2025-10-03 02:59:35.161727+00	12	رياضيات	1	[{"added": {}}, {"added": {"name": "\\u0645\\u0627\\u062f\\u0629 \\u0627\\u0644\\u0635\\u0641", "object": "11-4 \\u2013 \\u0631\\u064a\\u0627\\u0636\\u064a\\u0627\\u062a"}}]	11	1
256	2025-10-03 02:59:40.289497+00	14	سفيان احمد محمد مسيف – 11-4 – رياضيات (6)	1	[{"added": {}}]	10	1
257	2025-10-03 02:59:55.563207+00	14	سفيان احمد محمد مسيف – 11-4 – رياضيات (6)	2	[]	10	1
258	2025-10-03 03:00:27.049323+00	12	رياضيات	2	[{"added": {"name": "\\u0645\\u0627\\u062f\\u0629 \\u0627\\u0644\\u0635\\u0641", "object": "11-2 \\u2013 \\u0631\\u064a\\u0627\\u0636\\u064a\\u0627\\u062a"}}]	11	1
259	2025-10-03 03:00:28.358646+00	15	سفيان احمد محمد مسيف – 11-2 – رياضيات (3)	1	[{"added": {}}]	10	1
260	2025-10-03 03:01:01.604875+00	12	رياضيات	2	[{"added": {"name": "\\u0645\\u0627\\u062f\\u0629 \\u0627\\u0644\\u0635\\u0641", "object": "11-3 \\u2013 \\u0631\\u064a\\u0627\\u0636\\u064a\\u0627\\u062a"}}]	11	1
261	2025-10-03 03:01:41.01286+00	16	سفيان احمد محمد مسيف – 11-3 – رياضيات (3)	1	[{"added": {}}]	10	1
262	2025-10-03 03:02:00.558408+00	12	رياضيات	2	[{"changed": {"fields": ["Weekly default"]}}, {"changed": {"name": "\\u0645\\u0627\\u062f\\u0629 \\u0627\\u0644\\u0635\\u0641", "object": "11-3 \\u2013 \\u0631\\u064a\\u0627\\u0636\\u064a\\u0627\\u062a", "fields": ["Weekly default"]}}]	11	1
263	2025-10-03 03:02:28.926676+00	12	رياضيات	2	[{"added": {"name": "\\u0645\\u0627\\u062f\\u0629 \\u0627\\u0644\\u0635\\u0641", "object": "7-1 \\u2013 \\u0631\\u064a\\u0627\\u0636\\u064a\\u0627\\u062a"}}]	11	1
264	2025-10-03 03:03:08.852505+00	12	رياضيات	2	[{"added": {"name": "\\u0645\\u0627\\u062f\\u0629 \\u0627\\u0644\\u0635\\u0641", "object": "7-2 \\u2013 \\u0631\\u064a\\u0627\\u0636\\u064a\\u0627\\u062a"}}, {"added": {"name": "\\u0645\\u0627\\u062f\\u0629 \\u0627\\u0644\\u0635\\u0641", "object": "7-3 \\u2013 \\u0631\\u064a\\u0627\\u0636\\u064a\\u0627\\u062a"}}, {"added": {"name": "\\u0645\\u0627\\u062f\\u0629 \\u0627\\u0644\\u0635\\u0641", "object": "7-4 \\u2013 \\u0631\\u064a\\u0627\\u0636\\u064a\\u0627\\u062a"}}, {"added": {"name": "\\u0645\\u0627\\u062f\\u0629 \\u0627\\u0644\\u0635\\u0641", "object": "7-5 \\u2013 \\u0631\\u064a\\u0627\\u0636\\u064a\\u0627\\u062a"}}, {"added": {"name": "\\u0645\\u0627\\u062f\\u0629 \\u0627\\u0644\\u0635\\u0641", "object": "8-1 \\u2013 \\u0631\\u064a\\u0627\\u0636\\u064a\\u0627\\u062a"}}, {"added": {"name": "\\u0645\\u0627\\u062f\\u0629 \\u0627\\u0644\\u0635\\u0641", "object": "8-2 \\u2013 \\u0631\\u064a\\u0627\\u0636\\u064a\\u0627\\u062a"}}]	11	1
265	2025-10-03 03:03:52.41312+00	12	رياضيات	2	[{"added": {"name": "\\u0645\\u0627\\u062f\\u0629 \\u0627\\u0644\\u0635\\u0641", "object": "8-3 \\u2013 \\u0631\\u064a\\u0627\\u0636\\u064a\\u0627\\u062a"}}, {"added": {"name": "\\u0645\\u0627\\u062f\\u0629 \\u0627\\u0644\\u0635\\u0641", "object": "8-4 \\u2013 \\u0631\\u064a\\u0627\\u0636\\u064a\\u0627\\u062a"}}, {"added": {"name": "\\u0645\\u0627\\u062f\\u0629 \\u0627\\u0644\\u0635\\u0641", "object": "9-1 \\u2013 \\u0631\\u064a\\u0627\\u0636\\u064a\\u0627\\u062a"}}, {"added": {"name": "\\u0645\\u0627\\u062f\\u0629 \\u0627\\u0644\\u0635\\u0641", "object": "9-2 \\u2013 \\u0631\\u064a\\u0627\\u0636\\u064a\\u0627\\u062a"}}, {"added": {"name": "\\u0645\\u0627\\u062f\\u0629 \\u0627\\u0644\\u0635\\u0641", "object": "9-3 \\u2013 \\u0631\\u064a\\u0627\\u0636\\u064a\\u0627\\u062a"}}, {"added": {"name": "\\u0645\\u0627\\u062f\\u0629 \\u0627\\u0644\\u0635\\u0641", "object": "9-4 \\u2013 \\u0631\\u064a\\u0627\\u0636\\u064a\\u0627\\u062a"}}]	11	1
266	2025-10-03 03:05:45.582303+00	27	رياضيات 07	3		7	1
267	2025-10-03 03:05:45.582331+00	26	رياضيات 09	3		7	1
268	2025-10-03 03:06:02.124056+00	12	رياضيات	2	[]	11	1
269	2025-10-03 03:06:21.012355+00	12	رياضيات	2	[{"added": {"name": "\\u0645\\u0627\\u062f\\u0629 \\u0627\\u0644\\u0635\\u0641", "object": "10-1 \\u2013 \\u0631\\u064a\\u0627\\u0636\\u064a\\u0627\\u062a"}}, {"added": {"name": "\\u0645\\u0627\\u062f\\u0629 \\u0627\\u0644\\u0635\\u0641", "object": "10-2 \\u2013 \\u0631\\u064a\\u0627\\u0636\\u064a\\u0627\\u062a"}}]	11	1
270	2025-10-03 03:06:35.957367+00	12	رياضيات	2	[{"added": {"name": "\\u0645\\u0627\\u062f\\u0629 \\u0627\\u0644\\u0635\\u0641", "object": "10-3 \\u2013 \\u0631\\u064a\\u0627\\u0636\\u064a\\u0627\\u062a"}}, {"added": {"name": "\\u0645\\u0627\\u062f\\u0629 \\u0627\\u0644\\u0635\\u0641", "object": "10-4 \\u2013 \\u0631\\u064a\\u0627\\u0636\\u064a\\u0627\\u062a"}}]	11	1
271	2025-10-03 03:07:26.501527+00	16	سفيان احمد محمد مسيف – 11-3 – رياضيات (3)	3		10	1
272	2025-10-03 03:07:26.501551+00	15	سفيان احمد محمد مسيف – 11-2 – رياضيات (3)	3		10	1
273	2025-10-03 03:07:26.501577+00	14	سفيان احمد محمد مسيف – 11-4 – رياضيات (6)	3		10	1
274	2025-10-03 03:07:43.812976+00	12	رياضيات	2	[{"added": {"name": "\\u0645\\u0627\\u062f\\u0629 \\u0627\\u0644\\u0635\\u0641", "object": "11-1 \\u2013 \\u0631\\u064a\\u0627\\u0636\\u064a\\u0627\\u062a"}}]	11	1
275	2025-10-03 03:08:36.596422+00	19	11-2	2	[{"changed": {"fields": ["Section"]}}]	7	1
276	2025-10-03 03:09:59.504343+00	12	رياضيات	2	[]	11	1
309	2025-10-03 03:11:15.320672+00	12	رياضيات	2	[{"added": {"name": "\\u0645\\u0627\\u062f\\u0629 \\u0627\\u0644\\u0635\\u0641", "object": "12-1 \\u2013 \\u0631\\u064a\\u0627\\u0636\\u064a\\u0627\\u062a"}}]	11	1
310	2025-10-03 03:11:44.038017+00	12	رياضيات	2	[{"added": {"name": "\\u0645\\u0627\\u062f\\u0629 \\u0627\\u0644\\u0635\\u0641", "object": "12-2 \\u2013 \\u0631\\u064a\\u0627\\u0636\\u064a\\u0627\\u062a"}}, {"added": {"name": "\\u0645\\u0627\\u062f\\u0629 \\u0627\\u0644\\u0635\\u0641", "object": "12-3 \\u2013 \\u0631\\u064a\\u0627\\u0636\\u064a\\u0627\\u062a"}}, {"added": {"name": "\\u0645\\u0627\\u062f\\u0629 \\u0627\\u0644\\u0635\\u0641", "object": "12-4 \\u2013 \\u0631\\u064a\\u0627\\u0636\\u064a\\u0627\\u062a"}}]	11	1
311	2025-10-03 03:12:47.320154+00	19	11-2	2	[]	7	1
312	2025-10-03 03:12:48.860596+00	17	سفيان احمد محمد مسيف – 11-2 – رياضيات (3)	1	[{"added": {}}]	10	1
313	2025-10-03 03:13:43.245045+00	17	سفيان احمد محمد مسيف – 11-3 – رياضيات (3)	2	[{"changed": {"fields": ["Classroom"]}}]	10	1
314	2025-10-03 03:13:53.771753+00	17	سفيان احمد محمد مسيف – 11-2 – رياضيات (3)	2	[{"changed": {"fields": ["Classroom"]}}]	10	1
315	2025-10-03 03:14:20.925384+00	18	سفيان احمد محمد مسيف – 11-3 – رياضيات (3)	1	[{"added": {}}]	10	1
316	2025-10-03 03:14:36.614619+00	19	سفيان احمد محمد مسيف – 11-4 – رياضيات (6)	1	[{"added": {}}]	10	1
317	2025-10-03 03:15:58.711657+00	13	تربية اسلامية	1	[{"added": {}}, {"added": {"name": "\\u0645\\u0627\\u062f\\u0629 \\u0627\\u0644\\u0635\\u0641", "object": "7-1 \\u2013 \\u062a\\u0631\\u0628\\u064a\\u0629 \\u0627\\u0633\\u0644\\u0627\\u0645\\u064a\\u0629"}}]	11	1
318	2025-10-03 03:16:10.902085+00	13	تربية اسلامية	2	[{"changed": {"fields": ["Code"]}}]	11	1
319	2025-10-03 03:16:39.91353+00	13	تربية اسلامية	2	[{"added": {"name": "\\u0645\\u0627\\u062f\\u0629 \\u0627\\u0644\\u0635\\u0641", "object": "7-2 \\u2013 \\u062a\\u0631\\u0628\\u064a\\u0629 \\u0627\\u0633\\u0644\\u0627\\u0645\\u064a\\u0629"}}, {"added": {"name": "\\u0645\\u0627\\u062f\\u0629 \\u0627\\u0644\\u0635\\u0641", "object": "7-3 \\u2013 \\u062a\\u0631\\u0628\\u064a\\u0629 \\u0627\\u0633\\u0644\\u0627\\u0645\\u064a\\u0629"}}, {"added": {"name": "\\u0645\\u0627\\u062f\\u0629 \\u0627\\u0644\\u0635\\u0641", "object": "7-4 \\u2013 \\u062a\\u0631\\u0628\\u064a\\u0629 \\u0627\\u0633\\u0644\\u0627\\u0645\\u064a\\u0629"}}, {"added": {"name": "\\u0645\\u0627\\u062f\\u0629 \\u0627\\u0644\\u0635\\u0641", "object": "7-5 \\u2013 \\u062a\\u0631\\u0628\\u064a\\u0629 \\u0627\\u0633\\u0644\\u0627\\u0645\\u064a\\u0629"}}]	11	1
320	2025-10-03 03:17:12.343566+00	13	تربية اسلامية	2	[{"added": {"name": "\\u0645\\u0627\\u062f\\u0629 \\u0627\\u0644\\u0635\\u0641", "object": "8-1 \\u2013 \\u062a\\u0631\\u0628\\u064a\\u0629 \\u0627\\u0633\\u0644\\u0627\\u0645\\u064a\\u0629"}}, {"added": {"name": "\\u0645\\u0627\\u062f\\u0629 \\u0627\\u0644\\u0635\\u0641", "object": "8-2 \\u2013 \\u062a\\u0631\\u0628\\u064a\\u0629 \\u0627\\u0633\\u0644\\u0627\\u0645\\u064a\\u0629"}}, {"added": {"name": "\\u0645\\u0627\\u062f\\u0629 \\u0627\\u0644\\u0635\\u0641", "object": "8-3 \\u2013 \\u062a\\u0631\\u0628\\u064a\\u0629 \\u0627\\u0633\\u0644\\u0627\\u0645\\u064a\\u0629"}}, {"added": {"name": "\\u0645\\u0627\\u062f\\u0629 \\u0627\\u0644\\u0635\\u0641", "object": "8-4 \\u2013 \\u062a\\u0631\\u0628\\u064a\\u0629 \\u0627\\u0633\\u0644\\u0627\\u0645\\u064a\\u0629"}}]	11	1
321	2025-10-03 03:18:15.508887+00	13	تربية اسلامية	2	[{"added": {"name": "\\u0645\\u0627\\u062f\\u0629 \\u0627\\u0644\\u0635\\u0641", "object": "9-1 \\u2013 \\u062a\\u0631\\u0628\\u064a\\u0629 \\u0627\\u0633\\u0644\\u0627\\u0645\\u064a\\u0629"}}, {"added": {"name": "\\u0645\\u0627\\u062f\\u0629 \\u0627\\u0644\\u0635\\u0641", "object": "9-2 \\u2013 \\u062a\\u0631\\u0628\\u064a\\u0629 \\u0627\\u0633\\u0644\\u0627\\u0645\\u064a\\u0629"}}, {"added": {"name": "\\u0645\\u0627\\u062f\\u0629 \\u0627\\u0644\\u0635\\u0641", "object": "9-3 \\u2013 \\u062a\\u0631\\u0628\\u064a\\u0629 \\u0627\\u0633\\u0644\\u0627\\u0645\\u064a\\u0629"}}, {"added": {"name": "\\u0645\\u0627\\u062f\\u0629 \\u0627\\u0644\\u0635\\u0641", "object": "9-4 \\u2013 \\u062a\\u0631\\u0628\\u064a\\u0629 \\u0627\\u0633\\u0644\\u0627\\u0645\\u064a\\u0629"}}, {"added": {"name": "\\u0645\\u0627\\u062f\\u0629 \\u0627\\u0644\\u0635\\u0641", "object": "10-1 \\u2013 \\u062a\\u0631\\u0628\\u064a\\u0629 \\u0627\\u0633\\u0644\\u0627\\u0645\\u064a\\u0629"}}, {"added": {"name": "\\u0645\\u0627\\u062f\\u0629 \\u0627\\u0644\\u0635\\u0641", "object": "10-2 \\u2013 \\u062a\\u0631\\u0628\\u064a\\u0629 \\u0627\\u0633\\u0644\\u0627\\u0645\\u064a\\u0629"}}, {"added": {"name": "\\u0645\\u0627\\u062f\\u0629 \\u0627\\u0644\\u0635\\u0641", "object": "10-3 \\u2013 \\u062a\\u0631\\u0628\\u064a\\u0629 \\u0627\\u0633\\u0644\\u0627\\u0645\\u064a\\u0629"}}, {"added": {"name": "\\u0645\\u0627\\u062f\\u0629 \\u0627\\u0644\\u0635\\u0641", "object": "10-4 \\u2013 \\u062a\\u0631\\u0628\\u064a\\u0629 \\u0627\\u0633\\u0644\\u0627\\u0645\\u064a\\u0629"}}]	11	1
322	2025-10-03 03:19:53.042687+00	13	تربية اسلامية	2	[{"added": {"name": "\\u0645\\u0627\\u062f\\u0629 \\u0627\\u0644\\u0635\\u0641", "object": "11-1 \\u2013 \\u062a\\u0631\\u0628\\u064a\\u0629 \\u0627\\u0633\\u0644\\u0627\\u0645\\u064a\\u0629"}}, {"added": {"name": "\\u0645\\u0627\\u062f\\u0629 \\u0627\\u0644\\u0635\\u0641", "object": "11-2 \\u2013 \\u062a\\u0631\\u0628\\u064a\\u0629 \\u0627\\u0633\\u0644\\u0627\\u0645\\u064a\\u0629"}}, {"added": {"name": "\\u0645\\u0627\\u062f\\u0629 \\u0627\\u0644\\u0635\\u0641", "object": "11-3 \\u2013 \\u062a\\u0631\\u0628\\u064a\\u0629 \\u0627\\u0633\\u0644\\u0627\\u0645\\u064a\\u0629"}}, {"added": {"name": "\\u0645\\u0627\\u062f\\u0629 \\u0627\\u0644\\u0635\\u0641", "object": "11-4 \\u2013 \\u062a\\u0631\\u0628\\u064a\\u0629 \\u0627\\u0633\\u0644\\u0627\\u0645\\u064a\\u0629"}}, {"added": {"name": "\\u0645\\u0627\\u062f\\u0629 \\u0627\\u0644\\u0635\\u0641", "object": "12-1 \\u2013 \\u062a\\u0631\\u0628\\u064a\\u0629 \\u0627\\u0633\\u0644\\u0627\\u0645\\u064a\\u0629"}}, {"added": {"name": "\\u0645\\u0627\\u062f\\u0629 \\u0627\\u0644\\u0635\\u0641", "object": "12-2 \\u2013 \\u062a\\u0631\\u0628\\u064a\\u0629 \\u0627\\u0633\\u0644\\u0627\\u0645\\u064a\\u0629"}}, {"added": {"name": "\\u0645\\u0627\\u062f\\u0629 \\u0627\\u0644\\u0635\\u0641", "object": "12-3 \\u2013 \\u062a\\u0631\\u0628\\u064a\\u0629 \\u0627\\u0633\\u0644\\u0627\\u0645\\u064a\\u0629"}}, {"added": {"name": "\\u0645\\u0627\\u062f\\u0629 \\u0627\\u0644\\u0635\\u0641", "object": "12-4 \\u2013 \\u062a\\u0631\\u0628\\u064a\\u0629 \\u0627\\u0633\\u0644\\u0627\\u0645\\u064a\\u0629"}}]	11	1
323	2025-10-03 03:20:43.152254+00	14	اللغة العربية	1	[{"added": {}}, {"added": {"name": "\\u0645\\u0627\\u062f\\u0629 \\u0627\\u0644\\u0635\\u0641", "object": "7-1 \\u2013 \\u0627\\u0644\\u0644\\u063a\\u0629 \\u0627\\u0644\\u0639\\u0631\\u0628\\u064a\\u0629"}}, {"added": {"name": "\\u0645\\u0627\\u062f\\u0629 \\u0627\\u0644\\u0635\\u0641", "object": "7-2 \\u2013 \\u0627\\u0644\\u0644\\u063a\\u0629 \\u0627\\u0644\\u0639\\u0631\\u0628\\u064a\\u0629"}}, {"added": {"name": "\\u0645\\u0627\\u062f\\u0629 \\u0627\\u0644\\u0635\\u0641", "object": "7-3 \\u2013 \\u0627\\u0644\\u0644\\u063a\\u0629 \\u0627\\u0644\\u0639\\u0631\\u0628\\u064a\\u0629"}}, {"added": {"name": "\\u0645\\u0627\\u062f\\u0629 \\u0627\\u0644\\u0635\\u0641", "object": "7-4 \\u2013 \\u0627\\u0644\\u0644\\u063a\\u0629 \\u0627\\u0644\\u0639\\u0631\\u0628\\u064a\\u0629"}}, {"added": {"name": "\\u0645\\u0627\\u062f\\u0629 \\u0627\\u0644\\u0635\\u0641", "object": "7-5 \\u2013 \\u0627\\u0644\\u0644\\u063a\\u0629 \\u0627\\u0644\\u0639\\u0631\\u0628\\u064a\\u0629"}}]	11	1
324	2025-10-03 03:21:25.501498+00	14	اللغة العربية	2	[{"added": {"name": "\\u0645\\u0627\\u062f\\u0629 \\u0627\\u0644\\u0635\\u0641", "object": "8-1 \\u2013 \\u0627\\u0644\\u0644\\u063a\\u0629 \\u0627\\u0644\\u0639\\u0631\\u0628\\u064a\\u0629"}}, {"added": {"name": "\\u0645\\u0627\\u062f\\u0629 \\u0627\\u0644\\u0635\\u0641", "object": "8-2 \\u2013 \\u0627\\u0644\\u0644\\u063a\\u0629 \\u0627\\u0644\\u0639\\u0631\\u0628\\u064a\\u0629"}}, {"added": {"name": "\\u0645\\u0627\\u062f\\u0629 \\u0627\\u0644\\u0635\\u0641", "object": "8-3 \\u2013 \\u0627\\u0644\\u0644\\u063a\\u0629 \\u0627\\u0644\\u0639\\u0631\\u0628\\u064a\\u0629"}}, {"added": {"name": "\\u0645\\u0627\\u062f\\u0629 \\u0627\\u0644\\u0635\\u0641", "object": "8-4 \\u2013 \\u0627\\u0644\\u0644\\u063a\\u0629 \\u0627\\u0644\\u0639\\u0631\\u0628\\u064a\\u0629"}}]	11	1
325	2025-10-03 03:21:51.743262+00	14	اللغة العربية	2	[{"added": {"name": "\\u0645\\u0627\\u062f\\u0629 \\u0627\\u0644\\u0635\\u0641", "object": "9-1 \\u2013 \\u0627\\u0644\\u0644\\u063a\\u0629 \\u0627\\u0644\\u0639\\u0631\\u0628\\u064a\\u0629"}}, {"added": {"name": "\\u0645\\u0627\\u062f\\u0629 \\u0627\\u0644\\u0635\\u0641", "object": "9-2 \\u2013 \\u0627\\u0644\\u0644\\u063a\\u0629 \\u0627\\u0644\\u0639\\u0631\\u0628\\u064a\\u0629"}}, {"added": {"name": "\\u0645\\u0627\\u062f\\u0629 \\u0627\\u0644\\u0635\\u0641", "object": "9-3 \\u2013 \\u0627\\u0644\\u0644\\u063a\\u0629 \\u0627\\u0644\\u0639\\u0631\\u0628\\u064a\\u0629"}}, {"added": {"name": "\\u0645\\u0627\\u062f\\u0629 \\u0627\\u0644\\u0635\\u0641", "object": "9-4 \\u2013 \\u0627\\u0644\\u0644\\u063a\\u0629 \\u0627\\u0644\\u0639\\u0631\\u0628\\u064a\\u0629"}}]	11	1
326	2025-10-03 03:22:15.88143+00	14	اللغة العربية	2	[{"added": {"name": "\\u0645\\u0627\\u062f\\u0629 \\u0627\\u0644\\u0635\\u0641", "object": "10-1 \\u2013 \\u0627\\u0644\\u0644\\u063a\\u0629 \\u0627\\u0644\\u0639\\u0631\\u0628\\u064a\\u0629"}}, {"added": {"name": "\\u0645\\u0627\\u062f\\u0629 \\u0627\\u0644\\u0635\\u0641", "object": "10-2 \\u2013 \\u0627\\u0644\\u0644\\u063a\\u0629 \\u0627\\u0644\\u0639\\u0631\\u0628\\u064a\\u0629"}}, {"added": {"name": "\\u0645\\u0627\\u062f\\u0629 \\u0627\\u0644\\u0635\\u0641", "object": "10-3 \\u2013 \\u0627\\u0644\\u0644\\u063a\\u0629 \\u0627\\u0644\\u0639\\u0631\\u0628\\u064a\\u0629"}}, {"added": {"name": "\\u0645\\u0627\\u062f\\u0629 \\u0627\\u0644\\u0635\\u0641", "object": "10-4 \\u2013 \\u0627\\u0644\\u0644\\u063a\\u0629 \\u0627\\u0644\\u0639\\u0631\\u0628\\u064a\\u0629"}}]	11	1
327	2025-10-03 03:24:07.024901+00	14	اللغة العربية	2	[{"added": {"name": "\\u0645\\u0627\\u062f\\u0629 \\u0627\\u0644\\u0635\\u0641", "object": "11-1 \\u2013 \\u0627\\u0644\\u0644\\u063a\\u0629 \\u0627\\u0644\\u0639\\u0631\\u0628\\u064a\\u0629"}}, {"added": {"name": "\\u0645\\u0627\\u062f\\u0629 \\u0627\\u0644\\u0635\\u0641", "object": "11-2 \\u2013 \\u0627\\u0644\\u0644\\u063a\\u0629 \\u0627\\u0644\\u0639\\u0631\\u0628\\u064a\\u0629"}}, {"added": {"name": "\\u0645\\u0627\\u062f\\u0629 \\u0627\\u0644\\u0635\\u0641", "object": "11-3 \\u2013 \\u0627\\u0644\\u0644\\u063a\\u0629 \\u0627\\u0644\\u0639\\u0631\\u0628\\u064a\\u0629"}}, {"added": {"name": "\\u0645\\u0627\\u062f\\u0629 \\u0627\\u0644\\u0635\\u0641", "object": "11-4 \\u2013 \\u0627\\u0644\\u0644\\u063a\\u0629 \\u0627\\u0644\\u0639\\u0631\\u0628\\u064a\\u0629"}}, {"added": {"name": "\\u0645\\u0627\\u062f\\u0629 \\u0627\\u0644\\u0635\\u0641", "object": "12-1 \\u2013 \\u0627\\u0644\\u0644\\u063a\\u0629 \\u0627\\u0644\\u0639\\u0631\\u0628\\u064a\\u0629"}}, {"added": {"name": "\\u0645\\u0627\\u062f\\u0629 \\u0627\\u0644\\u0635\\u0641", "object": "12-2 \\u2013 \\u0627\\u0644\\u0644\\u063a\\u0629 \\u0627\\u0644\\u0639\\u0631\\u0628\\u064a\\u0629"}}, {"added": {"name": "\\u0645\\u0627\\u062f\\u0629 \\u0627\\u0644\\u0635\\u0641", "object": "12-3 \\u2013 \\u0627\\u0644\\u0644\\u063a\\u0629 \\u0627\\u0644\\u0639\\u0631\\u0628\\u064a\\u0629"}}, {"added": {"name": "\\u0645\\u0627\\u062f\\u0629 \\u0627\\u0644\\u0635\\u0641", "object": "12-4 \\u2013 \\u0627\\u0644\\u0644\\u063a\\u0629 \\u0627\\u0644\\u0639\\u0631\\u0628\\u064a\\u0629"}}]	11	1
328	2025-10-03 03:26:02.482275+00	15	احياء	1	[{"added": {}}, {"added": {"name": "\\u0645\\u0627\\u062f\\u0629 \\u0627\\u0644\\u0635\\u0641", "object": "12-1 \\u2013 \\u0627\\u062d\\u064a\\u0627\\u0621"}}, {"added": {"name": "\\u0645\\u0627\\u062f\\u0629 \\u0627\\u0644\\u0635\\u0641", "object": "11-1 \\u2013 \\u0627\\u062d\\u064a\\u0627\\u0621"}}, {"added": {"name": "\\u0645\\u0627\\u062f\\u0629 \\u0627\\u0644\\u0635\\u0641", "object": "10-1 \\u2013 \\u0627\\u062d\\u064a\\u0627\\u0621"}}, {"added": {"name": "\\u0645\\u0627\\u062f\\u0629 \\u0627\\u0644\\u0635\\u0641", "object": "10-2 \\u2013 \\u0627\\u062d\\u064a\\u0627\\u0621"}}, {"added": {"name": "\\u0645\\u0627\\u062f\\u0629 \\u0627\\u0644\\u0635\\u0641", "object": "10-3 \\u2013 \\u0627\\u062d\\u064a\\u0627\\u0621"}}, {"added": {"name": "\\u0645\\u0627\\u062f\\u0629 \\u0627\\u0644\\u0635\\u0641", "object": "10-4 \\u2013 \\u0627\\u062d\\u064a\\u0627\\u0621"}}]	11	1
329	2025-10-03 03:27:19.152271+00	16	علوم عامة	1	[{"added": {}}, {"added": {"name": "\\u0645\\u0627\\u062f\\u0629 \\u0627\\u0644\\u0635\\u0641", "object": "11-2 \\u2013 \\u0639\\u0644\\u0648\\u0645 \\u0639\\u0627\\u0645\\u0629"}}, {"added": {"name": "\\u0645\\u0627\\u062f\\u0629 \\u0627\\u0644\\u0635\\u0641", "object": "11-3 \\u2013 \\u0639\\u0644\\u0648\\u0645 \\u0639\\u0627\\u0645\\u0629"}}, {"added": {"name": "\\u0645\\u0627\\u062f\\u0629 \\u0627\\u0644\\u0635\\u0641", "object": "12-2 \\u2013 \\u0639\\u0644\\u0648\\u0645 \\u0639\\u0627\\u0645\\u0629"}}, {"added": {"name": "\\u0645\\u0627\\u062f\\u0629 \\u0627\\u0644\\u0635\\u0641", "object": "12-3 \\u2013 \\u0639\\u0644\\u0648\\u0645 \\u0639\\u0627\\u0645\\u0629"}}, {"added": {"name": "\\u0645\\u0627\\u062f\\u0629 \\u0627\\u0644\\u0635\\u0641", "object": "12-4 \\u2013 \\u0639\\u0644\\u0648\\u0645 \\u0639\\u0627\\u0645\\u0629"}}]	11	1
330	2025-10-03 03:29:35.452468+00	17	فيزياء	1	[{"added": {}}, {"added": {"name": "\\u0645\\u0627\\u062f\\u0629 \\u0627\\u0644\\u0635\\u0641", "object": "12-1 \\u2013 \\u0641\\u064a\\u0632\\u064a\\u0627\\u0621"}}, {"added": {"name": "\\u0645\\u0627\\u062f\\u0629 \\u0627\\u0644\\u0635\\u0641", "object": "11-1 \\u2013 \\u0641\\u064a\\u0632\\u064a\\u0627\\u0621"}}, {"added": {"name": "\\u0645\\u0627\\u062f\\u0629 \\u0627\\u0644\\u0635\\u0641", "object": "11-4 \\u2013 \\u0641\\u064a\\u0632\\u064a\\u0627\\u0621"}}, {"added": {"name": "\\u0645\\u0627\\u062f\\u0629 \\u0627\\u0644\\u0635\\u0641", "object": "10-1 \\u2013 \\u0641\\u064a\\u0632\\u064a\\u0627\\u0621"}}, {"added": {"name": "\\u0645\\u0627\\u062f\\u0629 \\u0627\\u0644\\u0635\\u0641", "object": "10-2 \\u2013 \\u0641\\u064a\\u0632\\u064a\\u0627\\u0621"}}, {"added": {"name": "\\u0645\\u0627\\u062f\\u0629 \\u0627\\u0644\\u0635\\u0641", "object": "10-3 \\u2013 \\u0641\\u064a\\u0632\\u064a\\u0627\\u0621"}}, {"added": {"name": "\\u0645\\u0627\\u062f\\u0629 \\u0627\\u0644\\u0635\\u0641", "object": "10-4 \\u2013 \\u0641\\u064a\\u0632\\u064a\\u0627\\u0621"}}]	11	1
331	2025-10-03 03:32:04.154563+00	18	كيمياء	1	[{"added": {}}, {"added": {"name": "\\u0645\\u0627\\u062f\\u0629 \\u0627\\u0644\\u0635\\u0641", "object": "12-1 \\u2013 \\u0643\\u064a\\u0645\\u064a\\u0627\\u0621"}}, {"added": {"name": "\\u0645\\u0627\\u062f\\u0629 \\u0627\\u0644\\u0635\\u0641", "object": "11-1 \\u2013 \\u0643\\u064a\\u0645\\u064a\\u0627\\u0621"}}, {"added": {"name": "\\u0645\\u0627\\u062f\\u0629 \\u0627\\u0644\\u0635\\u0641", "object": "11-4 \\u2013 \\u0643\\u064a\\u0645\\u064a\\u0627\\u0621"}}, {"added": {"name": "\\u0645\\u0627\\u062f\\u0629 \\u0627\\u0644\\u0635\\u0641", "object": "10-1 \\u2013 \\u0643\\u064a\\u0645\\u064a\\u0627\\u0621"}}, {"added": {"name": "\\u0645\\u0627\\u062f\\u0629 \\u0627\\u0644\\u0635\\u0641", "object": "10-2 \\u2013 \\u0643\\u064a\\u0645\\u064a\\u0627\\u0621"}}, {"added": {"name": "\\u0645\\u0627\\u062f\\u0629 \\u0627\\u0644\\u0635\\u0641", "object": "10-3 \\u2013 \\u0643\\u064a\\u0645\\u064a\\u0627\\u0621"}}, {"added": {"name": "\\u0645\\u0627\\u062f\\u0629 \\u0627\\u0644\\u0635\\u0641", "object": "10-4 \\u2013 \\u0643\\u064a\\u0645\\u064a\\u0627\\u0621"}}]	11	1
353	2025-10-03 07:37:22.971843+00	28	ابراهيم محمد محمود  الزريقات – 10-4 – تربية اسلامية (3)	1	[{"added": {}}]	10	1
355	2025-10-03 07:38:20.8012+00	29	احمد جبر جبر  خلف – 9-2 – تربية اسلامية (4)	2	[{"changed": {"fields": ["\\u0639\\u062f\\u062f \\u0627\\u0644\\u062d\\u0635\\u0635 \\u0623\\u0633\\u0628\\u0648\\u0639\\u064a\\u0627\\u064b"]}}]	10	1
356	2025-10-03 07:38:39.63387+00	30	احمد جبر جبر  خلف – 9-3 – تربية اسلامية (4)	1	[{"added": {}}]	10	1
357	2025-10-03 07:39:02.583629+00	31	احمد جبر جبر  خلف – 9-4 – تربية اسلامية (4)	1	[{"added": {}}]	10	1
358	2025-10-03 07:39:37.355526+00	32	ابراهيم سليمان طه  حمد – 11-2 – تربية اسلامية (3)	1	[{"added": {}}]	10	1
359	2025-10-03 07:40:34.74171+00	33	ابراهيم سليمان طه  حمد – 11-3 – تربية اسلامية (3)	1	[{"added": {}}]	10	1
360	2025-10-03 07:40:58.468535+00	34	ابراهيم سليمان طه  حمد – 12-1 – تربية اسلامية (3)	1	[{"added": {}}]	10	1
332	2025-10-03 03:33:53.496632+00	19	علوم	1	[{"added": {}}, {"added": {"name": "\\u0645\\u0627\\u062f\\u0629 \\u0627\\u0644\\u0635\\u0641", "object": "7-1 \\u2013 \\u0639\\u0644\\u0648\\u0645"}}, {"added": {"name": "\\u0645\\u0627\\u062f\\u0629 \\u0627\\u0644\\u0635\\u0641", "object": "7-2 \\u2013 \\u0639\\u0644\\u0648\\u0645"}}, {"added": {"name": "\\u0645\\u0627\\u062f\\u0629 \\u0627\\u0644\\u0635\\u0641", "object": "7-3 \\u2013 \\u0639\\u0644\\u0648\\u0645"}}, {"added": {"name": "\\u0645\\u0627\\u062f\\u0629 \\u0627\\u0644\\u0635\\u0641", "object": "7-4 \\u2013 \\u0639\\u0644\\u0648\\u0645"}}, {"added": {"name": "\\u0645\\u0627\\u062f\\u0629 \\u0627\\u0644\\u0635\\u0641", "object": "7-5 \\u2013 \\u0639\\u0644\\u0648\\u0645"}}, {"added": {"name": "\\u0645\\u0627\\u062f\\u0629 \\u0627\\u0644\\u0635\\u0641", "object": "8-1 \\u2013 \\u0639\\u0644\\u0648\\u0645"}}, {"added": {"name": "\\u0645\\u0627\\u062f\\u0629 \\u0627\\u0644\\u0635\\u0641", "object": "8-2 \\u2013 \\u0639\\u0644\\u0648\\u0645"}}, {"added": {"name": "\\u0645\\u0627\\u062f\\u0629 \\u0627\\u0644\\u0635\\u0641", "object": "8-3 \\u2013 \\u0639\\u0644\\u0648\\u0645"}}, {"added": {"name": "\\u0645\\u0627\\u062f\\u0629 \\u0627\\u0644\\u0635\\u0641", "object": "8-4 \\u2013 \\u0639\\u0644\\u0648\\u0645"}}, {"added": {"name": "\\u0645\\u0627\\u062f\\u0629 \\u0627\\u0644\\u0635\\u0641", "object": "9-1 \\u2013 \\u0639\\u0644\\u0648\\u0645"}}, {"added": {"name": "\\u0645\\u0627\\u062f\\u0629 \\u0627\\u0644\\u0635\\u0641", "object": "9-2 \\u2013 \\u0639\\u0644\\u0648\\u0645"}}, {"added": {"name": "\\u0645\\u0627\\u062f\\u0629 \\u0627\\u0644\\u0635\\u0641", "object": "9-3 \\u2013 \\u0639\\u0644\\u0648\\u0645"}}, {"added": {"name": "\\u0645\\u0627\\u062f\\u0629 \\u0627\\u0644\\u0635\\u0641", "object": "9-4 \\u2013 \\u0639\\u0644\\u0648\\u0645"}}]	11	1
333	2025-10-03 03:37:19.371753+00	20	لغة انجليزية	1	[{"added": {}}, {"added": {"name": "\\u0645\\u0627\\u062f\\u0629 \\u0627\\u0644\\u0635\\u0641", "object": "7-1 \\u2013 \\u0644\\u063a\\u0629 \\u0627\\u0646\\u062c\\u0644\\u064a\\u0632\\u064a\\u0629"}}, {"added": {"name": "\\u0645\\u0627\\u062f\\u0629 \\u0627\\u0644\\u0635\\u0641", "object": "7-2 \\u2013 \\u0644\\u063a\\u0629 \\u0627\\u0646\\u062c\\u0644\\u064a\\u0632\\u064a\\u0629"}}, {"added": {"name": "\\u0645\\u0627\\u062f\\u0629 \\u0627\\u0644\\u0635\\u0641", "object": "7-3 \\u2013 \\u0644\\u063a\\u0629 \\u0627\\u0646\\u062c\\u0644\\u064a\\u0632\\u064a\\u0629"}}, {"added": {"name": "\\u0645\\u0627\\u062f\\u0629 \\u0627\\u0644\\u0635\\u0641", "object": "7-4 \\u2013 \\u0644\\u063a\\u0629 \\u0627\\u0646\\u062c\\u0644\\u064a\\u0632\\u064a\\u0629"}}, {"added": {"name": "\\u0645\\u0627\\u062f\\u0629 \\u0627\\u0644\\u0635\\u0641", "object": "7-5 \\u2013 \\u0644\\u063a\\u0629 \\u0627\\u0646\\u062c\\u0644\\u064a\\u0632\\u064a\\u0629"}}, {"added": {"name": "\\u0645\\u0627\\u062f\\u0629 \\u0627\\u0644\\u0635\\u0641", "object": "8-1 \\u2013 \\u0644\\u063a\\u0629 \\u0627\\u0646\\u062c\\u0644\\u064a\\u0632\\u064a\\u0629"}}, {"added": {"name": "\\u0645\\u0627\\u062f\\u0629 \\u0627\\u0644\\u0635\\u0641", "object": "8-2 \\u2013 \\u0644\\u063a\\u0629 \\u0627\\u0646\\u062c\\u0644\\u064a\\u0632\\u064a\\u0629"}}, {"added": {"name": "\\u0645\\u0627\\u062f\\u0629 \\u0627\\u0644\\u0635\\u0641", "object": "8-3 \\u2013 \\u0644\\u063a\\u0629 \\u0627\\u0646\\u062c\\u0644\\u064a\\u0632\\u064a\\u0629"}}, {"added": {"name": "\\u0645\\u0627\\u062f\\u0629 \\u0627\\u0644\\u0635\\u0641", "object": "8-4 \\u2013 \\u0644\\u063a\\u0629 \\u0627\\u0646\\u062c\\u0644\\u064a\\u0632\\u064a\\u0629"}}, {"added": {"name": "\\u0645\\u0627\\u062f\\u0629 \\u0627\\u0644\\u0635\\u0641", "object": "9-1 \\u2013 \\u0644\\u063a\\u0629 \\u0627\\u0646\\u062c\\u0644\\u064a\\u0632\\u064a\\u0629"}}, {"added": {"name": "\\u0645\\u0627\\u062f\\u0629 \\u0627\\u0644\\u0635\\u0641", "object": "9-2 \\u2013 \\u0644\\u063a\\u0629 \\u0627\\u0646\\u062c\\u0644\\u064a\\u0632\\u064a\\u0629"}}, {"added": {"name": "\\u0645\\u0627\\u062f\\u0629 \\u0627\\u0644\\u0635\\u0641", "object": "9-3 \\u2013 \\u0644\\u063a\\u0629 \\u0627\\u0646\\u062c\\u0644\\u064a\\u0632\\u064a\\u0629"}}, {"added": {"name": "\\u0645\\u0627\\u062f\\u0629 \\u0627\\u0644\\u0635\\u0641", "object": "9-4 \\u2013 \\u0644\\u063a\\u0629 \\u0627\\u0646\\u062c\\u0644\\u064a\\u0632\\u064a\\u0629"}}, {"added": {"name": "\\u0645\\u0627\\u062f\\u0629 \\u0627\\u0644\\u0635\\u0641", "object": "10-1 \\u2013 \\u0644\\u063a\\u0629 \\u0627\\u0646\\u062c\\u0644\\u064a\\u0632\\u064a\\u0629"}}, {"added": {"name": "\\u0645\\u0627\\u062f\\u0629 \\u0627\\u0644\\u0635\\u0641", "object": "10-2 \\u2013 \\u0644\\u063a\\u0629 \\u0627\\u0646\\u062c\\u0644\\u064a\\u0632\\u064a\\u0629"}}, {"added": {"name": "\\u0645\\u0627\\u062f\\u0629 \\u0627\\u0644\\u0635\\u0641", "object": "10-3 \\u2013 \\u0644\\u063a\\u0629 \\u0627\\u0646\\u062c\\u0644\\u064a\\u0632\\u064a\\u0629"}}, {"added": {"name": "\\u0645\\u0627\\u062f\\u0629 \\u0627\\u0644\\u0635\\u0641", "object": "10-4 \\u2013 \\u0644\\u063a\\u0629 \\u0627\\u0646\\u062c\\u0644\\u064a\\u0632\\u064a\\u0629"}}, {"added": {"name": "\\u0645\\u0627\\u062f\\u0629 \\u0627\\u0644\\u0635\\u0641", "object": "11-1 \\u2013 \\u0644\\u063a\\u0629 \\u0627\\u0646\\u062c\\u0644\\u064a\\u0632\\u064a\\u0629"}}, {"added": {"name": "\\u0645\\u0627\\u062f\\u0629 \\u0627\\u0644\\u0635\\u0641", "object": "11-2 \\u2013 \\u0644\\u063a\\u0629 \\u0627\\u0646\\u062c\\u0644\\u064a\\u0632\\u064a\\u0629"}}, {"added": {"name": "\\u0645\\u0627\\u062f\\u0629 \\u0627\\u0644\\u0635\\u0641", "object": "11-3 \\u2013 \\u0644\\u063a\\u0629 \\u0627\\u0646\\u062c\\u0644\\u064a\\u0632\\u064a\\u0629"}}, {"added": {"name": "\\u0645\\u0627\\u062f\\u0629 \\u0627\\u0644\\u0635\\u0641", "object": "11-4 \\u2013 \\u0644\\u063a\\u0629 \\u0627\\u0646\\u062c\\u0644\\u064a\\u0632\\u064a\\u0629"}}, {"added": {"name": "\\u0645\\u0627\\u062f\\u0629 \\u0627\\u0644\\u0635\\u0641", "object": "12-1 \\u2013 \\u0644\\u063a\\u0629 \\u0627\\u0646\\u062c\\u0644\\u064a\\u0632\\u064a\\u0629"}}, {"added": {"name": "\\u0645\\u0627\\u062f\\u0629 \\u0627\\u0644\\u0635\\u0641", "object": "12-2 \\u2013 \\u0644\\u063a\\u0629 \\u0627\\u0646\\u062c\\u0644\\u064a\\u0632\\u064a\\u0629"}}, {"added": {"name": "\\u0645\\u0627\\u062f\\u0629 \\u0627\\u0644\\u0635\\u0641", "object": "12-3 \\u2013 \\u0644\\u063a\\u0629 \\u0627\\u0646\\u062c\\u0644\\u064a\\u0632\\u064a\\u0629"}}, {"added": {"name": "\\u0645\\u0627\\u062f\\u0629 \\u0627\\u0644\\u0635\\u0641", "object": "12-4 \\u2013 \\u0644\\u063a\\u0629 \\u0627\\u0646\\u062c\\u0644\\u064a\\u0632\\u064a\\u0629"}}]	11	1
334	2025-10-03 03:38:52.226649+00	21	جغرافيا	1	[{"added": {}}, {"added": {"name": "\\u0645\\u0627\\u062f\\u0629 \\u0627\\u0644\\u0635\\u0641", "object": "11-2 \\u2013 \\u062c\\u063a\\u0631\\u0627\\u0641\\u064a\\u0627"}}, {"added": {"name": "\\u0645\\u0627\\u062f\\u0629 \\u0627\\u0644\\u0635\\u0641", "object": "11-3 \\u2013 \\u062c\\u063a\\u0631\\u0627\\u0641\\u064a\\u0627"}}, {"added": {"name": "\\u0645\\u0627\\u062f\\u0629 \\u0627\\u0644\\u0635\\u0641", "object": "12-2 \\u2013 \\u062c\\u063a\\u0631\\u0627\\u0641\\u064a\\u0627"}}, {"added": {"name": "\\u0645\\u0627\\u062f\\u0629 \\u0627\\u0644\\u0635\\u0641", "object": "12-3 \\u2013 \\u062c\\u063a\\u0631\\u0627\\u0641\\u064a\\u0627"}}, {"added": {"name": "\\u0645\\u0627\\u062f\\u0629 \\u0627\\u0644\\u0635\\u0641", "object": "12-4 \\u2013 \\u062c\\u063a\\u0631\\u0627\\u0641\\u064a\\u0627"}}]	11	1
335	2025-10-03 03:39:44.89787+00	22	تاريخ	1	[{"added": {}}, {"added": {"name": "\\u0645\\u0627\\u062f\\u0629 \\u0627\\u0644\\u0635\\u0641", "object": "11-2 \\u2013 \\u062a\\u0627\\u0631\\u064a\\u062e"}}, {"added": {"name": "\\u0645\\u0627\\u062f\\u0629 \\u0627\\u0644\\u0635\\u0641", "object": "11-3 \\u2013 \\u062a\\u0627\\u0631\\u064a\\u062e"}}, {"added": {"name": "\\u0645\\u0627\\u062f\\u0629 \\u0627\\u0644\\u0635\\u0641", "object": "12-2 \\u2013 \\u062a\\u0627\\u0631\\u064a\\u062e"}}, {"added": {"name": "\\u0645\\u0627\\u062f\\u0629 \\u0627\\u0644\\u0635\\u0641", "object": "12-3 \\u2013 \\u062a\\u0627\\u0631\\u064a\\u062e"}}, {"added": {"name": "\\u0645\\u0627\\u062f\\u0629 \\u0627\\u0644\\u0635\\u0641", "object": "12-4 \\u2013 \\u062a\\u0627\\u0631\\u064a\\u062e"}}]	11	1
336	2025-10-03 03:41:49.423052+00	23	علوم اجتماعية	1	[{"added": {}}, {"added": {"name": "\\u0645\\u0627\\u062f\\u0629 \\u0627\\u0644\\u0635\\u0641", "object": "7-1 \\u2013 \\u0639\\u0644\\u0648\\u0645 \\u0627\\u062c\\u062a\\u0645\\u0627\\u0639\\u064a\\u0629"}}, {"added": {"name": "\\u0645\\u0627\\u062f\\u0629 \\u0627\\u0644\\u0635\\u0641", "object": "7-2 \\u2013 \\u0639\\u0644\\u0648\\u0645 \\u0627\\u062c\\u062a\\u0645\\u0627\\u0639\\u064a\\u0629"}}, {"added": {"name": "\\u0645\\u0627\\u062f\\u0629 \\u0627\\u0644\\u0635\\u0641", "object": "7-3 \\u2013 \\u0639\\u0644\\u0648\\u0645 \\u0627\\u062c\\u062a\\u0645\\u0627\\u0639\\u064a\\u0629"}}, {"added": {"name": "\\u0645\\u0627\\u062f\\u0629 \\u0627\\u0644\\u0635\\u0641", "object": "7-4 \\u2013 \\u0639\\u0644\\u0648\\u0645 \\u0627\\u062c\\u062a\\u0645\\u0627\\u0639\\u064a\\u0629"}}, {"added": {"name": "\\u0645\\u0627\\u062f\\u0629 \\u0627\\u0644\\u0635\\u0641", "object": "7-5 \\u2013 \\u0639\\u0644\\u0648\\u0645 \\u0627\\u062c\\u062a\\u0645\\u0627\\u0639\\u064a\\u0629"}}, {"added": {"name": "\\u0645\\u0627\\u062f\\u0629 \\u0627\\u0644\\u0635\\u0641", "object": "8-1 \\u2013 \\u0639\\u0644\\u0648\\u0645 \\u0627\\u062c\\u062a\\u0645\\u0627\\u0639\\u064a\\u0629"}}, {"added": {"name": "\\u0645\\u0627\\u062f\\u0629 \\u0627\\u0644\\u0635\\u0641", "object": "8-2 \\u2013 \\u0639\\u0644\\u0648\\u0645 \\u0627\\u062c\\u062a\\u0645\\u0627\\u0639\\u064a\\u0629"}}, {"added": {"name": "\\u0645\\u0627\\u062f\\u0629 \\u0627\\u0644\\u0635\\u0641", "object": "8-3 \\u2013 \\u0639\\u0644\\u0648\\u0645 \\u0627\\u062c\\u062a\\u0645\\u0627\\u0639\\u064a\\u0629"}}, {"added": {"name": "\\u0645\\u0627\\u062f\\u0629 \\u0627\\u0644\\u0635\\u0641", "object": "8-4 \\u2013 \\u0639\\u0644\\u0648\\u0645 \\u0627\\u062c\\u062a\\u0645\\u0627\\u0639\\u064a\\u0629"}}, {"added": {"name": "\\u0645\\u0627\\u062f\\u0629 \\u0627\\u0644\\u0635\\u0641", "object": "9-1 \\u2013 \\u0639\\u0644\\u0648\\u0645 \\u0627\\u062c\\u062a\\u0645\\u0627\\u0639\\u064a\\u0629"}}, {"added": {"name": "\\u0645\\u0627\\u062f\\u0629 \\u0627\\u0644\\u0635\\u0641", "object": "9-2 \\u2013 \\u0639\\u0644\\u0648\\u0645 \\u0627\\u062c\\u062a\\u0645\\u0627\\u0639\\u064a\\u0629"}}, {"added": {"name": "\\u0645\\u0627\\u062f\\u0629 \\u0627\\u0644\\u0635\\u0641", "object": "9-3 \\u2013 \\u0639\\u0644\\u0648\\u0645 \\u0627\\u062c\\u062a\\u0645\\u0627\\u0639\\u064a\\u0629"}}, {"added": {"name": "\\u0645\\u0627\\u062f\\u0629 \\u0627\\u0644\\u0635\\u0641", "object": "9-4 \\u2013 \\u0639\\u0644\\u0648\\u0645 \\u0627\\u062c\\u062a\\u0645\\u0627\\u0639\\u064a\\u0629"}}, {"added": {"name": "\\u0645\\u0627\\u062f\\u0629 \\u0627\\u0644\\u0635\\u0641", "object": "10-1 \\u2013 \\u0639\\u0644\\u0648\\u0645 \\u0627\\u062c\\u062a\\u0645\\u0627\\u0639\\u064a\\u0629"}}, {"added": {"name": "\\u0645\\u0627\\u062f\\u0629 \\u0627\\u0644\\u0635\\u0641", "object": "10-2 \\u2013 \\u0639\\u0644\\u0648\\u0645 \\u0627\\u062c\\u062a\\u0645\\u0627\\u0639\\u064a\\u0629"}}, {"added": {"name": "\\u0645\\u0627\\u062f\\u0629 \\u0627\\u0644\\u0635\\u0641", "object": "10-3 \\u2013 \\u0639\\u0644\\u0648\\u0645 \\u0627\\u062c\\u062a\\u0645\\u0627\\u0639\\u064a\\u0629"}}, {"added": {"name": "\\u0645\\u0627\\u062f\\u0629 \\u0627\\u0644\\u0635\\u0641", "object": "10-4 \\u2013 \\u0639\\u0644\\u0648\\u0645 \\u0627\\u062c\\u062a\\u0645\\u0627\\u0639\\u064a\\u0629"}}]	11	1
337	2025-10-03 03:42:32.464163+00	24	ادارة اعمال	1	[{"added": {}}, {"added": {"name": "\\u0645\\u0627\\u062f\\u0629 \\u0627\\u0644\\u0635\\u0641", "object": "11-2 \\u2013 \\u0627\\u062f\\u0627\\u0631\\u0629 \\u0627\\u0639\\u0645\\u0627\\u0644"}}, {"added": {"name": "\\u0645\\u0627\\u062f\\u0629 \\u0627\\u0644\\u0635\\u0641", "object": "11-3 \\u2013 \\u0627\\u062f\\u0627\\u0631\\u0629 \\u0627\\u0639\\u0645\\u0627\\u0644"}}, {"added": {"name": "\\u0645\\u0627\\u062f\\u0629 \\u0627\\u0644\\u0635\\u0641", "object": "12-2 \\u2013 \\u0627\\u062f\\u0627\\u0631\\u0629 \\u0627\\u0639\\u0645\\u0627\\u0644"}}, {"added": {"name": "\\u0645\\u0627\\u062f\\u0629 \\u0627\\u0644\\u0635\\u0641", "object": "12-3 \\u2013 \\u0627\\u062f\\u0627\\u0631\\u0629 \\u0627\\u0639\\u0645\\u0627\\u0644"}}, {"added": {"name": "\\u0645\\u0627\\u062f\\u0629 \\u0627\\u0644\\u0635\\u0641", "object": "12-4 \\u2013 \\u0627\\u062f\\u0627\\u0631\\u0629 \\u0627\\u0639\\u0645\\u0627\\u0644"}}]	11	1
338	2025-10-03 03:46:35.810673+00	25	المهارات الحياتية	1	[{"added": {}}, {"added": {"name": "\\u0645\\u0627\\u062f\\u0629 \\u0627\\u0644\\u0635\\u0641", "object": "7-1 \\u2013 \\u0627\\u0644\\u0645\\u0647\\u0627\\u0631\\u0627\\u062a \\u0627\\u0644\\u062d\\u064a\\u0627\\u062a\\u064a\\u0629"}}, {"added": {"name": "\\u0645\\u0627\\u062f\\u0629 \\u0627\\u0644\\u0635\\u0641", "object": "7-2 \\u2013 \\u0627\\u0644\\u0645\\u0647\\u0627\\u0631\\u0627\\u062a \\u0627\\u0644\\u062d\\u064a\\u0627\\u062a\\u064a\\u0629"}}, {"added": {"name": "\\u0645\\u0627\\u062f\\u0629 \\u0627\\u0644\\u0635\\u0641", "object": "7-3 \\u2013 \\u0627\\u0644\\u0645\\u0647\\u0627\\u0631\\u0627\\u062a \\u0627\\u0644\\u062d\\u064a\\u0627\\u062a\\u064a\\u0629"}}, {"added": {"name": "\\u0645\\u0627\\u062f\\u0629 \\u0627\\u0644\\u0635\\u0641", "object": "7-4 \\u2013 \\u0627\\u0644\\u0645\\u0647\\u0627\\u0631\\u0627\\u062a \\u0627\\u0644\\u062d\\u064a\\u0627\\u062a\\u064a\\u0629"}}, {"added": {"name": "\\u0645\\u0627\\u062f\\u0629 \\u0627\\u0644\\u0635\\u0641", "object": "7-5 \\u2013 \\u0627\\u0644\\u0645\\u0647\\u0627\\u0631\\u0627\\u062a \\u0627\\u0644\\u062d\\u064a\\u0627\\u062a\\u064a\\u0629"}}, {"added": {"name": "\\u0645\\u0627\\u062f\\u0629 \\u0627\\u0644\\u0635\\u0641", "object": "8-1 \\u2013 \\u0627\\u0644\\u0645\\u0647\\u0627\\u0631\\u0627\\u062a \\u0627\\u0644\\u062d\\u064a\\u0627\\u062a\\u064a\\u0629"}}, {"added": {"name": "\\u0645\\u0627\\u062f\\u0629 \\u0627\\u0644\\u0635\\u0641", "object": "8-2 \\u2013 \\u0627\\u0644\\u0645\\u0647\\u0627\\u0631\\u0627\\u062a \\u0627\\u0644\\u062d\\u064a\\u0627\\u062a\\u064a\\u0629"}}, {"added": {"name": "\\u0645\\u0627\\u062f\\u0629 \\u0627\\u0644\\u0635\\u0641", "object": "8-3 \\u2013 \\u0627\\u0644\\u0645\\u0647\\u0627\\u0631\\u0627\\u062a \\u0627\\u0644\\u062d\\u064a\\u0627\\u062a\\u064a\\u0629"}}, {"added": {"name": "\\u0645\\u0627\\u062f\\u0629 \\u0627\\u0644\\u0635\\u0641", "object": "8-4 \\u2013 \\u0627\\u0644\\u0645\\u0647\\u0627\\u0631\\u0627\\u062a \\u0627\\u0644\\u062d\\u064a\\u0627\\u062a\\u064a\\u0629"}}, {"added": {"name": "\\u0645\\u0627\\u062f\\u0629 \\u0627\\u0644\\u0635\\u0641", "object": "9-1 \\u2013 \\u0627\\u0644\\u0645\\u0647\\u0627\\u0631\\u0627\\u062a \\u0627\\u0644\\u062d\\u064a\\u0627\\u062a\\u064a\\u0629"}}, {"added": {"name": "\\u0645\\u0627\\u062f\\u0629 \\u0627\\u0644\\u0635\\u0641", "object": "9-2 \\u2013 \\u0627\\u0644\\u0645\\u0647\\u0627\\u0631\\u0627\\u062a \\u0627\\u0644\\u062d\\u064a\\u0627\\u062a\\u064a\\u0629"}}, {"added": {"name": "\\u0645\\u0627\\u062f\\u0629 \\u0627\\u0644\\u0635\\u0641", "object": "9-3 \\u2013 \\u0627\\u0644\\u0645\\u0647\\u0627\\u0631\\u0627\\u062a \\u0627\\u0644\\u062d\\u064a\\u0627\\u062a\\u064a\\u0629"}}, {"added": {"name": "\\u0645\\u0627\\u062f\\u0629 \\u0627\\u0644\\u0635\\u0641", "object": "9-4 \\u2013 \\u0627\\u0644\\u0645\\u0647\\u0627\\u0631\\u0627\\u062a \\u0627\\u0644\\u062d\\u064a\\u0627\\u062a\\u064a\\u0629"}}, {"added": {"name": "\\u0645\\u0627\\u062f\\u0629 \\u0627\\u0644\\u0635\\u0641", "object": "10-1 \\u2013 \\u0627\\u0644\\u0645\\u0647\\u0627\\u0631\\u0627\\u062a \\u0627\\u0644\\u062d\\u064a\\u0627\\u062a\\u064a\\u0629"}}, {"added": {"name": "\\u0645\\u0627\\u062f\\u0629 \\u0627\\u0644\\u0635\\u0641", "object": "10-2 \\u2013 \\u0627\\u0644\\u0645\\u0647\\u0627\\u0631\\u0627\\u062a \\u0627\\u0644\\u062d\\u064a\\u0627\\u062a\\u064a\\u0629"}}, {"added": {"name": "\\u0645\\u0627\\u062f\\u0629 \\u0627\\u0644\\u0635\\u0641", "object": "10-3 \\u2013 \\u0627\\u0644\\u0645\\u0647\\u0627\\u0631\\u0627\\u062a \\u0627\\u0644\\u062d\\u064a\\u0627\\u062a\\u064a\\u0629"}}, {"added": {"name": "\\u0645\\u0627\\u062f\\u0629 \\u0627\\u0644\\u0635\\u0641", "object": "10-4 \\u2013 \\u0627\\u0644\\u0645\\u0647\\u0627\\u0631\\u0627\\u062a \\u0627\\u0644\\u062d\\u064a\\u0627\\u062a\\u064a\\u0629"}}, {"added": {"name": "\\u0645\\u0627\\u062f\\u0629 \\u0627\\u0644\\u0635\\u0641", "object": "11-1 \\u2013 \\u0627\\u0644\\u0645\\u0647\\u0627\\u0631\\u0627\\u062a \\u0627\\u0644\\u062d\\u064a\\u0627\\u062a\\u064a\\u0629"}}, {"added": {"name": "\\u0645\\u0627\\u062f\\u0629 \\u0627\\u0644\\u0635\\u0641", "object": "11-2 \\u2013 \\u0627\\u0644\\u0645\\u0647\\u0627\\u0631\\u0627\\u062a \\u0627\\u0644\\u062d\\u064a\\u0627\\u062a\\u064a\\u0629"}}, {"added": {"name": "\\u0645\\u0627\\u062f\\u0629 \\u0627\\u0644\\u0635\\u0641", "object": "11-3 \\u2013 \\u0627\\u0644\\u0645\\u0647\\u0627\\u0631\\u0627\\u062a \\u0627\\u0644\\u062d\\u064a\\u0627\\u062a\\u064a\\u0629"}}, {"added": {"name": "\\u0645\\u0627\\u062f\\u0629 \\u0627\\u0644\\u0635\\u0641", "object": "11-4 \\u2013 \\u0627\\u0644\\u0645\\u0647\\u0627\\u0631\\u0627\\u062a \\u0627\\u0644\\u062d\\u064a\\u0627\\u062a\\u064a\\u0629"}}, {"added": {"name": "\\u0645\\u0627\\u062f\\u0629 \\u0627\\u0644\\u0635\\u0641", "object": "12-1 \\u2013 \\u0627\\u0644\\u0645\\u0647\\u0627\\u0631\\u0627\\u062a \\u0627\\u0644\\u062d\\u064a\\u0627\\u062a\\u064a\\u0629"}}, {"added": {"name": "\\u0645\\u0627\\u062f\\u0629 \\u0627\\u0644\\u0635\\u0641", "object": "12-2 \\u2013 \\u0627\\u0644\\u0645\\u0647\\u0627\\u0631\\u0627\\u062a \\u0627\\u0644\\u062d\\u064a\\u0627\\u062a\\u064a\\u0629"}}, {"added": {"name": "\\u0645\\u0627\\u062f\\u0629 \\u0627\\u0644\\u0635\\u0641", "object": "12-3 \\u2013 \\u0627\\u0644\\u0645\\u0647\\u0627\\u0631\\u0627\\u062a \\u0627\\u0644\\u062d\\u064a\\u0627\\u062a\\u064a\\u0629"}}, {"added": {"name": "\\u0645\\u0627\\u062f\\u0629 \\u0627\\u0644\\u0635\\u0641", "object": "12-4 \\u2013 \\u0627\\u0644\\u0645\\u0647\\u0627\\u0631\\u0627\\u062a \\u0627\\u0644\\u062d\\u064a\\u0627\\u062a\\u064a\\u0629"}}]	11	1
339	2025-10-03 03:50:56.441993+00	26	تكنولوجيا	1	[{"added": {}}, {"added": {"name": "\\u0645\\u0627\\u062f\\u0629 \\u0627\\u0644\\u0635\\u0641", "object": "7-1 \\u2013 \\u062a\\u0643\\u0646\\u0648\\u0644\\u0648\\u062c\\u064a\\u0627"}}, {"added": {"name": "\\u0645\\u0627\\u062f\\u0629 \\u0627\\u0644\\u0635\\u0641", "object": "7-2 \\u2013 \\u062a\\u0643\\u0646\\u0648\\u0644\\u0648\\u062c\\u064a\\u0627"}}, {"added": {"name": "\\u0645\\u0627\\u062f\\u0629 \\u0627\\u0644\\u0635\\u0641", "object": "7-3 \\u2013 \\u062a\\u0643\\u0646\\u0648\\u0644\\u0648\\u062c\\u064a\\u0627"}}, {"added": {"name": "\\u0645\\u0627\\u062f\\u0629 \\u0627\\u0644\\u0635\\u0641", "object": "7-4 \\u2013 \\u062a\\u0643\\u0646\\u0648\\u0644\\u0648\\u062c\\u064a\\u0627"}}, {"added": {"name": "\\u0645\\u0627\\u062f\\u0629 \\u0627\\u0644\\u0635\\u0641", "object": "7-5 \\u2013 \\u062a\\u0643\\u0646\\u0648\\u0644\\u0648\\u062c\\u064a\\u0627"}}, {"added": {"name": "\\u0645\\u0627\\u062f\\u0629 \\u0627\\u0644\\u0635\\u0641", "object": "8-1 \\u2013 \\u062a\\u0643\\u0646\\u0648\\u0644\\u0648\\u062c\\u064a\\u0627"}}, {"added": {"name": "\\u0645\\u0627\\u062f\\u0629 \\u0627\\u0644\\u0635\\u0641", "object": "8-2 \\u2013 \\u062a\\u0643\\u0646\\u0648\\u0644\\u0648\\u062c\\u064a\\u0627"}}, {"added": {"name": "\\u0645\\u0627\\u062f\\u0629 \\u0627\\u0644\\u0635\\u0641", "object": "8-3 \\u2013 \\u062a\\u0643\\u0646\\u0648\\u0644\\u0648\\u062c\\u064a\\u0627"}}, {"added": {"name": "\\u0645\\u0627\\u062f\\u0629 \\u0627\\u0644\\u0635\\u0641", "object": "8-4 \\u2013 \\u062a\\u0643\\u0646\\u0648\\u0644\\u0648\\u062c\\u064a\\u0627"}}, {"added": {"name": "\\u0645\\u0627\\u062f\\u0629 \\u0627\\u0644\\u0635\\u0641", "object": "9-1 \\u2013 \\u062a\\u0643\\u0646\\u0648\\u0644\\u0648\\u062c\\u064a\\u0627"}}, {"added": {"name": "\\u0645\\u0627\\u062f\\u0629 \\u0627\\u0644\\u0635\\u0641", "object": "9-2 \\u2013 \\u062a\\u0643\\u0646\\u0648\\u0644\\u0648\\u062c\\u064a\\u0627"}}, {"added": {"name": "\\u0645\\u0627\\u062f\\u0629 \\u0627\\u0644\\u0635\\u0641", "object": "9-3 \\u2013 \\u062a\\u0643\\u0646\\u0648\\u0644\\u0648\\u062c\\u064a\\u0627"}}, {"added": {"name": "\\u0645\\u0627\\u062f\\u0629 \\u0627\\u0644\\u0635\\u0641", "object": "9-4 \\u2013 \\u062a\\u0643\\u0646\\u0648\\u0644\\u0648\\u062c\\u064a\\u0627"}}, {"added": {"name": "\\u0645\\u0627\\u062f\\u0629 \\u0627\\u0644\\u0635\\u0641", "object": "10-1 \\u2013 \\u062a\\u0643\\u0646\\u0648\\u0644\\u0648\\u062c\\u064a\\u0627"}}, {"added": {"name": "\\u0645\\u0627\\u062f\\u0629 \\u0627\\u0644\\u0635\\u0641", "object": "10-2 \\u2013 \\u062a\\u0643\\u0646\\u0648\\u0644\\u0648\\u062c\\u064a\\u0627"}}, {"added": {"name": "\\u0645\\u0627\\u062f\\u0629 \\u0627\\u0644\\u0635\\u0641", "object": "10-3 \\u2013 \\u062a\\u0643\\u0646\\u0648\\u0644\\u0648\\u062c\\u064a\\u0627"}}, {"added": {"name": "\\u0645\\u0627\\u062f\\u0629 \\u0627\\u0644\\u0635\\u0641", "object": "10-4 \\u2013 \\u062a\\u0643\\u0646\\u0648\\u0644\\u0648\\u062c\\u064a\\u0627"}}, {"added": {"name": "\\u0645\\u0627\\u062f\\u0629 \\u0627\\u0644\\u0635\\u0641", "object": "11-1 \\u2013 \\u062a\\u0643\\u0646\\u0648\\u0644\\u0648\\u062c\\u064a\\u0627"}}, {"added": {"name": "\\u0645\\u0627\\u062f\\u0629 \\u0627\\u0644\\u0635\\u0641", "object": "12-1 \\u2013 \\u062a\\u0643\\u0646\\u0648\\u0644\\u0648\\u062c\\u064a\\u0627"}}]	11	1
340	2025-10-03 03:51:19.884662+00	27	علوم الحاسب	1	[{"added": {}}, {"added": {"name": "\\u0645\\u0627\\u062f\\u0629 \\u0627\\u0644\\u0635\\u0641", "object": "11-4 \\u2013 \\u0639\\u0644\\u0648\\u0645 \\u0627\\u0644\\u062d\\u0627\\u0633\\u0628"}}]	11	1
341	2025-10-03 03:51:40.25873+00	28	تكنولوجيا المعلومات	1	[{"added": {}}, {"added": {"name": "\\u0645\\u0627\\u062f\\u0629 \\u0627\\u0644\\u0635\\u0641", "object": "11-4 \\u2013 \\u062a\\u0643\\u0646\\u0648\\u0644\\u0648\\u062c\\u064a\\u0627 \\u0627\\u0644\\u0645\\u0639\\u0644\\u0648\\u0645\\u0627\\u062a"}}]	11	1
342	2025-10-03 03:55:04.114864+00	29	فنون بصرية	1	[{"added": {}}, {"added": {"name": "\\u0645\\u0627\\u062f\\u0629 \\u0627\\u0644\\u0635\\u0641", "object": "7-1 \\u2013 \\u0641\\u0646\\u0648\\u0646 \\u0628\\u0635\\u0631\\u064a\\u0629"}}, {"added": {"name": "\\u0645\\u0627\\u062f\\u0629 \\u0627\\u0644\\u0635\\u0641", "object": "7-2 \\u2013 \\u0641\\u0646\\u0648\\u0646 \\u0628\\u0635\\u0631\\u064a\\u0629"}}, {"added": {"name": "\\u0645\\u0627\\u062f\\u0629 \\u0627\\u0644\\u0635\\u0641", "object": "7-3 \\u2013 \\u0641\\u0646\\u0648\\u0646 \\u0628\\u0635\\u0631\\u064a\\u0629"}}, {"added": {"name": "\\u0645\\u0627\\u062f\\u0629 \\u0627\\u0644\\u0635\\u0641", "object": "7-4 \\u2013 \\u0641\\u0646\\u0648\\u0646 \\u0628\\u0635\\u0631\\u064a\\u0629"}}, {"added": {"name": "\\u0645\\u0627\\u062f\\u0629 \\u0627\\u0644\\u0635\\u0641", "object": "7-5 \\u2013 \\u0641\\u0646\\u0648\\u0646 \\u0628\\u0635\\u0631\\u064a\\u0629"}}, {"added": {"name": "\\u0645\\u0627\\u062f\\u0629 \\u0627\\u0644\\u0635\\u0641", "object": "8-1 \\u2013 \\u0641\\u0646\\u0648\\u0646 \\u0628\\u0635\\u0631\\u064a\\u0629"}}, {"added": {"name": "\\u0645\\u0627\\u062f\\u0629 \\u0627\\u0644\\u0635\\u0641", "object": "8-2 \\u2013 \\u0641\\u0646\\u0648\\u0646 \\u0628\\u0635\\u0631\\u064a\\u0629"}}, {"added": {"name": "\\u0645\\u0627\\u062f\\u0629 \\u0627\\u0644\\u0635\\u0641", "object": "8-3 \\u2013 \\u0641\\u0646\\u0648\\u0646 \\u0628\\u0635\\u0631\\u064a\\u0629"}}, {"added": {"name": "\\u0645\\u0627\\u062f\\u0629 \\u0627\\u0644\\u0635\\u0641", "object": "8-4 \\u2013 \\u0641\\u0646\\u0648\\u0646 \\u0628\\u0635\\u0631\\u064a\\u0629"}}, {"added": {"name": "\\u0645\\u0627\\u062f\\u0629 \\u0627\\u0644\\u0635\\u0641", "object": "9-1 \\u2013 \\u0641\\u0646\\u0648\\u0646 \\u0628\\u0635\\u0631\\u064a\\u0629"}}, {"added": {"name": "\\u0645\\u0627\\u062f\\u0629 \\u0627\\u0644\\u0635\\u0641", "object": "9-2 \\u2013 \\u0641\\u0646\\u0648\\u0646 \\u0628\\u0635\\u0631\\u064a\\u0629"}}, {"added": {"name": "\\u0645\\u0627\\u062f\\u0629 \\u0627\\u0644\\u0635\\u0641", "object": "9-3 \\u2013 \\u0641\\u0646\\u0648\\u0646 \\u0628\\u0635\\u0631\\u064a\\u0629"}}, {"added": {"name": "\\u0645\\u0627\\u062f\\u0629 \\u0627\\u0644\\u0635\\u0641", "object": "9-4 \\u2013 \\u0641\\u0646\\u0648\\u0646 \\u0628\\u0635\\u0631\\u064a\\u0629"}}, {"added": {"name": "\\u0645\\u0627\\u062f\\u0629 \\u0627\\u0644\\u0635\\u0641", "object": "10-1 \\u2013 \\u0641\\u0646\\u0648\\u0646 \\u0628\\u0635\\u0631\\u064a\\u0629"}}, {"added": {"name": "\\u0645\\u0627\\u062f\\u0629 \\u0627\\u0644\\u0635\\u0641", "object": "10-2 \\u2013 \\u0641\\u0646\\u0648\\u0646 \\u0628\\u0635\\u0631\\u064a\\u0629"}}, {"added": {"name": "\\u0645\\u0627\\u062f\\u0629 \\u0627\\u0644\\u0635\\u0641", "object": "10-3 \\u2013 \\u0641\\u0646\\u0648\\u0646 \\u0628\\u0635\\u0631\\u064a\\u0629"}}, {"added": {"name": "\\u0645\\u0627\\u062f\\u0629 \\u0627\\u0644\\u0635\\u0641", "object": "10-4 \\u2013 \\u0641\\u0646\\u0648\\u0646 \\u0628\\u0635\\u0631\\u064a\\u0629"}}, {"added": {"name": "\\u0645\\u0627\\u062f\\u0629 \\u0627\\u0644\\u0635\\u0641", "object": "11-1 \\u2013 \\u0641\\u0646\\u0648\\u0646 \\u0628\\u0635\\u0631\\u064a\\u0629"}}, {"added": {"name": "\\u0645\\u0627\\u062f\\u0629 \\u0627\\u0644\\u0635\\u0641", "object": "11-4 \\u2013 \\u0641\\u0646\\u0648\\u0646 \\u0628\\u0635\\u0631\\u064a\\u0629"}}, {"added": {"name": "\\u0645\\u0627\\u062f\\u0629 \\u0627\\u0644\\u0635\\u0641", "object": "12-1 \\u2013 \\u0641\\u0646\\u0648\\u0646 \\u0628\\u0635\\u0631\\u064a\\u0629"}}]	11	1
343	2025-10-03 03:58:38.570849+00	30	تربية بدنية	1	[{"added": {}}, {"added": {"name": "\\u0645\\u0627\\u062f\\u0629 \\u0627\\u0644\\u0635\\u0641", "object": "7-1 \\u2013 \\u062a\\u0631\\u0628\\u064a\\u0629 \\u0628\\u062f\\u0646\\u064a\\u0629"}}, {"added": {"name": "\\u0645\\u0627\\u062f\\u0629 \\u0627\\u0644\\u0635\\u0641", "object": "7-2 \\u2013 \\u062a\\u0631\\u0628\\u064a\\u0629 \\u0628\\u062f\\u0646\\u064a\\u0629"}}, {"added": {"name": "\\u0645\\u0627\\u062f\\u0629 \\u0627\\u0644\\u0635\\u0641", "object": "7-3 \\u2013 \\u062a\\u0631\\u0628\\u064a\\u0629 \\u0628\\u062f\\u0646\\u064a\\u0629"}}, {"added": {"name": "\\u0645\\u0627\\u062f\\u0629 \\u0627\\u0644\\u0635\\u0641", "object": "7-4 \\u2013 \\u062a\\u0631\\u0628\\u064a\\u0629 \\u0628\\u062f\\u0646\\u064a\\u0629"}}, {"added": {"name": "\\u0645\\u0627\\u062f\\u0629 \\u0627\\u0644\\u0635\\u0641", "object": "7-5 \\u2013 \\u062a\\u0631\\u0628\\u064a\\u0629 \\u0628\\u062f\\u0646\\u064a\\u0629"}}, {"added": {"name": "\\u0645\\u0627\\u062f\\u0629 \\u0627\\u0644\\u0635\\u0641", "object": "8-1 \\u2013 \\u062a\\u0631\\u0628\\u064a\\u0629 \\u0628\\u062f\\u0646\\u064a\\u0629"}}, {"added": {"name": "\\u0645\\u0627\\u062f\\u0629 \\u0627\\u0644\\u0635\\u0641", "object": "8-2 \\u2013 \\u062a\\u0631\\u0628\\u064a\\u0629 \\u0628\\u062f\\u0646\\u064a\\u0629"}}, {"added": {"name": "\\u0645\\u0627\\u062f\\u0629 \\u0627\\u0644\\u0635\\u0641", "object": "8-3 \\u2013 \\u062a\\u0631\\u0628\\u064a\\u0629 \\u0628\\u062f\\u0646\\u064a\\u0629"}}, {"added": {"name": "\\u0645\\u0627\\u062f\\u0629 \\u0627\\u0644\\u0635\\u0641", "object": "8-4 \\u2013 \\u062a\\u0631\\u0628\\u064a\\u0629 \\u0628\\u062f\\u0646\\u064a\\u0629"}}, {"added": {"name": "\\u0645\\u0627\\u062f\\u0629 \\u0627\\u0644\\u0635\\u0641", "object": "9-1 \\u2013 \\u062a\\u0631\\u0628\\u064a\\u0629 \\u0628\\u062f\\u0646\\u064a\\u0629"}}, {"added": {"name": "\\u0645\\u0627\\u062f\\u0629 \\u0627\\u0644\\u0635\\u0641", "object": "9-2 \\u2013 \\u062a\\u0631\\u0628\\u064a\\u0629 \\u0628\\u062f\\u0646\\u064a\\u0629"}}, {"added": {"name": "\\u0645\\u0627\\u062f\\u0629 \\u0627\\u0644\\u0635\\u0641", "object": "9-3 \\u2013 \\u062a\\u0631\\u0628\\u064a\\u0629 \\u0628\\u062f\\u0646\\u064a\\u0629"}}, {"added": {"name": "\\u0645\\u0627\\u062f\\u0629 \\u0627\\u0644\\u0635\\u0641", "object": "9-4 \\u2013 \\u062a\\u0631\\u0628\\u064a\\u0629 \\u0628\\u062f\\u0646\\u064a\\u0629"}}, {"added": {"name": "\\u0645\\u0627\\u062f\\u0629 \\u0627\\u0644\\u0635\\u0641", "object": "10-1 \\u2013 \\u062a\\u0631\\u0628\\u064a\\u0629 \\u0628\\u062f\\u0646\\u064a\\u0629"}}, {"added": {"name": "\\u0645\\u0627\\u062f\\u0629 \\u0627\\u0644\\u0635\\u0641", "object": "10-2 \\u2013 \\u062a\\u0631\\u0628\\u064a\\u0629 \\u0628\\u062f\\u0646\\u064a\\u0629"}}, {"added": {"name": "\\u0645\\u0627\\u062f\\u0629 \\u0627\\u0644\\u0635\\u0641", "object": "10-3 \\u2013 \\u062a\\u0631\\u0628\\u064a\\u0629 \\u0628\\u062f\\u0646\\u064a\\u0629"}}, {"added": {"name": "\\u0645\\u0627\\u062f\\u0629 \\u0627\\u0644\\u0635\\u0641", "object": "10-4 \\u2013 \\u062a\\u0631\\u0628\\u064a\\u0629 \\u0628\\u062f\\u0646\\u064a\\u0629"}}, {"added": {"name": "\\u0645\\u0627\\u062f\\u0629 \\u0627\\u0644\\u0635\\u0641", "object": "11-1 \\u2013 \\u062a\\u0631\\u0628\\u064a\\u0629 \\u0628\\u062f\\u0646\\u064a\\u0629"}}, {"added": {"name": "\\u0645\\u0627\\u062f\\u0629 \\u0627\\u0644\\u0635\\u0641", "object": "11-2 \\u2013 \\u062a\\u0631\\u0628\\u064a\\u0629 \\u0628\\u062f\\u0646\\u064a\\u0629"}}, {"added": {"name": "\\u0645\\u0627\\u062f\\u0629 \\u0627\\u0644\\u0635\\u0641", "object": "11-3 \\u2013 \\u062a\\u0631\\u0628\\u064a\\u0629 \\u0628\\u062f\\u0646\\u064a\\u0629"}}, {"added": {"name": "\\u0645\\u0627\\u062f\\u0629 \\u0627\\u0644\\u0635\\u0641", "object": "11-4 \\u2013 \\u062a\\u0631\\u0628\\u064a\\u0629 \\u0628\\u062f\\u0646\\u064a\\u0629"}}, {"added": {"name": "\\u0645\\u0627\\u062f\\u0629 \\u0627\\u0644\\u0635\\u0641", "object": "12-1 \\u2013 \\u062a\\u0631\\u0628\\u064a\\u0629 \\u0628\\u062f\\u0646\\u064a\\u0629"}}, {"added": {"name": "\\u0645\\u0627\\u062f\\u0629 \\u0627\\u0644\\u0635\\u0641", "object": "12-2 \\u2013 \\u062a\\u0631\\u0628\\u064a\\u0629 \\u0628\\u062f\\u0646\\u064a\\u0629"}}, {"added": {"name": "\\u0645\\u0627\\u062f\\u0629 \\u0627\\u0644\\u0635\\u0641", "object": "12-3 \\u2013 \\u062a\\u0631\\u0628\\u064a\\u0629 \\u0628\\u062f\\u0646\\u064a\\u0629"}}, {"added": {"name": "\\u0645\\u0627\\u062f\\u0629 \\u0627\\u0644\\u0635\\u0641", "object": "12-4 \\u2013 \\u062a\\u0631\\u0628\\u064a\\u0629 \\u0628\\u062f\\u0646\\u064a\\u0629"}}]	11	1
344	2025-10-03 03:59:29.562225+00	19	11-2	2	[{"changed": {"fields": ["Section"]}}]	7	1
345	2025-10-03 07:33:07.468329+00	20	فيصل جليل محيميد القعيقعى الرويلى – 11-4 – تربية اسلامية (3)	1	[{"added": {}}]	10	1
346	2025-10-03 07:33:40.880489+00	21	محمد فرحان سالم  النوايسه – 12-2 – تربية اسلامية (2)	1	[{"added": {}}]	10	1
347	2025-10-03 07:34:11.805824+00	22	محمد فرحان سالم  النوايسه – 12-3 – تربية اسلامية (2)	1	[{"added": {}}]	10	1
348	2025-10-03 07:34:49.239102+00	23	محمد فرحان سالم  النوايسه – 12-4 – تربية اسلامية (2)	1	[{"added": {}}]	10	1
349	2025-10-03 07:35:14.697871+00	24	محمد فرحان سالم  النوايسه – 9-1 – تربية اسلامية (2)	1	[{"added": {}}]	10	1
350	2025-10-03 07:36:02.38004+00	25	ابراهيم محمد محمود  الزريقات – 10-1 – تربية اسلامية (3)	1	[{"added": {}}]	10	1
351	2025-10-03 07:36:33.199814+00	26	ابراهيم محمد محمود  الزريقات – 10-2 – تربية اسلامية (3)	1	[{"added": {}}]	10	1
352	2025-10-03 07:36:58.272138+00	27	ابراهيم محمد محمود  الزريقات – 10-3 – تربية اسلامية (3)	1	[{"added": {}}]	10	1
354	2025-10-03 07:37:59.5429+00	29	احمد جبر جبر  خلف – 9-2 – تربية اسلامية (3)	1	[{"added": {}}]	10	1
361	2025-10-03 07:41:48.563178+00	35	ابراهيم سليمان طه  حمد – 11-1 – تربية اسلامية (3)	1	[{"added": {}}]	10	1
362	2025-10-03 07:43:07.061435+00	36	عمادالدين محمد الحبشى قاسم – 8-1 – تربية اسلامية (4)	1	[{"added": {}}]	10	1
363	2025-10-03 07:43:29.394652+00	37	عمادالدين محمد الحبشى قاسم – 8-2 – تربية اسلامية (4)	1	[{"added": {}}]	10	1
364	2025-10-03 07:43:58.477346+00	38	عمادالدين محمد الحبشى قاسم – 8-4 – تربية اسلامية (4)	1	[{"added": {}}]	10	1
365	2025-10-03 07:44:29.246323+00	39	عماد يحيى محمد العبسي نوح – 7-1 – تربية اسلامية (4)	1	[{"added": {}}]	10	1
366	2025-10-03 07:44:44.394098+00	40	عماد يحيى محمد العبسي نوح – 7-2 – تربية اسلامية (4)	1	[{"added": {}}]	10	1
367	2025-10-03 07:45:01.020815+00	41	عماد يحيى محمد العبسي نوح – 7-3 – تربية اسلامية (4)	1	[{"added": {}}]	10	1
368	2025-10-03 07:45:51.277921+00	42	محمود عبد المهدى عبد القادر الاسطه – 8-3 – تربية اسلامية (4)	1	[{"added": {}}]	10	1
369	2025-10-03 07:46:12.484959+00	43	محمود عبد المهدى عبد القادر الاسطه – 7-4 – تربية اسلامية (4)	1	[{"added": {}}]	10	1
370	2025-10-03 07:46:28.722432+00	44	محمود عبد المهدى عبد القادر الاسطه – 7-5 – تربية اسلامية (4)	1	[{"added": {}}]	10	1
371	2025-10-03 07:46:56.661975+00	45	محمود ابرهيم ابراهيم سعد – 12-1 – اللغة العربية (3)	1	[{"added": {}}]	10	1
372	2025-10-03 07:47:24.067767+00	46	احمد عبدالعزيز جامع  مرسى – 11-3 – اللغة العربية (6)	1	[{"added": {}}]	10	1
373	2025-10-03 07:47:46.16748+00	47	احمد عبدالعزيز جامع  مرسى – 12-3 – اللغة العربية (6)	1	[{"added": {}}]	10	1
374	2025-10-03 07:48:18.859125+00	48	خليفه صالح ظاهر  عودات – 11-1 – اللغة العربية (3)	1	[{"added": {}}]	10	1
375	2025-10-03 07:48:42.250646+00	49	خليفه صالح ظاهر  عودات – 11-4 – اللغة العربية (3)	1	[{"added": {}}]	10	1
376	2025-10-03 07:49:03.208419+00	50	خليفه صالح ظاهر  عودات – 11-2 – اللغة العربية (6)	1	[{"added": {}}]	10	1
377	2025-10-03 07:50:08.660463+00	51	عربى السيد يوسف السيد رجب – 9-3 – اللغة العربية (5)	1	[{"added": {}}]	10	1
378	2025-10-03 07:50:29.543191+00	52	عربى السيد يوسف السيد رجب – 12-2 – اللغة العربية (6)	1	[{"added": {}}]	10	1
379	2025-10-03 07:54:58.981767+00	53	احمد محمد أوغلو – 10-2 – اللغة العربية (5)	1	[{"added": {}}]	10	1
380	2025-10-03 07:55:19.321581+00	54	احمد محمد أوغلو – 8-1 – اللغة العربية (5)	1	[{"added": {}}]	10	1
381	2025-10-03 07:55:39.135188+00	55	احمد محمد أوغلو – 8-2 – اللغة العربية (5)	1	[{"added": {}}]	10	1
382	2025-10-03 07:56:01.774233+00	56	ياسر حجى شلبى  احمد – 7-4 – اللغة العربية (5)	1	[{"added": {}}]	10	1
383	2025-10-03 07:56:20.165753+00	57	ياسر حجى شلبى  احمد – 7-5 – اللغة العربية (5)	1	[{"added": {}}]	10	1
384	2025-10-03 07:56:45.736168+00	58	ياسر حجى شلبى  احمد – 9-1 – اللغة العربية (5)	1	[{"added": {}}]	10	1
385	2025-10-03 07:57:05.725963+00	59	عزام احمد يوسف  الزعبى – 7-1 – اللغة العربية (5)	1	[{"added": {}}]	10	1
386	2025-10-03 07:57:23.385811+00	60	عزام احمد يوسف  الزعبى – 7-2 – اللغة العربية (5)	1	[{"added": {}}]	10	1
387	2025-10-03 07:57:36.472908+00	61	عزام احمد يوسف  الزعبى – 7-3 – اللغة العربية (5)	1	[{"added": {}}]	10	1
388	2025-10-03 07:58:03.409637+00	62	نادر جمعه عثمان  حنفيه – 9-4 – اللغة العربية (5)	1	[{"added": {}}]	10	1
389	2025-10-03 07:58:19.1773+00	63	نادر جمعه عثمان  حنفيه – 9-2 – اللغة العربية (5)	1	[{"added": {}}]	10	1
390	2025-10-03 07:58:49.002053+00	64	نادر جمعه عثمان  حنفيه – 12-4 – اللغة العربية (6)	1	[{"added": {}}]	10	1
391	2025-10-03 07:59:15.225673+00	65	عامر محمد نجار – 8-3 – اللغة العربية (5)	1	[{"added": {}}]	10	1
392	2025-10-03 07:59:39.610514+00	66	عامر محمد نجار – 8-4 – اللغة العربية (5)	1	[{"added": {}}]	10	1
393	2025-10-03 07:59:55.350878+00	67	عامر محمد نجار – 10-1 – اللغة العربية (5)	1	[{"added": {}}]	10	1
394	2025-10-03 08:00:15.333436+00	68	احمد بكر محمد  الزبط – 10-3 – اللغة العربية (5)	1	[{"added": {}}]	10	1
395	2025-10-03 08:00:38.926234+00	69	احمد بكر محمد  الزبط – 10-4 – اللغة العربية (5)	1	[{"added": {}}]	10	1
396	2025-10-03 08:00:57.151802+00	70	محمد نادي محمد العرامين – 12-1 – رياضيات (6)	1	[{"added": {}}]	10	1
397	2025-10-03 08:01:18.283014+00	71	نادر على لطفى محمد لطفى – 9-3 – رياضيات (5)	1	[{"added": {}}]	10	1
398	2025-10-03 08:01:31.884506+00	72	نادر على لطفى محمد لطفى – 9-4 – رياضيات (5)	1	[{"added": {}}]	10	1
399	2025-10-03 08:01:48.645325+00	73	نادر على لطفى محمد لطفى – 12-2 – رياضيات (3)	1	[{"added": {}}]	10	1
400	2025-10-03 08:02:08.329648+00	74	عمرو محمد حمدان حمايده – 10-1 – رياضيات (5)	1	[{"added": {}}]	10	1
401	2025-10-03 08:02:22.103297+00	75	عمرو محمد حمدان حمايده – 10-2 – رياضيات (5)	1	[{"added": {}}]	10	1
402	2025-10-03 08:02:42.469929+00	76	محمد صبرى محمود  درويش – 10-3 – رياضيات (5)	1	[{"added": {}}]	10	1
403	2025-10-03 08:03:02.363177+00	77	محمد صبرى محمود  درويش – 10-4 – رياضيات (5)	1	[{"added": {}}]	10	1
404	2025-10-03 08:03:22.2562+00	78	محمد صبرى محمود  درويش – 12-4 – رياضيات (3)	1	[{"added": {}}]	10	1
405	2025-10-03 08:03:39.885759+00	79	مصطفى عمر حسين  النزهاوى – 12-3 – رياضيات (3)	1	[{"added": {}}]	10	1
406	2025-10-03 08:03:58.019543+00	80	مصطفى عمر حسين  النزهاوى – 8-1 – رياضيات (5)	1	[{"added": {}}]	10	1
407	2025-10-03 08:04:13.131745+00	81	مصطفى عمر حسين  النزهاوى – 8-3 – رياضيات (5)	1	[{"added": {}}]	10	1
408	2025-10-03 08:04:37.15091+00	82	مجدى محمد على احمد قنديل – 9-1 – رياضيات (5)	1	[{"added": {}}]	10	1
409	2025-10-03 08:04:54.429861+00	83	مجدى محمد على احمد قنديل – 9-2 – رياضيات (5)	1	[{"added": {}}]	10	1
410	2025-10-03 08:05:09.968368+00	84	مجدى محمد على احمد قنديل – 7-5 – رياضيات (5)	1	[{"added": {}}]	10	1
411	2025-10-03 08:05:32.49322+00	85	أكرم رابح قمودي – 7-3 – رياضيات (5)	1	[{"added": {}}]	10	1
412	2025-10-03 08:05:47.562802+00	86	أكرم رابح قمودي – 7-4 – رياضيات (5)	1	[{"added": {}}]	10	1
413	2025-10-03 08:06:01.005902+00	87	أكرم رابح قمودي – 8-2 – رياضيات (5)	1	[{"added": {}}]	10	1
414	2025-10-03 09:59:41.435343+00	88	مرتضي امين ابوالبشر عبدالله – 8-4 – رياضيات (5)	1	[{"added": {}}]	10	1
415	2025-10-03 10:00:02.807648+00	89	مرتضي امين ابوالبشر عبدالله – 11-1 – رياضيات (6)	1	[{"added": {}}]	10	1
416	2025-10-03 10:00:26.823231+00	90	عربى السيد يوسف السيد رجب – 7-1 – رياضيات (5)	1	[{"added": {}}]	10	1
417	2025-10-03 10:00:54.989839+00	91	عربى السيد يوسف السيد رجب – 7-2 – رياضيات (5)	1	[{"added": {}}]	10	1
418	2025-10-03 10:02:02.93043+00	92	احمد محمد حسن  إبراهيم – 12-1 – احياء (4)	1	[{"added": {}}]	10	1
419	2025-10-03 10:02:46.751829+00	93	عدنان بركات عدنان المصطفى – 11-2 – علوم عامة (4)	1	[{"added": {}}]	10	1
420	2025-10-03 10:03:10.764469+00	94	عدنان بركات عدنان المصطفى – 11-3 – علوم عامة (4)	1	[{"added": {}}]	10	1
421	2025-10-03 10:04:53.991057+00	95	عدنان بركات عدنان المصطفى – 11-4 – المهارات الحياتية (2)	1	[{"added": {}}]	10	1
422	2025-10-03 10:05:37.922755+00	96	محمد احمد حسن  عنانبه – 12-2 – علوم عامة (4)	1	[{"added": {}}]	10	1
423	2025-10-03 10:05:54.790792+00	97	محمد احمد حسن  عنانبه – 12-3 – علوم عامة (4)	1	[{"added": {}}]	10	1
424	2025-10-03 10:06:11.517096+00	98	محمد احمد حسن  عنانبه – 12-4 – علوم عامة (4)	1	[{"added": {}}]	10	1
425	2025-10-03 10:06:45.31207+00	99	علي ضيف الله خليل خريسات – 10-1 – احياء (3)	1	[{"added": {}}]	10	1
426	2025-10-03 10:07:00.801995+00	100	علي ضيف الله خليل خريسات – 10-2 – احياء (3)	1	[{"added": {}}]	10	1
427	2025-10-03 10:07:16.930333+00	101	علي ضيف الله خليل خريسات – 10-3 – احياء (3)	1	[{"added": {}}]	10	1
428	2025-10-03 10:07:34.110489+00	102	علي ضيف الله خليل خريسات – 10-4 – احياء (3)	1	[{"added": {}}]	10	1
429	2025-10-03 10:07:58.261214+00	103	علي ضيف الله خليل خريسات – 11-1 – احياء (4)	1	[{"added": {}}]	10	1
430	2025-10-03 10:08:48.336612+00	104	حسن ابرهيم العربى الصافى – 12-1 – فيزياء (4)	1	[{"added": {}}]	10	1
431	2025-10-03 10:09:23.01142+00	105	حسن ابرهيم العربى الصافى – 11-4 – فيزياء (4)	1	[{"added": {}}]	10	1
432	2025-10-03 10:09:54.728202+00	106	وليد عبد اللطيف – 10-1 – فيزياء (2)	1	[{"added": {}}]	10	1
433	2025-10-03 10:10:10.879161+00	107	وليد عبد اللطيف – 10-2 – فيزياء (2)	1	[{"added": {}}]	10	1
434	2025-10-03 10:10:32.609714+00	108	وليد عبد اللطيف – 10-3 – فيزياء (2)	1	[{"added": {}}]	10	1
435	2025-10-03 10:10:50.266361+00	109	وليد عبد اللطيف – 10-4 – فيزياء (2)	1	[{"added": {}}]	10	1
436	2025-10-03 10:11:19.096779+00	110	وليد عبد اللطيف – 11-1 – فيزياء (4)	1	[{"added": {}}]	10	1
437	2025-10-03 10:12:13.668337+00	111	عطيه محمود عطيه  محمود – 10-1 – كيمياء (3)	1	[{"added": {}}]	10	1
438	2025-10-03 10:12:30.393881+00	112	عطيه محمود عطيه  محمود – 12-1 – كيمياء (4)	1	[{"added": {}}]	10	1
439	2025-10-03 10:13:07.852783+00	113	احمد جعفر عبد الفتاح شاهين – 10-2 – كيمياء (3)	1	[{"added": {}}]	10	1
440	2025-10-03 10:13:21.966051+00	114	احمد جعفر عبد الفتاح شاهين – 10-3 – كيمياء (3)	1	[{"added": {}}]	10	1
441	2025-10-03 10:13:38.054574+00	115	احمد جعفر عبد الفتاح شاهين – 10-4 – كيمياء (3)	1	[{"added": {}}]	10	1
442	2025-10-03 10:14:20.434991+00	116	احمد جعفر عبد الفتاح شاهين – 11-1 – كيمياء (4)	1	[{"added": {}}]	10	1
443	2025-10-03 10:14:36.706821+00	117	احمد جعفر عبد الفتاح شاهين – 11-4 – كيمياء (2)	1	[{"added": {}}]	10	1
444	2025-10-03 10:15:11.351951+00	118	عادل محمد نصر  احمد – 9-3 – علوم (4)	1	[{"added": {}}]	10	1
445	2025-10-03 10:15:51.245671+00	119	حسام محمود مبروك غانم – 9-1 – علوم (4)	1	[{"added": {}}]	10	1
446	2025-10-03 10:16:08.985404+00	120	حسام محمود مبروك غانم – 9-1 – المهارات الحياتية (2)	1	[{"added": {}}]	10	1
447	2025-10-03 10:16:29.93503+00	121	حسام محمود مبروك غانم – 7-5 – علوم (4)	1	[{"added": {}}]	10	1
448	2025-10-03 10:17:05.512655+00	122	هاني محمد زغلول طه حسن – 9-2 – علوم (4)	1	[{"added": {}}]	10	1
449	2025-10-03 10:18:12.318222+00	123	هاني محمد زغلول طه حسن – 9-4 – علوم (4)	1	[{"added": {}}]	10	1
450	2025-10-03 10:18:33.319728+00	124	هاني محمد زغلول طه حسن – 9-4 – المهارات الحياتية (2)	1	[{"added": {}}]	10	1
451	2025-10-03 10:18:52.380558+00	125	عبدالباسط عبدالسلام   الجاسم – 8-1 – علوم (4)	1	[{"added": {}}]	10	1
452	2025-10-03 10:19:17.242303+00	126	عبدالباسط عبدالسلام   الجاسم – 8-2 – علوم (4)	1	[{"added": {}}]	10	1
453	2025-10-03 10:19:39.297701+00	127	عبدالباسط عبدالسلام   الجاسم – 8-1 – المهارات الحياتية (2)	1	[{"added": {}}]	10	1
454	2025-10-03 10:20:02.063607+00	128	محمود ماجد يوسف  الجرادات – 7-1 – علوم (4)	1	[{"added": {}}]	10	1
455	2025-10-03 10:20:15.764983+00	129	محمود ماجد يوسف  الجرادات – 7-2 – علوم (4)	1	[{"added": {}}]	10	1
456	2025-10-03 10:20:40.238306+00	130	عبدالرحمن محمد عبدالله لطف الله الاحزم – 7-3 – علوم (4)	1	[{"added": {}}]	10	1
457	2025-10-03 10:20:56.436221+00	131	عبدالرحمن محمد عبدالله لطف الله الاحزم – 7-4 – علوم (4)	1	[{"added": {}}]	10	1
458	2025-10-03 10:21:20.574125+00	132	عبدالرحمن محمد عبدالله لطف الله الاحزم – 7-4 – المهارات الحياتية (2)	1	[{"added": {}}]	10	1
459	2025-10-03 10:21:42.592495+00	133	عمرو محمد خليل الشحروري – 8-3 – علوم (4)	1	[{"added": {}}]	10	1
460	2025-10-03 10:21:57.124933+00	134	عمرو محمد خليل الشحروري – 8-4 – علوم (4)	1	[{"added": {}}]	10	1
461	2025-10-03 10:22:48.045634+00	135	سلطان سعيد عبدالله عواد – 12-1 – لغة انجليزية (6)	1	[{"added": {}}]	10	1
462	2025-10-03 10:23:13.703655+00	136	سامر غازي مصطفى محمد – 8-3 – لغة انجليزية (5)	1	[{"added": {}}]	10	1
463	2025-10-03 10:23:34.984761+00	137	سامر غازي مصطفى محمد – 8-4 – لغة انجليزية (5)	1	[{"added": {}}]	10	1
464	2025-10-03 10:23:52.997727+00	138	سامر غازي مصطفى محمد – 7-5 – لغة انجليزية (5)	1	[{"added": {}}]	10	1
465	2025-10-03 10:24:40.861617+00	139	طارق باسم مصطفى  شملاوي – 11-4 – لغة انجليزية (5)	1	[{"added": {}}]	10	1
466	2025-10-03 10:25:02.572361+00	140	طارق باسم مصطفى  شملاوي – 12-2 – لغة انجليزية (6)	1	[{"added": {}}]	10	1
467	2025-10-03 10:25:43.372507+00	141	محمد سلام سليمان  حسين – 9-2 – لغة انجليزية (5)	1	[{"added": {}}]	10	1
468	2025-10-03 10:26:01.492946+00	142	محمد سلام سليمان  حسين – 9-3 – لغة انجليزية (5)	1	[{"added": {}}]	10	1
469	2025-10-03 10:26:16.979647+00	143	محمد سلام سليمان  حسين – 10-2 – لغة انجليزية (5)	1	[{"added": {}}]	10	1
470	2025-10-03 10:26:36.160366+00	144	محمد عبدالوهاب عبدالبديع  عويس – 7-2 – لغة انجليزية (5)	1	[{"added": {}}]	10	1
471	2025-10-03 10:26:55.709941+00	145	محمد عبدالوهاب عبدالبديع  عويس – 10-4 – لغة انجليزية (5)	1	[{"added": {}}]	10	1
472	2025-10-03 10:27:44.800189+00	146	علي محمد محمد دار ناصر – 10-1 – لغة انجليزية (5)	1	[{"added": {}}]	10	1
473	2025-10-03 10:28:00.022791+00	147	علي محمد محمد دار ناصر – 12-4 – لغة انجليزية (6)	1	[{"added": {}}]	10	1
474	2025-10-03 10:28:21.757953+00	148	محمد فلاح صالح درادكه – 11-1 – لغة انجليزية (5)	1	[{"added": {}}]	10	1
475	2025-10-03 10:28:40.66713+00	149	محمد فلاح صالح درادكه – 11-2 – لغة انجليزية (5)	1	[{"added": {}}]	10	1
476	2025-10-03 10:29:00.236917+00	150	محمد فلاح صالح درادكه – 10-3 – لغة انجليزية (5)	1	[{"added": {}}]	10	1
477	2025-10-03 10:29:21.018116+00	151	عمر حسن عقله بني عطا – 8-1 – لغة انجليزية (5)	1	[{"added": {}}]	10	1
478	2025-10-03 10:29:44.633352+00	152	عمر حسن عقله بني عطا – 8-2 – لغة انجليزية (5)	1	[{"added": {}}]	10	1
479	2025-10-03 10:30:03.327292+00	153	عمر حسن عقله بني عطا – 11-3 – لغة انجليزية (5)	1	[{"added": {}}]	10	1
480	2025-10-03 10:30:24.058104+00	154	ليث حامد محمد السعودي – 7-3 – لغة انجليزية (5)	1	[{"added": {}}]	10	1
481	2025-10-03 10:30:39.296164+00	155	ليث حامد محمد السعودي – 7-1 – لغة انجليزية (5)	1	[{"added": {}}]	10	1
482	2025-10-03 10:31:03.219841+00	156	ليث حامد محمد السعودي – 7-4 – لغة انجليزية (5)	1	[{"added": {}}]	10	1
483	2025-10-03 10:31:36.034504+00	157	البشير بوحلاب سودان – 9-1 – لغة انجليزية (5)	1	[{"added": {}}]	10	1
484	2025-10-03 10:31:57.499244+00	158	البشير بوحلاب سودان – 9-4 – لغة انجليزية (4)	1	[{"added": {}}]	10	1
485	2025-10-03 10:32:16.860385+00	159	البشير بوحلاب سودان – 12-3 – لغة انجليزية (6)	1	[{"added": {}}]	10	1
486	2025-10-03 10:32:46.017063+00	160	امام محمد رشدى امام محمد – 12-3 – جغرافيا (4)	1	[{"added": {}}]	10	1
487	2025-10-03 10:33:08.403431+00	161	علي مصطفى   الدروبى – 12-2 – تاريخ (4)	1	[{"added": {}}]	10	1
488	2025-10-03 10:33:23.981431+00	162	علي مصطفى   الدروبى – 12-3 – تاريخ (4)	1	[{"added": {}}]	10	1
489	2025-10-03 10:33:42.692154+00	163	علي مصطفى   الدروبى – 12-4 – تاريخ (4)	1	[{"added": {}}]	10	1
490	2025-10-03 10:34:06.521071+00	164	السيد محمدي رفاعي عبدالوهاب الرفاعي – 11-2 – تاريخ (4)	1	[{"added": {}}]	10	1
491	2025-10-03 10:34:25.03362+00	165	السيد محمدي رفاعي عبدالوهاب الرفاعي – 11-3 – تاريخ (4)	1	[{"added": {}}]	10	1
492	2025-10-03 10:34:46.799047+00	166	السيد محمدي رفاعي عبدالوهاب الرفاعي – 11-2 – المهارات الحياتية (2)	1	[{"added": {}}]	10	1
493	2025-10-03 10:35:11.305318+00	167	محمد عبدالعزيز يونس  عدوان – 9-1 – علوم اجتماعية (3)	1	[{"added": {}}]	10	1
494	2025-10-03 10:35:26.174793+00	168	محمد عبدالعزيز يونس  عدوان – 9-2 – علوم اجتماعية (3)	1	[{"added": {}}]	10	1
495	2025-10-03 10:35:56.455857+00	169	محمد عبدالعزيز يونس  عدوان – 9-3 – علوم اجتماعية (3)	1	[{"added": {}}]	10	1
496	2025-10-03 10:36:14.2648+00	170	محمد عبدالعزيز يونس  عدوان – 9-4 – علوم اجتماعية (3)	1	[{"added": {}}]	10	1
497	2025-10-03 10:36:36.227529+00	171	مؤيد احمد محمد  المومني – 11-2 – جغرافيا (4)	1	[{"added": {}}]	10	1
498	2025-10-03 10:36:53.261776+00	172	مؤيد احمد محمد  المومني – 11-3 – جغرافيا (4)	1	[{"added": {}}]	10	1
499	2025-10-03 10:37:14.457028+00	173	مؤيد احمد محمد  المومني – 11-3 – المهارات الحياتية (2)	1	[{"added": {}}]	10	1
500	2025-10-03 10:37:43.232937+00	174	على ضيف الله حمد على – 8-1 – علوم اجتماعية (3)	1	[{"added": {}}]	10	1
501	2025-10-03 10:38:05.722331+00	175	على ضيف الله حمد على – 8-2 – علوم اجتماعية (3)	1	[{"added": {}}]	10	1
502	2025-10-03 10:38:22.781833+00	176	على ضيف الله حمد على – 8-3 – علوم اجتماعية (3)	1	[{"added": {}}]	10	1
503	2025-10-03 10:38:40.856396+00	177	على ضيف الله حمد على – 8-4 – علوم اجتماعية (3)	1	[{"added": {}}]	10	1
504	2025-10-03 10:39:07.642577+00	178	عمر مصطفى محمد العباس – 10-1 – علوم اجتماعية (3)	1	[{"added": {}}]	10	1
505	2025-10-03 10:39:23.516095+00	179	عمر مصطفى محمد العباس – 10-2 – علوم اجتماعية (3)	1	[{"added": {}}]	10	1
506	2025-10-03 10:39:40.374446+00	180	عمر مصطفى محمد العباس – 10-3 – علوم اجتماعية (3)	1	[{"added": {}}]	10	1
507	2025-10-03 10:39:54.77817+00	181	عمر مصطفى محمد العباس – 7-5 – علوم اجتماعية (3)	1	[{"added": {}}]	10	1
508	2025-10-03 10:40:18.087816+00	182	علاء محمد عبد الهادي القضاه – 7-1 – علوم اجتماعية (3)	1	[{"added": {}}]	10	1
509	2025-10-03 10:40:32.958909+00	183	علاء محمد عبد الهادي القضاه – 7-2 – علوم اجتماعية (3)	1	[{"added": {}}]	10	1
510	2025-10-03 10:40:50.989123+00	184	علاء محمد عبد الهادي القضاه – 7-3 – علوم اجتماعية (3)	1	[{"added": {}}]	10	1
511	2025-10-03 10:41:07.017047+00	185	علاء محمد عبد الهادي القضاه – 7-4 – علوم اجتماعية (3)	1	[{"added": {}}]	10	1
512	2025-10-03 10:41:26.418834+00	186	احمد رمضان خطاب ابراهيم حامد – 11-2 – ادارة اعمال (2)	1	[{"added": {}}]	10	1
513	2025-10-03 10:41:49.649176+00	187	احمد رمضان خطاب ابراهيم حامد – 11-3 – ادارة اعمال (2)	1	[{"added": {}}]	10	1
514	2025-10-03 10:42:04.514419+00	188	احمد رمضان خطاب ابراهيم حامد – 12-2 – ادارة اعمال (2)	1	[{"added": {}}]	10	1
515	2025-10-03 10:42:20.56867+00	189	احمد رمضان خطاب ابراهيم حامد – 12-3 – ادارة اعمال (2)	1	[{"added": {}}]	10	1
516	2025-10-03 10:42:47.215982+00	190	احمد رمضان خطاب ابراهيم حامد – 12-4 – ادارة اعمال (2)	1	[{"added": {}}]	10	1
517	2025-10-03 10:48:34.452414+00	191	عبدالله حسين مفلح نوفل – 10-1 – المهارات الحياتية (2)	1	[{"added": {}}]	10	1
518	2025-10-03 10:48:38.651612+00	191	عبدالله حسين مفلح نوفل – 10-1 – المهارات الحياتية (2)	2	[]	10	1
519	2025-10-03 10:48:50.893051+00	192	عبدالله حسين مفلح نوفل – 10-2 – المهارات الحياتية (2)	1	[{"added": {}}]	10	1
520	2025-10-03 10:49:05.550018+00	193	عبدالله حسين مفلح نوفل – 10-3 – المهارات الحياتية (2)	1	[{"added": {}}]	10	1
521	2025-10-03 10:49:22.358933+00	194	عبدالله حسين مفلح نوفل – 11-1 – المهارات الحياتية (2)	1	[{"added": {}}]	10	1
522	2025-10-03 10:49:37.175536+00	195	عبدالله حسين مفلح نوفل – 12-1 – المهارات الحياتية (2)	1	[{"added": {}}]	10	1
523	2025-10-03 10:49:48.431356+00	196	عبدالله حسين مفلح نوفل – 12-2 – المهارات الحياتية (2)	1	[{"added": {}}]	10	1
524	2025-10-03 10:50:00.823387+00	197	عبدالله حسين مفلح نوفل – 12-3 – المهارات الحياتية (2)	1	[{"added": {}}]	10	1
525	2025-10-03 10:50:14.068895+00	198	عبدالله حسين مفلح نوفل – 12-4 – المهارات الحياتية (2)	1	[{"added": {}}]	10	1
526	2025-10-03 10:50:45.78973+00	199	عثمان عبدالرحمن فاروسي – 7-1 – المهارات الحياتية (2)	1	[{"added": {}}]	10	1
527	2025-10-03 10:50:56.221717+00	200	عثمان عبدالرحمن فاروسي – 7-2 – المهارات الحياتية (2)	1	[{"added": {}}]	10	1
528	2025-10-03 10:51:06.31747+00	201	عثمان عبدالرحمن فاروسي – 7-3 – المهارات الحياتية (2)	1	[{"added": {}}]	10	1
529	2025-10-03 10:51:24.986915+00	202	عثمان عبدالرحمن فاروسي – 8-2 – المهارات الحياتية (2)	1	[{"added": {}}]	10	1
530	2025-10-03 10:51:47.301316+00	203	عثمان عبدالرحمن فاروسي – 8-3 – المهارات الحياتية (2)	1	[{"added": {}}]	10	1
531	2025-10-03 10:52:00.563085+00	204	عثمان عبدالرحمن فاروسي – 8-4 – المهارات الحياتية (2)	1	[{"added": {}}]	10	1
532	2025-10-03 10:52:18.877662+00	205	عثمان عبدالرحمن فاروسي – 9-2 – المهارات الحياتية (2)	1	[{"added": {}}]	10	1
533	2025-10-03 10:52:33.945734+00	206	عثمان عبدالرحمن فاروسي – 9-3 – المهارات الحياتية (2)	1	[{"added": {}}]	10	1
534	2025-10-03 10:53:04.228907+00	207	عثمان عبدالرحمن فاروسي – 7-5 – المهارات الحياتية (2)	1	[{"added": {}}]	10	1
535	2025-10-03 10:53:41.610488+00	208	محمد اسماعيل عبدالحميد  السيد – 12-1 – فنون بصرية (2)	1	[{"added": {}}]	10	1
536	2025-10-03 10:54:03.047483+00	209	محمد اسماعيل عبدالحميد  السيد – 11-1 – تكنولوجيا (2)	1	[{"added": {}}]	10	1
537	2025-10-03 10:54:26.615928+00	210	سامر نصر سليمان  جديع – 9-2 – تكنولوجيا (2)	1	[{"added": {}}]	10	1
538	2025-10-03 10:54:45.36478+00	211	سامر نصر سليمان  جديع – 9-3 – تكنولوجيا (2)	1	[{"added": {}}]	10	1
539	2025-10-03 10:55:00.799776+00	212	سامر نصر سليمان  جديع – 9-4 – تكنولوجيا (2)	1	[{"added": {}}]	10	1
540	2025-10-03 10:55:16.673164+00	213	سامر نصر سليمان  جديع – 10-1 – تكنولوجيا (2)	1	[{"added": {}}]	10	1
541	2025-10-03 10:55:29.334312+00	214	سامر نصر سليمان  جديع – 10-2 – تكنولوجيا (2)	1	[{"added": {}}]	10	1
542	2025-10-03 10:55:45.821014+00	215	سامر نصر سليمان  جديع – 10-3 – تكنولوجيا (2)	1	[{"added": {}}]	10	1
543	2025-10-03 10:55:57.172767+00	216	سامر نصر سليمان  جديع – 10-4 – تكنولوجيا (2)	1	[{"added": {}}]	10	1
544	2025-10-03 10:56:26.998667+00	217	منير رافع شتيوي شتيات – 7-1 – تكنولوجيا (2)	1	[{"added": {}}]	10	1
545	2025-10-03 10:56:38.382206+00	218	منير رافع شتيوي شتيات – 7-2 – تكنولوجيا (2)	1	[{"added": {}}]	10	1
546	2025-10-03 10:56:50.941998+00	219	منير رافع شتيوي شتيات – 7-3 – تكنولوجيا (2)	1	[{"added": {}}]	10	1
547	2025-10-03 10:57:02.646747+00	220	منير رافع شتيوي شتيات – 7-4 – تكنولوجيا (2)	1	[{"added": {}}]	10	1
548	2025-10-03 10:57:11.736428+00	221	منير رافع شتيوي شتيات – 7-5 – تكنولوجيا (2)	1	[{"added": {}}]	10	1
549	2025-10-03 10:57:37.742479+00	222	منير رافع شتيوي شتيات – 11-4 – علوم الحاسب (2)	1	[{"added": {}}]	10	1
550	2025-10-03 10:58:00.067086+00	222	منير رافع شتيوي شتيات – 11-4 – علوم الحاسب (4)	2	[{"changed": {"fields": ["\\u0639\\u062f\\u062f \\u0627\\u0644\\u062d\\u0635\\u0635 \\u0623\\u0633\\u0628\\u0648\\u0639\\u064a\\u0627\\u064b"]}}]	10	1
551	2025-10-03 10:58:27.930413+00	223	احمد المنصف الحاج قاسم – 8-1 – تكنولوجيا (2)	1	[{"added": {}}]	10	1
552	2025-10-03 10:58:38.15764+00	224	احمد المنصف الحاج قاسم – 8-2 – تكنولوجيا (2)	1	[{"added": {}}]	10	1
553	2025-10-03 10:58:48.671509+00	225	احمد المنصف الحاج قاسم – 8-3 – تكنولوجيا (2)	1	[{"added": {}}]	10	1
554	2025-10-03 10:58:59.240318+00	226	احمد المنصف الحاج قاسم – 8-4 – تكنولوجيا (2)	1	[{"added": {}}]	10	1
555	2025-10-03 10:59:15.428274+00	227	احمد المنصف الحاج قاسم – 9-1 – تكنولوجيا (2)	1	[{"added": {}}]	10	1
556	2025-10-03 10:59:37.592129+00	228	احمد المنصف الحاج قاسم – 11-4 – تكنولوجيا المعلومات (4)	1	[{"added": {}}]	10	1
557	2025-10-03 11:00:15.506271+00	229	يوسف يعقوب يونس  عوض – 12-1 – فنون بصرية (2)	1	[{"added": {}}]	10	1
558	2025-10-03 11:00:36.169359+00	230	يوسف يعقوب يونس  عوض – 11-1 – فنون بصرية (2)	1	[{"added": {}}]	10	1
559	2025-10-03 11:00:49.949927+00	231	يوسف يعقوب يونس  عوض – 11-4 – فنون بصرية (2)	1	[{"added": {}}]	10	1
560	2025-10-03 11:01:48.923605+00	232	يوسف جميل سليمان العبدالله – 7-1 – فنون بصرية (2)	1	[{"added": {}}]	10	1
561	2025-10-03 11:02:10.022607+00	233	يوسف جميل سليمان العبدالله – 7-2 – فنون بصرية (2)	1	[{"added": {}}]	10	1
562	2025-10-03 11:02:23.989407+00	234	يوسف جميل سليمان العبدالله – 7-3 – فنون بصرية (2)	1	[{"added": {}}]	10	1
563	2025-10-03 11:02:35.52751+00	235	يوسف جميل سليمان العبدالله – 7-4 – فنون بصرية (2)	1	[{"added": {}}]	10	1
564	2025-10-03 11:02:48.982681+00	236	يوسف جميل سليمان العبدالله – 9-2 – فنون بصرية (2)	1	[{"added": {}}]	10	1
565	2025-10-03 11:03:01.653697+00	237	يوسف جميل سليمان العبدالله – 9-4 – فنون بصرية (2)	1	[{"added": {}}]	10	1
566	2025-10-03 11:03:40.413402+00	238	عبدالله الرمضان – 7-5 – فنون بصرية (2)	1	[{"added": {}}]	10	1
567	2025-10-03 11:03:55.30607+00	239	عبدالله الرمضان – 8-1 – فنون بصرية (2)	1	[{"added": {}}]	10	1
568	2025-10-03 11:04:06.375744+00	240	عبدالله الرمضان – 8-2 – فنون بصرية (2)	1	[{"added": {}}]	10	1
569	2025-10-03 11:04:16.715027+00	241	عبدالله الرمضان – 8-3 – فنون بصرية (2)	1	[{"added": {}}]	10	1
570	2025-10-03 11:04:34.558888+00	242	عبدالله الرمضان – 8-4 – فنون بصرية (2)	1	[{"added": {}}]	10	1
571	2025-10-03 11:04:46.667663+00	243	عبدالله الرمضان – 9-1 – فنون بصرية (2)	1	[{"added": {}}]	10	1
572	2025-10-03 11:05:00.945611+00	244	عبدالله الرمضان – 9-3 – فنون بصرية (2)	1	[{"added": {}}]	10	1
573	2025-10-03 11:05:30.595973+00	245	بنجر محمد بنجر جاسر الدوسرى – 7-1 – تربية بدنية (2)	1	[{"added": {}}]	10	1
574	2025-10-03 11:05:43.688956+00	246	بنجر محمد بنجر جاسر الدوسرى – 7-2 – تربية بدنية (2)	1	[{"added": {}}]	10	1
575	2025-10-03 11:05:55.269741+00	247	بنجر محمد بنجر جاسر الدوسرى – 7-3 – تربية بدنية (2)	1	[{"added": {}}]	10	1
576	2025-10-03 11:06:38.920217+00	248	وجدي بن محمد بن عمارة يوسفي – 10-1 – تربية بدنية (2)	1	[{"added": {}}]	10	1
577	2025-10-03 11:06:51.355546+00	249	وجدي بن محمد بن عمارة يوسفي – 10-2 – تربية بدنية (2)	1	[{"added": {}}]	10	1
578	2025-10-03 11:07:02.702512+00	250	وجدي بن محمد بن عمارة يوسفي – 10-3 – تربية بدنية (2)	1	[{"added": {}}]	10	1
579	2025-10-03 11:07:14.687788+00	251	وجدي بن محمد بن عمارة يوسفي – 10-4 – تربية بدنية (2)	1	[{"added": {}}]	10	1
580	2025-10-03 11:07:29.264784+00	252	وجدي بن محمد بن عمارة يوسفي – 12-1 – تربية بدنية (2)	1	[{"added": {}}]	10	1
581	2025-10-03 11:07:42.585006+00	253	وجدي بن محمد بن عمارة يوسفي – 12-2 – تربية بدنية (2)	1	[{"added": {}}]	10	1
582	2025-10-03 11:07:56.515972+00	254	وجدي بن محمد بن عمارة يوسفي – 10-4 – المهارات الحياتية (2)	1	[{"added": {}}]	10	1
583	2025-10-03 11:08:50.900446+00	255	معز بن احمد  السعداوي – 7-4 – تربية بدنية (2)	1	[{"added": {}}]	10	1
584	2025-10-03 11:09:10.884187+00	256	معز بن احمد  السعداوي – 7-5 – تربية بدنية (2)	1	[{"added": {}}]	10	1
585	2025-10-03 11:09:54.840741+00	257	معز بن احمد  السعداوي – 11-1 – تربية بدنية (2)	1	[{"added": {}}]	10	1
586	2025-10-03 11:10:16.107912+00	258	معز بن احمد  السعداوي – 11-2 – تربية بدنية (2)	1	[{"added": {}}]	10	1
587	2025-10-03 11:10:31.20146+00	259	معز بن احمد  السعداوي – 11-3 – تربية بدنية (2)	1	[{"added": {}}]	10	1
588	2025-10-03 11:11:00.724472+00	260	عبدالله خالد كامل محمود عبدربه – 9-1 – تربية بدنية (2)	1	[{"added": {}}]	10	1
589	2025-10-03 11:11:12.301988+00	261	عبدالله خالد كامل محمود عبدربه – 9-2 – تربية بدنية (2)	1	[{"added": {}}]	10	1
590	2025-10-03 11:11:30.253321+00	262	عبدالله خالد كامل محمود عبدربه – 9-3 – تربية بدنية (2)	1	[{"added": {}}]	10	1
591	2025-10-03 11:11:44.200265+00	263	عبدالله خالد كامل محمود عبدربه – 9-4 – تربية بدنية (2)	1	[{"added": {}}]	10	1
592	2025-10-03 11:11:57.249469+00	264	عبدالله خالد كامل محمود عبدربه – 11-4 – تربية بدنية (2)	1	[{"added": {}}]	10	1
593	2025-10-03 11:12:43.856871+00	265	ناصر فايز مناحى سعد الهاجرى – 8-1 – تربية بدنية (2)	1	[{"added": {}}]	10	1
594	2025-10-03 11:12:59.516308+00	266	ناصر فايز مناحى سعد الهاجرى – 8-2 – تربية بدنية (2)	1	[{"added": {}}]	10	1
595	2025-10-03 11:13:15.00521+00	267	ناصر فايز مناحى سعد الهاجرى – 8-3 – تربية بدنية (2)	1	[{"added": {}}]	10	1
596	2025-10-03 11:13:29.236302+00	268	ناصر فايز مناحى سعد الهاجرى – 8-4 – تربية بدنية (2)	1	[{"added": {}}]	10	1
597	2025-10-03 11:13:42.329324+00	269	ناصر فايز مناحى سعد الهاجرى – 12-3 – تربية بدنية (2)	1	[{"added": {}}]	10	1
598	2025-10-03 11:13:55.764017+00	270	ناصر فايز مناحى سعد الهاجرى – 12-4 – تربية بدنية (2)	1	[{"added": {}}]	10	1
599	2025-10-03 11:14:10.461285+00	270	ناصر فايز مناحى سعد الهاجرى – 12-4 – تربية بدنية (1)	2	[{"changed": {"fields": ["\\u0639\\u062f\\u062f \\u0627\\u0644\\u062d\\u0635\\u0635 \\u0623\\u0633\\u0628\\u0648\\u0639\\u064a\\u0627\\u064b"]}}]	10	1
600	2025-10-03 11:14:22.900335+00	269	ناصر فايز مناحى سعد الهاجرى – 12-3 – تربية بدنية (1)	2	[{"changed": {"fields": ["\\u0639\\u062f\\u062f \\u0627\\u0644\\u062d\\u0635\\u0635 \\u0623\\u0633\\u0628\\u0648\\u0639\\u064a\\u0627\\u064b"]}}]	10	1
601	2025-10-03 11:15:08.338066+00	270	ناصر فايز مناحى سعد الهاجرى – 12-4 – تربية بدنية (2)	2	[{"changed": {"fields": ["\\u0639\\u062f\\u062f \\u0627\\u0644\\u062d\\u0635\\u0635 \\u0623\\u0633\\u0628\\u0648\\u0639\\u064a\\u0627\\u064b"]}}]	10	1
602	2025-10-03 11:15:14.348283+00	269	ناصر فايز مناحى سعد الهاجرى – 12-3 – تربية بدنية (2)	2	[{"changed": {"fields": ["\\u0639\\u062f\\u062f \\u0627\\u0644\\u062d\\u0635\\u0635 \\u0623\\u0633\\u0628\\u0648\\u0639\\u064a\\u0627\\u064b"]}}]	10	1
603	2025-10-03 11:16:09.487466+00	25	12-4	2	[{"changed": {"name": "\\u0645\\u0627\\u062f\\u0629 \\u0627\\u0644\\u0635\\u0641", "object": "12-4 \\u2013 \\u062a\\u0631\\u0628\\u064a\\u0629 \\u0628\\u062f\\u0646\\u064a\\u0629", "fields": ["Weekly default"]}}]	7	1
604	2025-10-03 11:16:59.050212+00	22	12-1	2	[{"changed": {"name": "\\u0645\\u0627\\u062f\\u0629 \\u0627\\u0644\\u0635\\u0641", "object": "12-1 \\u2013 \\u062a\\u0631\\u0628\\u064a\\u0629 \\u0628\\u062f\\u0646\\u064a\\u0629", "fields": ["Weekly default"]}}]	7	1
605	2025-10-03 11:17:47.13023+00	25	12-4	2	[{"changed": {"name": "\\u0645\\u0627\\u062f\\u0629 \\u0627\\u0644\\u0635\\u0641", "object": "12-4 \\u2013 \\u062a\\u0631\\u0628\\u064a\\u0629 \\u0628\\u062f\\u0646\\u064a\\u0629", "fields": ["Weekly default"]}}]	7	1
606	2025-10-03 11:17:55.970147+00	24	12-3	2	[]	7	1
607	2025-10-03 11:18:05.74232+00	23	12-2	2	[]	7	1
608	2025-10-03 11:18:13.986299+00	22	12-1	2	[{"changed": {"name": "\\u0645\\u0627\\u062f\\u0629 \\u0627\\u0644\\u0635\\u0641", "object": "12-1 \\u2013 \\u062a\\u0631\\u0628\\u064a\\u0629 \\u0628\\u062f\\u0646\\u064a\\u0629", "fields": ["Weekly default"]}}]	7	1
609	2025-10-03 11:18:34.75238+00	270	ناصر فايز مناحى سعد الهاجرى – 12-4 – تربية بدنية (1)	2	[{"changed": {"fields": ["\\u0639\\u062f\\u062f \\u0627\\u0644\\u062d\\u0635\\u0635 \\u0623\\u0633\\u0628\\u0648\\u0639\\u064a\\u0627\\u064b"]}}]	10	1
610	2025-10-03 11:18:40.002032+00	269	ناصر فايز مناحى سعد الهاجرى – 12-3 – تربية بدنية (1)	2	[{"changed": {"fields": ["\\u0639\\u062f\\u062f \\u0627\\u0644\\u062d\\u0635\\u0635 \\u0623\\u0633\\u0628\\u0648\\u0639\\u064a\\u0627\\u064b"]}}]	10	1
611	2025-10-03 11:18:59.351695+00	252	وجدي بن محمد بن عمارة يوسفي – 12-1 – تربية بدنية (1)	2	[{"changed": {"fields": ["\\u0639\\u062f\\u062f \\u0627\\u0644\\u062d\\u0635\\u0635 \\u0623\\u0633\\u0628\\u0648\\u0639\\u064a\\u0627\\u064b"]}}]	10	1
612	2025-10-03 11:19:06.451293+00	253	وجدي بن محمد بن عمارة يوسفي – 12-2 – تربية بدنية (1)	2	[{"changed": {"fields": ["\\u0639\\u062f\\u062f \\u0627\\u0644\\u062d\\u0635\\u0635 \\u0623\\u0633\\u0628\\u0648\\u0639\\u064a\\u0627\\u064b"]}}]	10	1
613	2025-10-03 12:37:09.798078+00	28	9-A	3		7	1
614	2025-10-06 05:18:04.340705+00	31	عربي	3		11	1
615	2025-10-06 15:43:31.239957+00	73	5	3		7	1
616	2025-10-06 15:43:31.239997+00	72	4	3		7	1
617	2025-10-06 15:43:31.240011+00	71	3	3		7	1
618	2025-10-06 15:43:31.240022+00	70	2	3		7	1
619	2025-10-06 15:43:31.240033+00	69	1	3		7	1
620	2025-10-06 15:43:31.240045+00	29	2025-07-01 00:00:00	3		7	1
621	2025-10-06 15:44:36.527577+00	57	12/4	3		7	1
622	2025-10-06 15:44:36.527657+00	56	12/3	3		7	1
623	2025-10-06 15:44:36.527697+00	55	12/2	3		7	1
624	2025-10-06 15:44:36.527733+00	54	12/1	3		7	1
625	2025-10-06 15:44:36.527768+00	53	11/4	3		7	1
626	2025-10-06 15:44:36.527822+00	52	11/3	3		7	1
627	2025-10-06 15:44:36.527856+00	51	11/2	3		7	1
628	2025-10-06 15:44:36.527889+00	50	11/1	3		7	1
629	2025-10-06 15:44:36.527921+00	49	10/4	3		7	1
630	2025-10-06 15:44:36.527952+00	48	10/3	3		7	1
631	2025-10-06 15:44:36.527984+00	47	10/2	3		7	1
632	2025-10-06 15:44:36.528016+00	46	10/1	3		7	1
633	2025-10-06 15:44:36.528048+00	44	09/4	3		7	1
634	2025-10-06 15:44:36.52808+00	43	09/3	3		7	1
635	2025-10-06 15:44:36.528112+00	42	09/2	3		7	1
636	2025-10-06 15:44:36.528143+00	41	09/1	3		7	1
637	2025-10-06 15:44:36.528175+00	39	08/4	3		7	1
638	2025-10-06 15:44:36.528207+00	38	08/3	3		7	1
639	2025-10-06 15:44:36.528239+00	37	08/2	3		7	1
640	2025-10-06 15:44:36.52827+00	36	08/1	3		7	1
641	2025-10-06 15:44:36.528303+00	34	07/5	3		7	1
642	2025-10-06 15:44:36.528334+00	33	07/4	3		7	1
643	2025-10-06 15:44:36.528365+00	32	07/3	3		7	1
644	2025-10-06 15:44:36.528397+00	31	07/2	3		7	1
645	2025-10-06 15:44:36.528428+00	30	07/1	3		7	1
648	2025-10-06 15:53:07.769789+00	78	5	3		7	1
649	2025-10-06 15:53:07.76982+00	77	4	3		7	1
650	2025-10-06 15:53:07.769832+00	76	3	3		7	1
651	2025-10-06 15:53:07.76984+00	75	2	3		7	1
652	2025-10-06 15:53:07.769849+00	74	1	3		7	1
681	2025-10-06 15:55:49.927515+00	111	5	3		7	1
682	2025-10-06 15:55:49.927576+00	110	4	3		7	1
683	2025-10-06 15:55:49.927598+00	109	3	3		7	1
684	2025-10-06 15:55:49.927617+00	108	2	3		7	1
685	2025-10-06 15:55:49.927636+00	107	1	3		7	1
686	2025-10-06 16:17:08.756931+00	139	31363403849 - سالم نايف سالم المجمول الدوسرى	2	[{"changed": {"fields": ["Needs"]}}]	9	1
687	2025-10-06 16:17:38.354448+00	263	31068200090 - هضبان سالم هضبان المري	2	[{"changed": {"fields": ["Needs"]}}]	9	1
688	2025-10-06 16:17:44.150112+00	263	31068200090 - هضبان سالم هضبان المري	2	[]	9	1
689	2025-10-06 16:17:50.635919+00	396	31088600395 - علي احمد ناجى حسين حصيان	2	[{"changed": {"fields": ["Needs"]}}]	9	1
690	2025-10-06 16:17:57.314656+00	139	31363403849 - سالم نايف سالم المجمول الدوسرى	2	[]	9	1
691	2025-10-06 16:18:04.622481+00	138	31281806231 - احمد حمدى صلاح حسن امين	2	[{"changed": {"fields": ["Needs"]}}]	9	1
692	2025-10-06 16:19:38.295149+00	551	30999900026 - حمد محمد فاروق محمد غراب	2	[]	9	1
693	2025-10-06 16:21:54.932891+00	144	5	3		7	1
694	2025-10-06 16:21:54.932937+00	143	4	3		7	1
695	2025-10-06 16:21:54.932959+00	142	3	3		7	1
696	2025-10-06 16:21:54.932979+00	141	2	3		7	1
697	2025-10-06 16:21:54.932997+00	140	1	3		7	1
\.


--
-- Data for Name: django_content_type; Type: TABLE DATA; Schema: public; Owner: -
--

COPY public.django_content_type (id, app_label, model) FROM stdin;
1	admin	logentry
2	auth	permission
3	auth	group
4	auth	user
5	contenttypes	contenttype
6	sessions	session
7	school	class
8	school	staff
9	school	student
10	school	teachingassignment
11	school	subject
12	school	classsubject
13	school	calendarslot
14	school	calendartemplate
46	school	timetableentry
\.


--
-- Data for Name: django_migrations; Type: TABLE DATA; Schema: public; Owner: -
--

COPY public.django_migrations (id, app, name, applied) FROM stdin;
1	contenttypes	0001_initial	2025-10-02 17:06:45.316787+00
2	auth	0001_initial	2025-10-02 17:06:45.504942+00
3	admin	0001_initial	2025-10-02 17:06:45.559078+00
4	admin	0002_logentry_remove_auto_add	2025-10-02 17:06:45.572457+00
5	admin	0003_logentry_add_action_flag_choices	2025-10-02 17:06:45.588766+00
6	contenttypes	0002_remove_content_type_name	2025-10-02 17:06:45.618821+00
7	auth	0002_alter_permission_name_max_length	2025-10-02 17:06:45.632366+00
8	auth	0003_alter_user_email_max_length	2025-10-02 17:06:45.651448+00
9	auth	0004_alter_user_username_opts	2025-10-02 17:06:45.662799+00
10	auth	0005_alter_user_last_login_null	2025-10-02 17:06:45.724794+00
11	auth	0006_require_contenttypes_0002	2025-10-02 17:06:45.775679+00
12	auth	0007_alter_validators_add_error_messages	2025-10-02 17:06:45.845628+00
13	auth	0008_alter_user_username_max_length	2025-10-02 17:06:45.966073+00
14	auth	0009_alter_user_last_name_max_length	2025-10-02 17:06:46.001058+00
15	auth	0010_alter_group_name_max_length	2025-10-02 17:06:46.031486+00
16	auth	0011_update_proxy_permissions	2025-10-02 17:06:46.066322+00
17	auth	0012_alter_user_first_name_max_length	2025-10-02 17:06:46.098779+00
18	school	0001_initial	2025-10-02 17:06:46.182392+00
19	school	0002_student_extra_fields	2025-10-02 17:06:46.198471+00
20	school	0003_staff_extra_fields	2025-10-02 17:06:46.27925+00
21	sessions	0001_initial	2025-10-02 17:06:46.312174+00
22	school	0004_subject_and_teachingassignment	2025-10-03 02:03:53.514427+00
23	school	0005_classsubject_and_class_m2m	2025-10-03 02:24:12.54803+00
24	school	0006_calendar_templates	2025-10-03 12:24:33.957333+00
57	school	0007_timetable_entry	2025-10-06 05:17:03.374243+00
58	school	0008_rename_classsubject_class_idx_school_clas_classro_1a6a75_idx_and_more	2025-10-06 05:17:03.404191+00
59	school	0009_drop_timetable_entry	2025-10-06 05:17:03.410831+00
60	school	0010_timetable_entry_v2	2025-10-06 05:17:03.479657+00
61	school	0011_student_extra_fields	2025-10-06 05:37:12.840872+00
94	school	0012_student_parent_national_no	2025-10-06 07:07:33.586164+00
\.


--
-- Data for Name: django_session; Type: TABLE DATA; Schema: public; Owner: -
--

COPY public.django_session (session_key, session_data, expire_date) FROM stdin;
mqop0m7sz1y7aenhhz6rref0ajujsz79	.eJxVjEEOwiAQRe_C2pCBMoAu3fcMZBioVA0kpV0Z765NutDtf-_9lwi0rSVsPS9hTuIilDj9bpH4kesO0p3qrUludV3mKHdFHrTLsaX8vB7u30GhXr41oPZZM_tMMQIpNtYPTNoCo8-WHTgFA0zGWodeo_FozwOaCSNo45R4fwDP1TZ5:1v4ew0:5eo9Q-zzqOzSOlUcvuHtjTqbStS4b17mgV1hVWxm_Qw	2025-10-17 12:30:52.978561+00
e2w09bgfj4dyya306zyh6dgk1pabxwbg	.eJxVjEEOwiAURO_C2hD4hVJcuu8ZCPwPUjWQlHZlvLs06UKXM-_NvJnz-5bd3uLqFmJXJtnltwsen7EcgB6-3CvHWrZ1CfxQ-EkbnyvF1-10_w6yb7mvtZkkRp_CGIT1IoGQcQBFerBJEY0ACqRB1Nr0YCcSQgCprssECRP7fAHblze_:1v5nYD:gR7BkJLQflPNM4ps2hl30vTHCWwxx3Ds-c-sLlza1y0	2025-10-20 15:55:01.441189+00
\.


--
-- Data for Name: school_calendarslot; Type: TABLE DATA; Schema: public; Owner: -
--

COPY public.school_calendarslot (id, template_id, day, period_index, start_time, end_time, block, "order") FROM stdin;
45	1	ALL	1	07:10:00	08:00:00	class	1
46	1	ALL	2	08:00:00	08:45:00	class	2
47	1	ALL	3	08:45:00	09:35:00	class	3
48	1	ALL	4	09:35:00	10:25:00	class	4
49	1	ALL	BREAK	10:25:00	10:45:00	break	5
50	1	ALL	5	10:45:00	11:35:00	class	6
51	1	ALL	6	11:35:00	12:25:00	class	7
52	1	ALL	7	12:25:00	13:10:00	class	8
53	1	ALL	PRAYER	13:10:00	13:30:00	prayer	9
54	2	ALL	1	07:10:00	08:00:00	class	1
55	2	ALL	2	08:00:00	08:50:00	class	2
56	2	ALL	3	08:50:00	09:35:00	class	3
57	2	ALL	BREAK	09:35:00	09:55:00	break	4
58	2	ALL	4	09:55:00	10:50:00	class	5
59	2	ALL	5	10:50:00	11:35:00	class	6
60	2	ALL	6	11:35:00	12:20:00	class	7
61	2	ALL	PRAYER	12:20:00	12:40:00	prayer	8
62	2	ALL	7	12:40:00	13:30:00	class	9
63	3	Thu	1	07:10:00	07:55:00	class	1
64	3	Thu	2	07:55:00	08:40:00	class	2
65	3	Thu	3	08:40:00	09:20:00	class	3
66	3	Thu	4	09:20:00	10:05:00	class	4
67	3	Thu	BREAK	10:05:00	10:25:00	break	5
68	3	Thu	5	10:25:00	11:05:00	class	6
69	3	Thu	6	11:05:00	11:50:00	class	7
70	3	Thu	7	11:50:00	12:30:00	class	8
71	3	Thu	PRAYER	12:30:00	12:45:00	prayer	9
72	4	Thu	1	07:10:00	08:00:00	class	1
73	4	Thu	2	08:00:00	08:50:00	class	2
74	4	Thu	3	08:50:00	09:35:00	class	3
75	4	Thu	BREAK	09:35:00	09:55:00	break	4
76	4	Thu	4	10:00:00	10:50:00	class	5
77	4	Thu	5	10:50:00	11:10:00	class	6
78	4	Thu	OTHER	11:10:00	11:40:00	other	7
79	4	Thu	6	11:40:00	12:30:00	class	8
80	4	Thu	PRAYER	12:30:00	12:40:00	prayer	9
81	5	Thu	1	07:10:00	08:00:00	class	1
82	5	Thu	2	08:00:00	08:50:00	class	2
83	5	Thu	3	08:50:00	09:35:00	class	3
84	5	Thu	BREAK	09:35:00	09:55:00	break	4
85	5	Thu	4	09:55:00	10:50:00	class	5
86	5	Thu	5	10:50:00	11:35:00	class	6
87	5	Thu	PRAYER	11:35:00	11:55:00	prayer	7
88	5	Thu	6	11:55:00	12:40:00	class	8
\.


--
-- Data for Name: school_calendartemplate; Type: TABLE DATA; Schema: public; Owner: -
--

COPY public.school_calendartemplate (id, name, scope, days) FROM stdin;
1	Sun-Wed Upper	Upper	ALL
2	Sun-Wed Ground	Ground	ALL
3	Thu Secondary	Secondary	Thu
4	Thu Grade9(2-4)	Grade9(2-4)	Thu
5	Thu Ground	Ground	Thu
\.


--
-- Data for Name: school_class; Type: TABLE DATA; Schema: public; Owner: -
--

COPY public.school_class (id, name, grade, section) FROM stdin;
1	7-1	7	1
2	7-2	7	2
3	7-3	7	3
4	7-4	7	4
5	7-5	7	5
6	8-1	8	1
7	8-2	8	2
8	8-3	8	3
9	8-4	8	4
10	9-1	9	1
11	9-2	9	2
12	9-3	9	3
13	9-4	9	4
14	10-1	10	1
15	10-2	10	2
16	10-3	10	3
17	10-4	10	4
18	11-1	11	1
20	11-3	11	3
21	11-4	11	4
19	11-2	11	2
25	12-4	12	4
24	12-3	12	3
23	12-2	12	2
22	12-1	12	1
35	07/ESE	7	ESE
40	08/ESE	8	ESE
45	09/ESE	9	ESE
\.


--
-- Data for Name: school_classsubject; Type: TABLE DATA; Schema: public; Owner: -
--

COPY public.school_classsubject (id, classroom_id, subject_id, weekly_default) FROM stdin;
14	21	12	6
15	19	12	3
16	20	12	3
17	1	12	5
18	2	12	5
19	3	12	5
20	4	12	5
21	5	12	5
22	6	12	5
23	7	12	5
24	8	12	5
25	9	12	5
26	10	12	5
27	11	12	5
28	12	12	5
29	13	12	5
30	14	12	5
31	15	12	5
32	16	12	5
33	17	12	5
34	18	12	6
35	22	12	6
36	23	12	3
37	24	12	3
38	25	12	3
39	1	13	4
40	2	13	4
41	3	13	4
42	4	13	4
43	5	13	4
44	6	13	4
45	7	13	4
46	8	13	4
47	9	13	4
48	10	13	4
49	11	13	4
50	12	13	4
51	13	13	4
52	14	13	3
53	15	13	3
54	16	13	3
55	17	13	3
56	18	13	3
57	19	13	3
58	20	13	3
59	21	13	3
60	22	13	3
61	23	13	3
62	24	13	3
63	25	13	3
64	1	14	5
65	2	14	5
66	3	14	5
67	4	14	5
68	5	14	5
69	6	14	5
70	7	14	5
71	8	14	5
72	9	14	5
73	10	14	5
74	11	14	5
75	12	14	5
76	13	14	5
77	14	14	5
78	15	14	5
79	16	14	5
80	17	14	5
81	18	14	3
82	19	14	6
83	20	14	6
84	21	14	3
85	22	14	3
86	23	14	6
87	24	14	6
88	25	14	6
89	22	15	4
90	18	15	4
91	14	15	3
92	15	15	3
93	16	15	3
94	17	15	3
95	19	16	4
96	20	16	4
97	23	16	4
98	24	16	4
99	25	16	4
100	22	17	4
101	18	17	4
102	21	17	4
103	14	17	2
104	15	17	2
105	16	17	2
106	17	17	2
107	22	18	4
108	18	18	4
109	21	18	8
110	14	18	3
111	15	18	3
112	16	18	3
113	17	18	3
114	1	19	4
115	2	19	4
116	3	19	4
117	4	19	4
118	5	19	4
119	6	19	4
120	7	19	4
121	8	19	4
122	9	19	4
123	10	19	4
124	11	19	4
125	12	19	4
126	13	19	4
127	1	20	5
128	2	20	5
129	3	20	5
130	4	20	5
131	5	20	5
132	6	20	5
133	7	20	5
134	8	20	5
135	9	20	5
136	10	20	5
137	11	20	5
138	12	20	5
139	13	20	5
140	14	20	5
141	15	20	5
142	16	20	5
143	17	20	5
144	18	20	5
145	19	20	5
146	20	20	5
147	21	20	5
148	22	20	6
149	23	20	6
150	24	20	6
151	25	20	6
152	19	21	4
153	20	21	4
154	23	21	4
155	24	21	4
156	25	21	4
157	19	22	4
158	20	22	4
159	23	22	4
160	24	22	4
161	25	22	4
162	1	23	3
163	2	23	3
164	3	23	3
165	4	23	3
166	5	23	3
167	6	23	3
168	7	23	3
169	8	23	3
170	9	23	3
171	10	23	3
172	11	23	3
173	12	23	3
174	13	23	3
175	14	23	3
176	15	23	3
177	16	23	3
178	17	23	3
179	19	24	2
180	20	24	2
181	23	24	2
182	24	24	2
183	25	24	2
184	1	25	2
185	2	25	2
186	3	25	2
187	4	25	2
188	5	25	2
189	6	25	2
190	7	25	2
191	8	25	2
192	9	25	2
193	10	25	2
194	11	25	2
195	12	25	2
196	13	25	2
197	14	25	2
198	15	25	2
199	16	25	2
200	17	25	2
201	18	25	2
202	19	25	2
203	20	25	2
204	21	25	2
205	22	25	2
206	23	25	2
207	24	25	2
208	25	25	2
209	1	26	2
210	2	26	2
211	3	26	2
212	4	26	2
213	5	26	2
214	6	26	2
215	7	26	2
216	8	26	2
217	9	26	2
218	10	26	2
219	11	26	2
220	12	26	2
221	13	26	2
222	14	26	2
223	15	26	2
224	16	26	2
225	17	26	2
226	18	26	2
227	22	26	2
228	21	27	2
229	21	28	2
230	1	29	2
231	2	29	2
232	3	29	2
233	4	29	2
234	5	29	2
235	6	29	2
236	7	29	2
237	8	29	2
238	9	29	2
239	10	29	2
240	11	29	2
241	12	29	2
242	13	29	2
243	14	29	2
244	15	29	2
245	16	29	2
246	17	29	2
247	18	29	2
248	21	29	2
249	22	29	2
250	1	30	2
251	2	30	2
252	3	30	2
253	4	30	2
254	5	30	2
255	6	30	2
256	7	30	2
257	8	30	2
258	9	30	2
259	10	30	2
260	11	30	2
261	12	30	2
262	13	30	2
263	14	30	2
264	15	30	2
265	16	30	2
266	17	30	2
267	18	30	2
268	19	30	2
269	20	30	2
270	21	30	2
272	23	30	1
273	24	30	1
274	25	30	1
271	22	30	1
\.


--
-- Data for Name: school_staff; Type: TABLE DATA; Schema: public; Owner: -
--

COPY public.school_staff (id, full_name, role, user_id, national_no, job_title, job_no, email, phone_no) FROM stdin;
2	فليان ناصر فليان السوده السبيعى	staff	\N	28468200486	امين مخزن	80680	f.alsubaie1103@education.qa	66000649
3	خالد محمد السيد  جمعه	staff	\N	27381800986	أخصائي اجتماعي	76375	k.gomaa0306@education.qa	50025502
5	محمد عيد علي الشريده	staff	\N	28440002043	أخصائي أنشطة مدرسية	200977	m.alshareeda1407@education.qa	70072672
7	ملاهد صقر سعدى الرمالى الشمرى	staff	\N	29468200410	سكرتير مدرسة	102395	m.alshammari2204@education.qa	66613994
10	سعد سالم محمد فريج النابت	staff	\N	27763400589	عامل خدمات	178490	s.al-nabit1108@education.qa	55057582
11	على راشد محمد عبدالله المرى	staff	\N	28963403085	عامل خدمات	191164	a.marri06061@education.qa	33103148
17	شادى محمد خليل  الاعرج	staff	\N	27599900108	محضر مختبر فيزياء	68277	s.alaarag3112@education.qa	55266439
38	أكرم رابح قمودي	teacher	\N	28578802088	مدرس رياضيات	188599	a.gammoudi2304@education.qa	31177601
27	احمد المنصف الحاج قاسم	teacher	\N	28378801701	مدرس حاسب آلي	187366	a.kacem2710@education.qa	31161766
30	السيد محمدي رفاعي عبدالوهاب الرفاعي	teacher	\N	28081806609	مدرس دراسات اجتماعية	65169	e.elrefae2810@education.qa	77008268
16	الطاهر مختار الطاهر مختار	staff	\N	29973603056	محضر مختبر أحياء	199667	e.mukhtar0401@education.qa	52082090
1	بشار محمود يوسف  مزارى	staff	\N	28140001189	اخصائي نفسي	84168	b.mazari2904@education.qa	66814116
40	عبدالرحمن فيصل اسماعيل راجه	teacher	\N		مدرس رياضيات	11111	a@a.com	111111
9	سالم على على النجم المرى	staff	\N	28263403188	عامل خدمات	186776	s.al-marri09098@education.qa	55413743
28	سامر نصر سليمان  جديع	teacher	\N	27840001731	مدرس حاسب آلي	155970	s.jadi1208@education.qa	31115810
39	سفيان احمد محمد مسيف	teacher	\N	27440001426	مدرس رياضيات	137032	s.mesyef0904@education.qa	55296286
4	سيد عبدالعال عبدالوهاب عبدالعال	staff	\N	27181804478	أخصائي اجتماعي	83080	s.abdulaal0908@education.qa	74461661
18	عبدالله الرمضان	teacher	\N	28279202049	مدرس الفنون البصرية	195572	a.alramadan2101@education.qa	39956286
20	عبدالله حسين مفلح نوفل	teacher	\N	28040001777	مدرس المهارات الحياتية	154917	a.nofal0207@education.qa	70661980
24	عبدالله خالد كامل محمود عبدربه	teacher	\N	30081800107	مدرس تربية بدنية	190798	a.khaled14031@education.qa	55501676
43	محمد صبرى محمود  درويش	teacher	\N	27581801594	مدرس رياضيات	65213	m.darwish0108@education.qa	55895446
21	عثمان عبدالرحمن فاروسي	teacher	\N	27876002732	مدرس المهارات الحياتية	203825	o.farousi08091@education.qa	30001461
6	عبدالله يوسف حسين عبدالهادى	staff	\N	27840001543	سكرتير مدرسة	157694	a.abdelhadi0604@education.qa	50641171
37	مؤيد احمد محمد  المومني	teacher	\N	28540001876	مدرس دراسات اجتماعية	160199	m.almomani0506@education.qa	30733233
19	يوسف جميل سليمان العبدالله	teacher	\N	29340002628	مدرس الفنون البصرية	205487	y.alabdalla3003@education.qa	77480080
44	مرتضي امين ابوالبشر عبدالله	teacher	\N	27273601266	مدرس رياضيات	120176	m.abdalla12122@education.qa	55986053
36	محمد عبدالله عارف العجلوني	teacher	\N	28840001942	مدرس دراسات اجتماعية	166777	m.alajlouni2012@education.qa	77226853
12	نوفل كرنفشير	staff	\N	28335618235	عامل خدمات	80718	n.karuvancheri2006@education.qa	77864646
35	محمد عبدالعزيز يونس  عدوان	teacher	\N	26740000836	مدرس دراسات اجتماعية	103333	m.adwan1809@education.qa	66787565
14	مامون صديق بدوي حمد	staff	\N	28873602551	فني تقنية معلومات	177053	m.hamad2510@education.qa	55464076
41	عمرو محمد حمدان حمايده	teacher	\N	29040002462	مدرس رياضيات	205461	a.a@a.com	70700189
23	وجدي بن محمد بن عمارة يوسفي	teacher	\N	28778801540	مدرس تربية بدنية	138672	w.yousfi2301@education.qa	66409243
29	منير رافع شتيوي شتيات	teacher	\N	28440002224	مدرس حاسب آلي	186329	m.shtaiyat0902@education.qa	30433544
25	معز بن احمد  السعداوي	teacher	\N	28078800991	مدرس تربية بدنية	167872	m.saadaoui1704@education.qa	55187112
42	مجدى محمد على احمد قنديل	teacher	\N	27873600431	مدرس رياضيات	66671	m.gindail0101@education.qa	55301308
34	عمر مصطفى محمد العباس	teacher	\N	29440002447	مدرس دراسات اجتماعية	199674	o.alabbas0712@education.qa	30043422
33	علي مصطفى   الدروبى	teacher	\N	27576001798	مدرس دراسات اجتماعية	65206	a.aldroubi2008@education.qa	66094950
13	خالد أحمد محمد حسين	staff	\N	27981807341	فني تقنية معلومات	75108	k.hussein2311@education.qa	66546933
32	على ضيف الله حمد على	teacher	\N	28273602354	مدرس دراسات اجتماعية	197486	a.ali0101987@education.qa	31521279
26	ناصر فايز مناحى سعد الهاجرى	teacher	\N	30163401311	مدرس تربية بدنية	200320	n.hajri08032@education.qa	33787145
8	راشد محمد راشد الزايد الهاجرى	staff	\N	27263400878	عامل خدمات	178912	r.hajri1104@education.qa	55823226
15	عبدالغنى على عبدالغنى  محمد	staff	\N	26881803659	محاسب	65182	a.mohamed0604@education.qa	55949874
49	عبدالرحمن محمد عبدالله لطف الله الاحزم	staff	\N	29888600481	مدرس علوم	202395	a.alahzm0806@education.qa	50818191
83	سلطان ناصر راشد آل سلطان الهاجرى	admin	\N	28763400678	مدير مدرسة	115332	s.al-hajri02102@education.qa	55575528
85	مناحى سعود محمد رشيد الشمرى	staff	\N	27063400344	مرشد أكاديمي	73970	m.alshamari2412@education.qa	55030053
87	محمد سالم محمد هادى الهاجرى	staff	\N		مساعد سكرتير مدرسة	147184	m.hajri0501@education.qa	55502378
90	حسني مبارك علي الرمادي	staff	\N	28388600497	مشرف اداري	205761		33417090
81	نادر جمعه عثمان  حنفيه	teacher	\N	27140001353	مدرس لغة عربية	166132	n.hanafiah2810@education.qa	55865142
74	احمد بكر محمد  الزبط	teacher	\N	28540001908	مدرس لغة عربية	166124	a.alzabat2705@education.qa	55872880
56	احمد جبر جبر  خلف	teacher	\N	26481802309	مدرس علوم شرعية	68814	a.khalaf1206@education.qa	55717097
62	احمد جعفر عبد الفتاح شاهين	teacher	\N	29340001781	مدرس كيمياء	174769	a.shahin2504@education.qa	33317575
75	احمد عبدالعزيز جامع  مرسى	teacher	\N	27481802266	مدرس لغة عربية	69289	a.moursi2608@education.qa	55655905
76	احمد محمد أوغلو	teacher	\N	28979201387	مدرس لغة عربية	185868	a.muhammedoglu0101@education.qa	70933395
65	البشير بوحلاب سودان	teacher	\N	28378801617	مدرس لغة انجليزية	197941	b.soudan1005@education.qa	55831178
84	اشرف حسين محمد احمد حسن	staff	\N	28473601375	مرافق الدعم	150245	a.hassan010114@education.qa	77410155
47	حسام محمود مبروك غانم	teacher	\N	28281811197	مدرس علوم	122760	h.ghanem0202@education.qa	77347107
77	خليفه صالح ظاهر  عودات	teacher	\N	26340000352	مدرس لغة عربية	65188	k.odat1505@education.qa	55611074
66	سامر غازي مصطفى محمد	teacher	\N	27840002105	مدرس لغة انجليزية	205604	s.mohammad01122@education.qa	74797878
67	طارق باسم مصطفى  شملاوي	teacher	\N	28440000929	مدرس لغة انجليزية	84169	t.shamlawi2808@education.qa	33319354
78	عامر محمد نجار	teacher	\N	28579202076	مدرس لغة عربية	199073	a.muhammednecar2502@education.qa	71864498
48	عبدالباسط عبدالسلام   الجاسم	teacher	\N	28576002863	مدرس علوم	78623	a.aljasem0205@education.qa	55633139
88	عبدالقادر خضر	staff	\N	28979201470	مسؤول مصادر التعلم	190435	a.hidir1506@education.qa	71069416
63	عدنان بركات عدنان المصطفى	teacher	\N	28940002319	مدرس كيمياء	186947	a.almustafa1412@education.qa	31332208
80	عزام احمد يوسف  الزعبى	teacher	\N	26140000267	مدرس لغة عربية	65185	a.alzoubi0101@education.qa	55495326
50	عمرو محمد خليل الشحروري	teacher	\N	29340002622	مدرس علوم	205344	a.shahrouri1111@education.qa	77533243
70	ليث حامد محمد السعودي	teacher	\N	28940002573	مدرس لغة انجليزية	205399	l.alsoudi0510@education.qa	30101616
51	محمد احمد حسن  عنانبه	teacher	\N	28240001117	مدرس علوم	84712	m.ananbeh1906@education.qa	33099761
59	محمد فرحان سالم  النوايسه	teacher	\N	27740001276	مدرس علوم شرعية	84177	m.alnawiseh0804@education.qa	33320415
57	عماد يحيى محمد العبسي نوح	teacher	\N	27881808198	مدرس علوم شرعية	85308	e.nouh0501@education.qa	70475475
82	ياسر حجى شلبى  احمد	teacher	\N	27481800676	مدرس لغة عربية	77778	y.ahmed1601@education.qa	55230038
61	وليد عبد اللطيف	teacher	\N	28181810648	مدرس فيزياء	126529	w.abdellatif0112@education.qa	70469486
53	هاني محمد زغلول طه حسن	teacher	\N	27181805829	مدرس علوم	110789	h.hassan1511@education.qa	50310597
60	محمود عبد المهدى عبد القادر الاسطه	teacher	\N	28140002267	مدرس علوم شرعية	205418	m.alosta2811@education.qa	70222382
46	نادر على لطفى محمد لطفى	teacher	\N	27581806089	مدرس رياضيات	77642	n.lotfy1307@education.qa	77113001
52	محمود ماجد يوسف  الجرادات	teacher	\N	28840001715	مدرس علوم	155951	m.aljaradat2811@education.qa	77709702
68	علي محمد محمد دار ناصر	teacher	\N	28040001255	مدرس لغة انجليزية	84170	a.naser2502@education.qa	33319357
64	عطيه محمود عطيه  محمود	teacher	\N	28981806984	مدرس كيمياء	110790	a.mahmoud07121@education.qa	30556800
69	عمر حسن عقله بني عطا	teacher	\N	27340001542	مدرس لغة انجليزية	186659	o.baniata0107@education.qa	30433356
86	نوح سليمان مبارك الحوسني	staff	\N	28851200061	مرشد أكاديمي	190748	n.alhosni0310@education.qa	66426624
45	مصطفى عمر حسين  النزهاوى	teacher	\N	27581803966	مدرس رياضيات	65201	m.elnazhawy1005@education.qa	55320728
54	ابراهيم سليمان طه  حمد	teacher	\N	28340000983	مدرس علوم شرعية	84179	i.hamad1606@education.qa	33319362
58	عمادالدين محمد الحبشى قاسم	teacher	\N	27881810035	مدرس علوم شرعية	123071	e.kassem2111@education.qa	31077410
79	عربى السيد يوسف السيد رجب	teacher	\N	27481804862	مدرس لغة عربية	65215	a.ragab2606@education.qa	66921243
71	محمد سلام سليمان  حسين	teacher	\N	26481803468	مدرس لغة انجليزية	66896	m.hussein1808@education.qa	55466723
72	محمد عبدالوهاب عبدالبديع  عويس	teacher	\N	27781801228	مدرس لغة انجليزية	66902	m.ewais3008@education.qa	55474819
104	محمد الحطاب	staff	\N	27650400503	ملاحظ طلبه	149322	m.elhattab0101@education.qa	77725210
116	فادي صالح ظاهر  عودات	staff	\N	28140000696	منسق المشاريع الالكترونية	104374	f.oudat1601@education.qa	50383835
126	ايوب حسين   القرفان	admin	\N	28576002649	نائب المدير للشؤون الأكاديمية	65227	a.alkerfan1001@education.qa	77487048
103	حمد سجاد حسين	staff	\N	29258600241	ملاحظ طلبه	196089	h.hussanjalil2102@education.qa	66016608
91	سالم محمد راشد المقارح القرح	staff	\N	28963401418	مشرف اداري	166032	s.qarah0312@education.qa	33999960
124	جابر على محمد فرج مثيب	staff	\N	28363400669	نائب المدير للشؤون الادارية	118351	j.mutheeb2202@education.qa	66665880
92	عبدالرحمن محمد علي المري	staff	\N	30468200226	مشرف اداري	202554	a.almarri15111@education.qa	50249981
31	علاء محمد عبد الهادي القضاه	teacher	\N	29540002558	مدرس دراسات اجتماعية	205435	a.alqudah2403@education.qa	31000362
112	احمد محمد حسن  إبراهيم	admin	\N	28340000985	منسق احياء	84131	a.ibrahim0602@education.qa	33310876
114	سلطان سعيد عبدالله عواد	admin	\N	28040001260	منسق اللغة الإنجليزية	84133	a.sultan1003@education.qa	33661200
95	مسفر شباب مسفر آلدوكر القحطاني	staff	\N	30168200291	مشرف اداري	186860	m.alqahtani0910@education.qa	50666897
55	ابراهيم محمد محمود  الزريقات	teacher	\N	26840000589	مدرس علوم شرعية	65204	i.alzrigat0102@education.qa	55227985
96	مطلق محمد منير المطلق الهاجري	staff	\N	28768200378	مشرف اداري	122931	m.alhajri27052@education.qa	66211319
22	احمد رمضان خطاب ابراهيم حامد	teacher	\N	29081804511	مدرس إدارة أعمال	105437	a.hamed0110@education.qa	77229126
111	محمد اسماعيل عبدالحميد  السيد	admin	\N	28481803997	منسق  تكنولوجيا المعلومات	65208	m.elsayed01071@education.qa	55180590
101	العربي القاسمي	staff	\N	29450400682	ملاحظ طلبه	149828	l.elkasmi2803@education.qa	77725207
121	فيصل جليل محيميد القعيقعى الرويلى	admin	\N	28463400225	منسق علوم شرعية	157858	f.al-ruwaili0904@education.qa	66076603
89	الحبيب الحروش	staff	\N	28650401312	مشرف اداري	149312	l.elharrouach1106@education.qa	30666206
117	بنجر محمد بنجر جاسر الدوسرى	admin	\N	28163401559	منسق تربية بدنية	15135	b.al-dosari0808@education.qa	55818832
115	محمود ابرهيم ابراهيم سعد	admin	\N	28081807930	منسق اللغة العربية	77394	m.saad0401@education.qa	66524580
97	محمد ناصر صالح الغيثاني المرى	staff	\N	27568200117	مشرف مقصف	76142	m.almari2408@education.qa	55488965
120	عادل محمد نصر  احمد	admin	\N	28181801642	منسق علوم	76191	a.ahmed1603@education.qa	55406609
125	عبدالرحمن صالح على الغفران المرى	staff	\N	29363404271	نائب المدير للشؤون الادارية	130721	a.al-marri06039@education.qa	60007710
108	موافق فندى معيصر الفريجى الرويلى	staff	\N	27268200042	ملاحظ طلبه	80374	m.al-ruwaili0708@education.qa	55099331
110	عامر عبد   الخليف	staff	\N	28776001246	مندوب	65173	a.alkhlif1403@education.qa	70077735
119	محمد نادي محمد العرامين	admin	\N	27740001415	منسق رياضيات	110416	m.nadi3001@education.qa	33189254
118	امام محمد رشدى امام محمد	admin	\N	27881803546	منسق دراسات اجتماعية	64644	i.mohamed2811@education.qa	55271953
94	محمد على عباس البسيونى	staff	\N	28863404105	مشرف اداري	64960	m.elbasyouny0310@education.qa	55443302
93	محمد حمد مبارك التواه الهاجرى	staff	\N	28763400746	مشرف اداري	144354	m.hajri2807@education.qa	55778700
102	تركي خالد عليان الفريجى	staff	\N	28476003148	ملاحظ طلبه	80395	t.alianalfrija2602@education.qa	33424170
123	سالم محمد على النابت المرى	staff	\N	26863401039	موظف استقبال	68856	s.al-marri0306@education.qa	66662323
113	يوسف يعقوب يونس  عوض	admin	\N	28040001759	منسق الفنون البصرية	149230	y.awad1407@education.qa	50969959
99	مشل مرفى سعدى الرمالى الشمرى	teacher	\N	28468200410	معلم تربية خاصة	66236	m.alshammari28112@education.qa	55449945
106	محمد صابر عبدالله  غازي	staff	\N	26981801108	ملاحظ طلبه	105180	m.ghazy1408@education.qa	55021132
105	محمد سفير مسلم فيتيل ابو بكر	staff	\N	29535623000	ملاحظ طلبه	195671	m.aboobacker1612@education.qa	66640648
100	اسامة محمد حلمي  مصطفى	staff	\N	29181805760	ملاحظ طلبه	122606	o.mostafa2412@education.qa	31068439
73	محمد فلاح صالح درادكه	teacher	\N	28040002129	مدرس لغة انجليزية	176453	m.daradkeh0104@education.qa	30080433
109	حمد عبدالله على فالح نابت	staff	\N	29163401266	مندوب	178603	h.nabet1206@education.qa	30050511
107	محمد مهمدول   حسن	staff	\N	28805002975	ملاحظ طلبه	82440	m.hasan0203@education.qa	77961989
122	حسن ابرهيم العربى الصافى	admin	\N	26673600468	منسق فيزياء	68569	h.elsafi0101@education.qa	55350862
98	علي ضيف الله خليل خريسات	teacher	\N	29640002340	معلم أحياء	205520	a.khraisat0702@education.qa	70700746
\.


--
-- Data for Name: school_student; Type: TABLE DATA; Schema: public; Owner: -
--

COPY public.school_student (id, sid, full_name, dob, active, class_fk_id, nationality, age, english_name, national_no, needs, grade_label, section_label, phone_no, email, parent_name, parent_relation, parent_phone, extra_phone_no, parent_email, parent_national_no) FROM stdin;
1	31258601647	احمد محمد حنيف	2012-12-12	t	1	الباكستان	12	AHMAD MUHAMMAD HANIF	31258601647	f	7	1			محمد حنيف خيال جان	أب	50002917		breathless_2917@hotmail.com	28758600547
2	31376000409	ايمن رضوان محمود البرغش	2013-03-06	t	1	الجمهورية العربية السورية	12	AIMAN RADWAN MAHMOUD AL BARGHACH	31376000409	f	7	1			رضوان محمود البرغش	أب	66751135		radwan.al.123@hotmail.com	27076000369
3	31363403818	حمد سعيد مبارك الجربوعى المرى	2013-10-07	t	1	قطر	11	HAMAD SAEED M A ALMARRI	31363403818	f	7	1			سعيد مبارك حمد الجربوعى المرى	أب	50877402	55509522		28663402946
4	31363402636	حمزه طالب محمد طفله المرى	2013-05-29	t	1	قطر	12	HAMZA TALAB M T AL-MARRI	31363402636	f	7	1			طالب محمد على طفله المرى	أب	55433512	55423874	talab666666@outlook.com	28863403663
5	31363405415	خالد عبدالرحمن بندر الربيعه الشمرى	2013-07-10	t	1	قطر	12	KHALID ABDULRAHAMN B A AL-SHAMARI	31363405415	f	7	1			عبدالرحمن بندر محمد الربيعه الشمرى	أب	33695476	55553713		28763403887
6	30863407439	ذياب على عايد ردينى الشمرى	2008-06-20	t	1	قطر	17	DEYAB ALI A R ALSHAMARI	30863407439	f	7	1			على عايد ردينى الشمرى	أب	71212177	66258949		26263400251
7	31363403798	سعد مطلق سعد البرازى السهلى	2013-07-29	t	1	قطر	12	SAAD MUTLAQ S A AL-SAHLI	31363403798	f	7	1			مطلق سعد فهد البرازى السهلى	أب	66675577		mmm_qatar@hotmail.com	28063400852
8	31363403591	سعود عبدالله ضيدان الرثيع الهاجرى	2013-07-22	t	1	قطر	12	SAOUD ABDULLA D A AL-HAJRI	31363403591	f	7	1			عبدالله ضيدان محمد الرثيع الهاجرى	أب	55135244			27263400707
9	30963404148	سعود محمد سعود عواد الجهني	2009-08-19	t	1	قطر	16	SAOUD MOHAMED S A AL-JEHANI	30963404148	f	7	1			محمد سعود عواد متروك الجهني	أب	33167094			28263402543
10	31363401923	سلمان فيصل جليل القعيقعى الرويلى	2013-02-16	t	1	قطر	12	SALMAN FAISAL J A AL-RUWAILI	31363401923	f	7	1			هنيه عوده صطلان القعيقعى الرويلى	أم	50904340	33322641	h.alruwaili17091@education.qa	28468200032
11	31463403588	طلال ناصر بندر الربيعه الشمرى	2014-07-13	t	1	قطر	11	TALAL NASSER B A AL-SHAMARI	31463403588	f	7	1			ناصر بندر محمد الربيعه الشمرى	أب	55728295	55728294	Nasser771216@gmail.com	27763402660
12	31363406513	عبدالعزيز سعود عواد متروك الجهني	2013-01-12	t	1	قطر	12	ABDULAZIZ SAOUD A M AL-JEHANI	31363406513	f	7	1			سعود عواد متروك الجهني	أب	55319301			25863400347
13	31358600313	عبدالله سعودرحمن خوجال خان	2013-11-04	t	1	الباكستان	11	ABDULLA SAUDRAHMAN KHOJALKHAN	31358600313	f	7	1			سعودرحمن خوجال خان	أب	55553861		Muhammadalkahi@gmail.com	28258600892
14	31363402685	عبدالله طارق خلف على المحمد	2013-05-24	t	1	قطر	12	ABDULLA TAREQ K A ALMOHAMMED	31363402685	f	7	1			طارق خلف على محمد المحمد	أب	66662416			28663400667
15	31368200147	عبدالله محمد حمد  الجهني	2013-03-26	t	1	السعودية	12	ABDULLAH MOHAMMED H  ALJOHANI	31368200147	f	7	1			محمد حمد عياد المرواني الجهني	أب	55605725		m.aljohani0802@education.qa	28368200321
16	31368200005	على راشد على البريص المرى	2013-09-02	t	1	قطر	12	ALI RASHED A A ALMARRI	31368200005	f	7	1			راشد على سعيد البريص المرى	أب	30333348			28968200521
17	31388600577	علي ناصر احمد الغياثي	2013-11-03	t	1	اليمن	11	ALI AL GHAIATHI	31388600577	f	7	1			ناصر احمد عبدالالة الغياثي	أب	55994960	33657625		27388600149
18	31363404629	فارس عيد دواس السويدى الشمرى	2013-08-28	t	1	قطر	12	FARIS EID D A ALSHAMMARI	31363404629	f	7	1			عيد دواس ماضى السويدى الشمرى	أب	33538627	55193426		26968200087
19	31263405992	فهد عمر عقلا مسبط الشمرى	2012-11-13	t	1	قطر	12	FAHAD OMAR A M ALSHAMMARI	31263405992	f	7	1			عمر عقلا مسبط مقبل الشمرى	أب	66641167			28263403708
20	31263405732	مبارك صالح مبارك الفاران المرى	2012-10-24	t	1	قطر	12	MUBARAK SALEH M A AL-MARRI	31263405732	f	7	1			صالح مبارك صالح الفاران المرى	أب	66669891			28563404244
21	31263406380	محمد سعد محمد طفله المرى	2012-08-12	t	1	قطر	13	MOHAMMED SAAD M T AL-MARRI	31263406380	f	7	1			سعد محمد على طفله المرى	أب	66866767		ahtmfeny91@gmail.com	29163402731
22	31363404770	محمد طالب جمال الرمالى الشمرى	2013-07-18	t	1	قطر	12	MOHAMMED TALEB J A AL-SHAMARI	31363404770	f	7	1			طالب جمال فالح الرمالى الشمرى	أب	66543242		Moon00001919@hotmail.com	28863401636
23	31388600538	محمد عبداللة عبيد عبدالله مطر	2013-12-26	t	1	اليمن	11	MOHAMMED ABDULLA OBAID SHAMIRI	31388600538	f	7	1			دلال منشد هانى نشمى الجابرى	أم	77555272	39934443	daljabiry@ooredoo.qa	28763402231
24	31336800054	محمد فواز خلف الزكروطي	2013-08-06	t	1	العراق	12	MOHAMMAD FAWAZ KALAF ALZAKROTE	31336800054	f	7	1			فواز خلف ظبيان الزكروطي	أب	30022114	30823828	faz-1979@hotmail.com	27936800004
25	31363402828	مهنا احمد على الضابت الدوسرى	2013-05-17	t	1	قطر	12	MOHANNA AHMAD A A AL-DOSARI	31363402828	f	7	1			احمد على احمد الضابت الدوسرى	أب	55504322			28163400019
26	31363407823	ناصر فالح ناصر المفقاعى الهاجرى	2013-04-13	t	1	قطر	12	NASSER FALEH N A AL-HAJRI	31363407823	f	7	1			فالح ناصر مبارك المفقاعى الهاجرى	أب	70711113		falh20@gmail.com	28863404706
27	30863406400	نواف مناحى ظافر المفقاعى الهاجرى	2008-11-26	t	1	قطر	16	NAWAF MANAHI Z A ALHAJRI	30863406400	f	7	1			مناحى ظافر محمد المفقاعى الهاجرى	أب	55833245			27263400956
28	31276000606	احمد زيدان حميد ناصر	2012-08-10	t	2	الجمهورية العربية السورية	13	AHMAD ZIEDAN HAMID NASER	31276000606	f	7	2			زيدان حميد ناصر	أب	55224325	33096585	amal_1896@outlook.com	27376000021
29	31058600716	احمد محمد رفيق نور والى	2010-06-19	t	2	الباكستان	15	AHMAD MOHD RAFIQUE NOOR WALI	31058600716	f	7	2			محمد رفيق نور والى	أب	55476281			27358600001
30	31363401958	تركى ابراهيم عبدالمنعم سايج نومان	2013-04-24	t	2	قطر	12	TURKI IBRAHIM A S NOMAN	31363401958	f	7	2			ابراهيم عبدالمنعم سايج تركى نومان	أب	55545596			28563400065
31	31363402204	تميم تركى عبدالله شلاش الزكروطى	2013-09-05	t	2	قطر	12	TAMEEM TURKI A S ALZAKROUTI	31363402204	f	7	2			استقلال محمد طريدي الفضيلي الشمري	أم	50444043	77532008	i.alshammari0103@education.qa	28668200325
32	31163403657	جابر محمد متعب المنخس المرى	2011-06-30	t	2	قطر	14	JABER MOHAMMED M A AL-MARRI	31163403657	f	7	2			بينه حمد متعب المنخس المرى	أم	50005205		b.al-marri29011@education.qa	28963400151
33	31363401679	حمد عامر محمد طفله المرى	2013-03-04	t	2	قطر	12	HAMAD AMER M T AL-MARRI	31363401679	f	7	2			عامر محمد على طفله المرى	أب	77217711			28763400710
34	31363405107	حمود عطاالله حمود الفريجى الرويلى	2013-04-09	t	2	قطر	12	HAMOUD ATAALLA H A ARROALI	31363405107	f	7	2			منى فرحان نومان الهادى العنزى	أم	31043030			28963402367
35	31463401680	خالد ماجد نايف هايس الشمرى	2014-10-04	t	2	قطر	11	KHALID MAJED N H AL-SHAMMARI	31463401680	f	7	2			امل دليان خشمان السنجاري الشمري	أم	66696626	50088835, 51288884	a.alshammari10011@education.qa	29068200281
36	31363402447	سالم عبدالرحمن حمد النهاب المرى	2013-05-22	t	2	قطر	12	SALEM ABDULRAHMAN H A AL-MARRI	31363402447	f	7	2			عبدالرحمن حمد سالم النهاب المرى	أب	55669072		anahab@adlsa.gov.qa	28763402452
37	31363407606	سعد فالح ظافر المفقاعى الهاجرى	2013-09-13	t	2	قطر	12	SAAD FALEH D A AL-HAJRI	31363407606	f	7	2			رسمه غنيم محمد ال دواس الدوسرى	أب	66518800		r.aldosari2405@education.qa	28263402880
38	31363407157	صالح حمد على جرحب المرى	2013-10-23	t	2	قطر	11	SALEH HAMAD A J ALMARRI	31363407157	f	7	2			شرعه مبارك بطى هاجد الدوسرى	أم	77764434			28663402372
39	31363401170	ظافر محمد ناصر ظافر القحطانى	2013-02-15	t	2	قطر	12	DHAFER MOHAMMED N D AL-QAHTANI	31363401170	f	7	2			ليلى عبدالهادى ظافر العرجى القحطانى	أب	33039430		l.al-qahtani0804@education.qa	28463402146
40	31363404303	عبدالعزيز محمد راشد العمانى العذبه	2013-08-18	t	2	قطر	12	ABDULAZIZ MOHAMMED R O AL-ADBAH	31363404303	f	7	2			محمد راشد محمد العمانى العذبه	أب	55872676	55501110		27063402732
41	31258601528	عبداللة شير محمد خواجه خان	2012-12-24	t	2	الباكستان	12	ABDULLA SHER MOHAMMAD KHAWAJA KHAN	31258601528	f	7	2			شير محمد خواجه محمد خان	أب	77886701		ssmm25@hotmail.com	27458600794
42	31363407642	عبيد عبدالله غنيم ال دواس الدوسرى	2013-10-24	t	2	قطر	11	OBAID ABDULLA G A ALDOSARI	31363407642	f	7	2			عبدالله غنيم محمد ال دواس الدوسرى	أب	66311180			28963401269
43	31363400435	عجلان سعود سعد المظفرى الهاجرى	2013-01-29	t	2	قطر	12	AJLAN SAUD S A AL-HAJRI	31363400435	f	7	2			سعود سعد على المظفرى الهاجرى	أب	66866006			27163402121
44	31363404909	علي صالح محسن خالد الكربى	2013-09-09	t	2	قطر	12	ALI SALEH M KH AL-KURBI	31363404909	f	7	2			صالح محسن خالد الكربى	أب	55832216			26063400658
45	31363404647	عيد محمد منصور المفقاعى الهاجرى	2013-08-27	t	2	قطر	12	EID MOHD M A AL-HAJRI	31363404647	f	7	2			محمد منصور مبارك المفقاعى الهاجرى	أب	55348835			27363401724
46	31363403499	غانم عبدالرحمن عواد مخلف الرويلى	2013-04-07	t	2	قطر	12	GHANIM ABDULRAHMAN A M AL-ROWAILI	31363403499	f	7	2			عبدالرحمن عواد مخلف الفريجى الرويلى	أب	66662123		aa501195@gmail.com	29263400263
47	31288600725	فلاح صالح ناصر محسن سريب	2012-02-11	t	2	اليمن	13	FALAH SALEH NASSER MOHSEN SORAIB	31288600725	f	7	2			صالح ناصر محسن سريب	أب	74774628	55955496		28888600861
48	31363402002	فهد مبارك راشد العجلان الهاجرى	2013-04-18	t	2	قطر	12	FAHAD MUBARAK R A AL-HAJRI	31363402002	f	7	2			مبارك راشد مبارك العجلان الهاجرى	أب	55188664			28163403181
49	31370600066	ماهر احمد ابشر	2013-11-05	t	2	الصومال	11	MAHER AHMED ABSHIR	31370600066	f	7	2			احمد ابشر عنب	أب	55204123			27670600094
50	31336800014	محسن احمد محيسن محمد الشمري	2013-05-05	t	2	العراق	12	MOHSEN AHMAD M M ALSHAMMARI	31336800014	f	7	2			احمد محيسن محمد الزكروطي الشمري	أب	55556625	33071926	AALSHAMMARI@mme.gov.qa	27636800008
51	31363401445	محمد راشد مبارك ال حباب الهاجرى	2013-07-03	t	2	قطر	12	MOHAMMED RASHID M A AL-HAJRI	31363401445	f	7	2			راشد مبارك راشد ال حباب الهاجرى	أب	55217117	55008235		27863401616
52	31258600434	محمد كارنيل خان	2012-03-26	t	2	الباكستان	13	MUHAMMAD KARNIL KHAN	31258600434	f	7	2			كارنيل خان نواب خان	أب	55286684		k.khan010111@education.qa	27558601836
53	31463400344	ناصر سعيد ناصر المفقاعى الهاجرى	2014-01-23	t	2	قطر	11	NASSER SAEED N M AL-HAJRI	31463400344	f	7	2			سعيد ناصر سعيد المفقاعى الهاجرى	أب	30446470	77463777		27863401880
54	31363400995	ناصر محمد معيكل ال دواس الدوسرى	2013-02-27	t	2	قطر	12	NASEER MOHAMMED M D AL-DOSARI	31363400995	f	7	2			محمد معيكل حمود ال دواس الدوسرى	أب	55999414		qtr55999414@gmail.com	28963401095
55	31363406505	احمد عبدالله صلاح احمد عنبر	2013-11-26	t	3	قطر	11	AHMAD ABDULLA S A ANBAR	31363406505	f	7	3			عبدالله صلاح احمد محمد عنبر	أب	55670088			28663401905
56	31363405079	احمد محمد سعد هبل العلى	2013-09-24	t	3	قطر	12	AHMED MOHAMMED S H AL-ALI	31363405079	f	7	3			محمد سعد هبل صالح العلى	أب	50020033		m7mdzx@gmail.com	28963400034
57	31363402707	تركى عبدالمحسن الاسمر الفريجى الرويلى	2013-06-06	t	3	قطر	12	TURKI ABDULMAHSAN A A AL-RUAILE	31363402707	f	7	3			عبدالمحسن الاسمر محمد الفريجى الرويلى	أب	66007774	55766755		29163400531
58	31363404756	حسن منيف على عايض الشمرى	2013-12-09	t	3	قطر	11	HASSAN MUNEEF A A AL-SHAMMARI	31363404756	f	7	3			فريال سالم ماضى محمد الخالدى	أب	50280326	33356687	f.al-khalidi3107@education.qa	27368200025
59	31263400646	حمد على حمد طفله المرى	2012-01-28	t	3	قطر	13	HAMAD ALI H T AL-MARRI	31263400646	f	7	3			على حمد محمد طفله المرى	أب	55978642			28863403664
60	31363404715	حنيف على حنيف محمد محمد	2013-07-13	t	3	قطر	12	HENAIF ALI H M MOHD	31363404715	f	7	3			على حنيف محمد هلال محمد	أب	55167373			28563402495
61	31363401069	سعود ناصر ظافر المفقاعى الهاجرى	2013-07-03	t	3	قطر	12	SAOUD NASSER D A AL-HAJRI	31363401069	f	7	3			نوره سعود براك سعد المفقاعى	أم	55664007	55314763, 55314783	n.al-mefqaey0402@education.qa	28163402587
62	31363400096	سعيد محمد سعيد عبدالله مسعود	2013-07-01	t	3	قطر	12	SAEED MOHAMMED S A MASOUD	31363400096	f	7	3			محمد سعيد عبدالله على مسعود	أب	55778338			28863403627
63	31336400311	سلطان عيد شعبان البلوشي	2013-12-28	t	3	قطر	11	SOLTAN EID SH AL-BALUSHI	31336400311	f	7	3			عيد شعبان غلامي البلوشي	أب	55081043			26836400088
64	31463400664	عبدالعزيز محمد سالم السنيدى النعيمى	2014-02-13	t	3	قطر	11	ABDULAZIZ MOHAMED S S AL-NAIMI	31463400664	f	7	3			محمد سالم خلفان السنيدى النعيمى	أب	33130083			27963401633
65	31363401038	عبدالله على سالم نقدان المرى	2013-01-31	t	3	قطر	12	ABDULLA ALI S N AL-MARRI	31363401038	f	7	3			على سالم عبدالله نقدان المرى	أب	55981615			26663400389
66	31363402723	عبدالله مسفر عبدالله ال دواس الدوسرى	2013-04-06	t	3	قطر	12	ABDULLA MESFER A A ALDOSARI	31363402723	f	7	3			مسفر عبدالله غنيم ال دواس الدوسرى	أب	55724544	55117319		28663400649
67	31336800079	عبدالله ناصر عذال لافي الشمري	2013-12-20	t	3	العراق	11	ADBULLAH NASSIR A LAFI ALSHAMARI	31336800079	f	7	3			ناصر عذال لافي الشمري	أب	66273980	33751743		28336800009
68	31363406685	عبدالله ناصر غالب ناصر الدوسرى	2013-03-12	t	3	قطر	12	ABDULLA NASSER G N AL-DOSARI	31363406685	f	7	3			ناصر غالب ناصر الدوسرى	أب	55844427			27163400198
69	31247800038	عصام محمدنه	2012-10-31	t	3	موريتانيا	12	ISSAM MOHAMEDNA	31247800038	f	7	3			عبدالرحمن محمدالكورى احمد	أب	33301611	55829057	alkoree1010@gmail.com	28347800018
70	31463402865	علي محمد على حسن الكربى	2014-03-20	t	3	قطر	11	ALI MOHAMMED A H AL-KORBI	31463402865	f	7	3			سميره على صالح سالم الكربى	أم	55718866		s.al-karbi1904@education.qa	29363404968
71	31363401380	عمر راشد محمد ناصر لخن	2013-06-02	t	3	قطر	12	OMAR RASHID M N LAKHIN	31363401380	f	7	3			راشد محمد ناصر لخن	أب	55814147			27063402200
72	31476001592	عمر محمد السالم	2014-11-07	t	3	الجمهورية العربية السورية	10	OMAR MOHAMMAD ALSALEM	31476001592	f	7	3			محمد علوان السالم	أب	30830777	66428136	Bsmtktkfeny83@gmail.com	28376000034
73	31363407639	فهد طارق صياح مهيل القعيقعى	2013-12-20	t	3	قطر	11	FAHAD TARIQ S M ALGEAIGEI	31363407639	f	7	3			طارق صياح مهيل هليبان القعيقعى	أب	55968474			29163402887
74	31363403893	فواز ماجد بندر الربيعه الشمرى	2013-04-07	t	3	قطر	12	FAWAZ MAJED B A AL-SHAMARI	31363403893	f	7	3			ماجد بندر محمد الربيعه الشمرى	أب	55911220	66535406		28063403025
75	31363400659	محمد ثامر صياح مهيل القعيقعى	2013-02-17	t	3	قطر	12	MOHAMMED THAMER S M ALGEAIGEI	31363400659	f	7	3			ثامر صياح مهيل هليبان القعيقعى	أب	55992199	66277336		28263400469
76	31363406894	محمد راشد منصور الادقم العذبه	2013-12-14	t	3	قطر	11	MOHAMMED RASHID M A AL-ADBA	31363406894	f	7	3			راشد منصور محمد الادقم العذبه	أب	55806033	50410402		27763402839
77	31363404291	محمد عبدالله سعيد عبدالله مسعود	2013-08-26	t	3	قطر	12	MOHAMMED ABDULLA S A MASOUD	31363404291	f	7	3			عبدالله سعيد عبدالله على مسعود	أب	30000413			28763400708
78	31363406877	محمد على سعد المظفرى الهاجرى	2013-06-12	t	3	قطر	12	MOHAMMED ALI S A ALHAJRI	31363406877	f	7	3			على سعد على المظفرى الهاجرى	أب	55333217			26963402086
79	31273601172	محمد منير ابراهيم محمد	2012-08-17	t	3	السودان	13	MOHAMMED MUNEER IBRAHEEM MOHAMMED	31273601172	f	7	3			منير ابراهيم محمد حسين	أب	50106907		muneer420@gmail.com	28073601849
80	31463401306	ناصر عبدالحميد الاسمر الفريجى الرويلى	2014-01-29	t	3	قطر	11	NASSER ABDULHAMED A A AL-RUAILE	31463401306	f	7	3			عبدالحميد الاسمر محمد الفريجى الرويلى	أب	55972755			29063400537
81	31363407307	ناصر عبدالهادى غالب ناصر الدوسرى	2013-10-22	t	3	قطر	11	NASSER ABDULHADI G N AL-DOSARI	31363407307	f	7	3			عبدالهادى غالب ناصر محمد الدوسرى	أب	55608590			28063401390
82	31363407302	نواف عبدالهادى غالب ناصر الدوسرى	2013-10-22	t	3	قطر	11	NAWAF ABDULHADI G N AL-DOSARI	31363407302	f	7	3			عبدالهادى غالب ناصر محمد الدوسرى	أب	55608590			28063401390
83	31363403494	يوسف سيف نايف العليانى الشمرى	2013-06-19	t	3	قطر	12	YOUSEF SAIF N A AL-SHAMMARI	31363403494	f	7	3			سيف نايف سيف العليانى الشمرى	أب	77606806	50754657		27763401383
84	31258600971	احمد عزيزالرحمن اغاجان	2012-11-10	t	4	الباكستان	12	AHMAD AZIZURREHMAN AGHAJAN	31258600971	f	7	4			عزيزالرحمن اغاجان	أب	77115544		Siddiqafridi426@gmail.com	27858600498
85	31158601998	ادم ابراهيم	2011-08-22	t	4	الباكستان	14	AADAM IBRAHIM	31158601998	f	7	4			ابرهيم نور ولى	أب	55395737		Kalid0852@gmali.com	28258600233
86	31263403162	تركى محمد حمد سالم العذبه	2012-05-07	t	4	قطر	13	TURKI MOHAMMED H S AL-ADBA	31263403162	f	7	4			محمد حمد سالم عيسى العذبه	أب	30051914			28163402844
87	31363406627	حسين حمد سلطان حسين الشمرى	2013-11-17	t	4	قطر	11	HUSSAIN HAMAD S H ALSHAMARI	31363406627	f	7	4			سلطان حسين فرحان الشمرى	جد	55474783	55994932		26463400788
88	31363400058	حنيف محمد عبدالرحمن محمد محمد	2013-02-01	t	4	قطر	12	HENAIF MOHAMMED A M MOHAMMED	31363400058	f	7	4			محمد عبدالرحمن محمد هلال محمد	أب	55601112	33943471		28363402199
89	31263406016	خميس احمد خميس المكاونه النعيمى	2012-10-08	t	4	قطر	12	KHAMIS AHMED K A AL-NAEMI	31263406016	f	7	4			احمد خميس محمد المكاونه النعيمى	أب	55559852	55985252	BO-Mhana1@outlook.com	29063401922
90	31363400833	سالم عبدالله سالم حمد هطيل	2013-06-02	t	4	قطر	12	SALEM ABDULLA S H HETAIL	31363400833	f	7	4			عبدالله سالم حمد محمد هطيل	أب	55553195			28563403220
91	31363405007	سالم مبخوت سالم حمد هطيل	2013-09-15	t	4	قطر	12	SALEM MABKHOUT S H HETAIL	31363405007	f	7	4			مبخوت سالم حمد محمد هطيل	أب	66641572			29163401940
92	31305000066	سعدتقي طفيل احمد حافظ عبدالسلام	2013-04-20	t	4	بنغلاديش	12	SUADTAQI TOFAYEL AHMED THOYA ABDUSSALAM	31305000066	f	7	4			طفيل احمد حافظ تويا عبدالسلام	أب	66069429		tofail451@gmail.com	28505001856
93	31368200158	سعيد محمد سعيد المري	2013-11-25	t	4	السعودية	11	SAEED MOHAMMED S AL MARRI	31368200158	f	7	4			محمد سعيد محمد الأطرق المري	أب	31444432		dohaqtr-11@hotmail.com	28668200320
94	31363406915	سلطان سيف سالم المجمول الدوسرى	2013-10-10	t	4	قطر	11	SULTAN SAIF S M AL-DOSARI	31363406915	f	7	4			سيف سالم نايف المجمول الدوسرى	أب	33003030			28563400586
95	30968200093	عادل تمان مبارك الراشدي	2009-01-12	t	4	السعودية	16	ADEL TAMMAN M AL RASHDI	30968200093	f	7	4			تمان مبارك تمان ال صندل الراشدى	أب	55304142			26668200122
96	31358602010	عاصم عيسى	2013-01-15	t	4	الباكستان	12	ASIM EISA	31358602010	f	7	4			عيسى نور	أب	33339557	55049661	kalid0852@gmail.com	28458600344
97	31168200349	عبدالعزيز محمد على الزبدان المرى	2011-05-27	t	4	السعودية	14	ABDULAZIZ MOHAMMED A A AL MARRI	31168200349	f	7	4			علي محمد علي الزبدان المري	أب	30008119			29368200396
98	31363406506	عبدالله حسين وادى مسرهد الشمرى	2013-11-17	t	4	قطر	11	ABDULLA HOSSIN W M AL-SHAMARI	31363406506	f	7	4			حسين وادى مسرهد كساب الشمرى	أب	31325314			28963403486
99	31363406987	عبدالله غانم دايل ال دواس الدوسرى	2013-06-12	t	4		12	ABDULLA GHANIM D A AL-DOSARI	31363406987	f	7	4			مشاعل عبدالله غنيم ال دواس الدوسرى	أم	55566875	50444800	Mashael77qtr@gmail.com	27763401063
100	31363407135	عبدالله فهد عبدالله ال دواس الدوسرى	2013-12-15	t	4	قطر	11	ABDULLA FAHAD A A ALDOSARI	31363407135	f	7	4			فهد عبدالله غنيم ال دواس الدوسرى	أب	66445556			28263400176
101	31173600400	على ادريس سعيد صالح فرج الله	2011-06-25	t	4	السودان	14	ALI IDRIS SAEED SALIH FARAGALLA	31173600400	f	7	4			ادريس سعيد صالح فرج الله	أب	66649133			27773600155
102	31388600274	علي محمد احمد على العكبرى	2013-01-09	t	4	اليمن	12	ALI MOHAMED AHMED ALI ALAKBARI	31388600274	f	7	4			محمد احمد على عمر العكبرى	أب	55257337		alakbari1967@outlook.com	26788600032
103	31363401501	فهد عبدالعزيز فهد محلى عيد	2013-03-16	t	4	قطر	12	FAHAD ABDULAZIZ F M EID	31363401501	f	7	4			عبدالعزيز فهد محلى طيب عيد	أب	55032328			28963400129
104	31376000570	فيصل نايف الحصية	2013-09-20	t	4	الجمهورية العربية السورية	12	FAISAL NAIEF HASIEH	31376000570	f	7	4			نايف هزاع الحصية	أب	33359634	66668026	naifqatar@hotmail.com	27976000019
105	31363405169	محمد حسين محمد الغفرانى المرى	2013-09-29	t	4	قطر	12	MOHAMMED HUSSAIN M A AL-MARRI	31363405169	f	7	4			حسين محمد حسين الغفرانى المرى	أب	55825382	50616663		28863400447
106	31363404144	محمد سالم محمد جابر فاران	2013-07-17	t	4	قطر	12	MOHAMMED SALEM M J FARAN	31363404144	f	7	4			سالم محمد جابر فاران	أب	66968767	33377438		28563401215
107	31273600656	محمدالمجتبى منتصر احمد الطيب الاحمر	2012-11-26	t	4	السودان	12	MOHAMEDALMOJTABA MUNTASIR AHMAD ALTAYIB ELHMER	31273600656	f	7	4			منتصر احمد الطيب الاحمر	أب	55254696	33438597	montaser.1975@hotmail.com	27573600034
108	31363404778	نواف محمد فرحان الغضورى العنزى	2013-09-09	t	4	قطر	12	NAWAF MOHAMMED F A AL-ENAZI	31363404778	f	7	4			محمد فرحان خميس الغضورى العنزى	أب	66035444	33334485	m-2022@hotmail.com	28763403506
109	31258600086	نور خميس نور والى	2012-01-22	t	4	الباكستان	13	NOOR KHAMIS NOOR WALI	31258600086	f	7	4			خميس نور والى	أب	33944404	55494643	kingqatar41@gmail.com	28058600211
110	31376000406	احمد محمد جمال مخيبر	2013-06-27	t	5	الجمهورية العربية السورية	12	AHMAD MOHAMAD MKHAEBER	31376000406	f	7	5			محمد جمال مخيبر	أب	66414926	55123808, 33128321	mcmmcm18@hotmail.com	28176002150
111	31388600168	امير على محمد على البعدانى	2013-05-16	t	5	اليمن	12	AMER ALI MOHAMMED ALI ALBAADANI	31388600168	f	7	5			على محمد على ناصر البعدانى	أب	70073516	77237191		27988600424
112	31363403888	تركي محمد سويهج الفريجى الرويلى	2013-07-27	t	5	قطر	12	TURKI MOHAMMED S A AL-RUWAILY	31363403888	f	7	5			محمد سويهج مزلوه الفريجى الرويلى	أب	55328585			28563400581
113	31240001421	حسين هلال حسين المشاقبه	2012-12-22	t	5	الاردن	12	HUSSEIN ALMASHAQBEH	31240001421	f	7	5			هلال حسين هلال المشاقبة	أب	33942122	59970071	zaden2009@gmail.com	27540001159
114	31358600020	حمدان عبيد الله قريشي	2013-03-01	t	5	الباكستان	12	HAMDAN UBAID ULLAH QURESHI	31358600020	f	7	5			بشرى محمد الياس صاحب قريشى	أم	77003066		qureshibushra852@gmail.com	29258600582
115	31363406957	خالد طلال نايف سالم الشمرى	2013-12-14	t	5	قطر	11	KHALID TALAL N S AL-SHAMMARI	31363406957	f	7	5			طلال نايف سالم سعيد الشمرى	أب	66155535	55591262	ttttqt@gmail.com	28463400048
116	31358600216	خليفة ابراهيم ولى جان	2013-01-30	t	5	الباكستان	12	KHALIFA IBRAHIM WALIJAN	31358600216	f	7	5			ابراهيم ولى جان	أب	77427000			28958600531
117	31363403903	دايل سيف محمد الجفالى النعيمى	2013-06-07	t	5	قطر	12	DAYEL SAIF M A AL-NAEMI	31363403903	f	7	5			سيف محمد دايل الجفالى النعيمى	أب	55261819		qatar8712@gmail.com	28063401391
118	31063400969	سالم محمد على محمد مثيب	2010-02-22	t	5	قطر	15	SALEM MOHAMMED A M MUTHEEB	31063400969	f	7	5			محمد على محمد فرج مثيب	أب	70077859	50598267	fssa1985@gmail.com	28063401874
119	31368200098	سعود عبدالعزيز رضاء الشمرى	2013-05-24	t	5	السعودية	12	SAUD ABDULAZIZ R ALSHAMMARI	31368200098	f	7	5			عبدالعزيز رضاء فرحان الزقروطي الشمرى	أب	55334432	55142887	a.alshammari1811@education.qa	28663400665
120	31058602419	سفيان سيد	2010-08-22	t	5	الباكستان	15	SUFYAN SAID SHARIF	31058602419	f	7	5			سيد شريف خان شريف	أب	55096596	77837881	hishamsir21@gmail.com	28058600938
121	30776000093	عبدالرحمن صالح نجم المحمد	2007-04-21	t	5	الجمهورية العربية السورية	18	ABDALRAHMAN SALEH NAJEM MOHAMAD	30776000093	f	7	5			صالح نجم المحمد	أب	66986918			26068200019
122	31263404224	عبدالعزيز مناحى ظافر المفقاعى الهاجرى	2012-08-31	t	5	قطر	13	ABDULAZIZ MANAHI Z A ALHAJRI	31263404224	f	7	5			شعا ناصر محمد المفقاعى الهاجرى	أم	55833245			27963403317
123	31236800120	عبدالكريم محمد حسين	2012-10-15	t	5	العراق	12	ABDULKARIM HUSSEIN	31236800120	f	7	5			محمد حسين فرحان زكروطي	أب	55972468	33459334	m.farhan0101@education.qa	27736800131
124	31268200047	عبدالله سالم هضبان  المرى	2012-09-26	t	5	السعودية	13	ABDULLAH SALEM H  ALMARRI	31268200047	f	7	5			تيهه سعيد محمد الجربوعى المرى	أم	66776481		t.al-marri1306@education.qa	28263403349
125	31363404678	عبدالله فهد احمد سعود المقالح	2013-01-08	t	5	قطر	12	ABDULLA FAHD A S ALMAQALEH	31363404678	f	7	5			فهد احمد سعود عبدالله المقالح	أب	55677675	55685476		28788600240
126	31373600268	عبدالماجد محمد الطيب خليفه أبوشنب	2013-04-18	t	5	السودان	12	ABDELMAGID MOHAMED ELTAYEB KHALIFA ABUSHANAB	31373600268	f	7	5			محمد الطيب خليفه أبوشنب	أب	66240486	55385597	zeeta23@hotmail.com	27473600064
127	31376001009	على الاحمد جفال	2013-09-17	t	5	دومينيكا	12	ALI ALAHMAD JAFFAL	31376001009	f	7	5			يوسف احمد جفال	أب	55999809		mhanna_90@hotmail.com	27976000192
128	31388600358	علي عبدالله علي زكروطي	2013-04-08	t	5	العراق	12	ALI ABDULLAH ALI ZAKROTE	31388600358	f	7	5			شيماء على قطيفان سحمان الشمرى	أم	55137757			28663402380
129	31388600783	فهد عبدالواحد سالم غنام	2013-12-06	t	5	اليمن	11	FAHD GHANAM	31388600783	f	7	5			عبدالواحد سالم محسن	أب	66606437	55370676		28388600397
130	31368200164	ماجد حماد ضحوي الشمرى	2013-07-14	t	5	السعودية	12	MAJED HAMMAD D ALSHAMMARI	31368200164	f	7	5			حماد ضحوي فنيطل التومان الشمري	أب	66624655	55665576	h.alshammari2208@education.qa	28268200309
131	31363405632	محمد حمد على سفر الهاجرى	2013-10-23	t	5	قطر	11	MOHAMMED HAMAD A S AL-HAJRI	31363405632	f	7	5			حمد على سفر عبيد الهاجرى	أب	55488809			29063401617
132	31363400588	محمد سعيد بطى ال حسناء المرى	2013-02-02	t	5	قطر	12	MOHAMMED SAEED B A AL-MARRI	31363400588	f	7	5			سعيد بطى محمد ال حسناء المرى	أب	55885188			28463403872
133	31363403442	محمد على فالح ال تواه الهاجرى	2013-07-15	t	5	قطر	12	MOHAMMED ALI F A AL-HAJRI	31363403442	f	7	5			ايمان محمد سرور آل تواه الهاجرى	أم	50214312		e.alhajri2906@education.qa	28768200268
134	30963406890	منور شهاب منور شهاب الشمرى	2009-10-14	t	5	قطر	15	MENWER SHAHAB M S AL-SHAMARI	30963406890	f	7	5			شهاب منور شهاب جدوع الشمرى	أب	55577784	30322882		28263400036
135	31363407125	ناصر عبدالله ظافر حمد الدوسرى	2013-08-11	t	5	قطر	12	NASSER ABDULLA D H AL-DOSARI	31363407125	f	7	5			عبدالله ظافر حمد راشد الدوسرى	أب	55640066	55000049	Soud22.mm@gmail.com	27963402393
136	31363407699	نواف مساعد مهاوش الفريجى الرويلى	2013-11-15	t	5	قطر	11	NAWAF MESAED M A ALRUWELI	31363407699	f	7	5			مساعد مهاوش دربى الفريجى الرويلى	أب	33409612			28563404041
137	31363403345	يوسف سلمان فرحان الغضورى العنزى	2013-06-16	t	5	قطر	12	YOUSEF SALMAN F A AL-ENAZI	31363403345	f	7	5			سلمان فرحان خميس الغضورى العنزى	أب	33334489		M-2022@hotmail.com	28263403445
140	31263401853	احمد صالح مطر ضابت الدوسرى	2012-04-29	t	6	قطر	13	AHMAD SALEH M D ALDOSARI	31263401853	f	8	1			صالح مطر ضابت الدوسرى	أب	66511161			26963400980
141	31347800013	احمدزيدان محمد الامين الشافعي	2013-04-04	t	6	موريتانيا	12	AHMEDZEIDAN MOHAMED LAMINA OULDCHAFFI	31347800013	f	8	1			محمد الامين الشافعي	أب	55781392		Chewav2010@gmail.com	27447800015
142	31268200292	أديب احمد زقام الشمري	2012-08-30	t	6	السعودية	13	ADEEB AHAMAD Z ALSHAMMARI	31268200292	f	8	1			احمد زقام ربيعان الشلاقي الشمري	أب	55189458		a.alshammari24031@education.qa	28168200514
143	31263405951	ثانى ماجد صالح حمد القحطانى	2012-11-17	t	6	قطر	12	THANI MAJID S H AL-QAHTANI	31263405951	f	8	1			ماجد صالح حمد خرشان القحطانى	أب	39932222			27863401035
144	31163403127	جاسم سعد عارف الرمالى الشمرى	2011-06-17	t	6	قطر	14	JASSIM SAAD A A AL-SHAMARI	31163403127	f	8	1			سعد عارف ماجد الرمالى الشمرى	أب	55022088			28463402503
145	31363404137	جبر سعد جبر الحمادى الرويلى	2013-08-18	t	6	قطر	12	JABOR SAAD J A AL-ROWAILI	31363404137	f	8	1			عائشه مطيف مطرود الفريجى الرويلى	أم	55524550			29163402678
146	30868200192	حمد سعيد على البريص المرى	2008-11-05	t	6	قطر	16	HAMAD SAEED A A ALMARRI	30868200192	f	8	1			سعيد على سعيد البريص المرى	أب	66774442		s.almarri01105@education.qa	28063402754
139	31363403849	سالم نايف سالم المجمول الدوسرى	2013-05-28	t	35	قطر	12	SALEM NAYAF S A AL-DOSARI	31363403849	t	7	07/ESE			نايف سالم نايف المجمول الدوسرى	أب	66669344	66222069		28163401552
138	31281806231	احمد حمدى صلاح حسن امين	2012-10-28	t	35	مصر	12	AHMED HAMDI SALAH HASSAN AMIN	31281806231	t	7	07/ESE			حمدى صلاح حسن امين	أب	77069728		hamdi.salah80@Gmail.com	28081803118
147	31263406555	خليفه فهد مهاوش الوبيرى الشمرى	2012-12-15	t	6	قطر	12	KHALIFA FAHAD M A AL-SHAMMARI	31263406555	f	8	1			فهد مهاوش عياده الوبيرى الشمرى	أب	55599721			28663402358
148	31368200099	سعد عبدالله رميض الشمري	2013-02-04	t	6	السعودية	12	SAAD ABDULLAH R ALSHAMMARI	31368200099	f	8	1			سحر حسين محمد غريب الفاضل	أم	66021155		s.al-fadhel0908@education.qa	28963400053
149	30663405592	سعيد عبدالله سعيد عبدالله مسعود	2006-11-23	t	6	قطر	18	SAEED ABDULLA S A MASOUD	30663405592	f	8	1			عبدالله سعيد عبدالله على مسعود	أب	30000413			28763400708
150	31263404014	سيف فهد احمد سعود المقالح	2012-08-27	t	6	قطر	13	SAIF FAHD A S ALMAQALEH	31263404014	f	8	1			فهد احمد سعود عبدالله المقالح	أب	55677675	55685476		28788600240
151	31268200361	صاهود خالد صاهود الشمري	2012-05-21	t	6	السعودية	13	SAHOOD KHALED S ALSHAMMARI	31268200361	f	8	1			هيام غانم فايز طلاب الشمرى	أم	50930684		Thaany112233@gmail.com	28763403199
152	31240000091	ظاهر شديد محمد مطر الشديد	2012-03-25	t	6	الاردن	13	DAHER SHADID MOHAMMAD MATAR ALSHADID	31240000091	f	8	1			شديد محمد مطر الشديد	أب	77888259	55888259	abd_ayed1984@yahoo.com	28640000617
153	31163403796	عايض خالد صالح حمد القحطانى	2011-07-30	t	6	قطر	14	AYED KHALID S H AL-QAHTANI	31163403796	f	8	1			خالد صالح حمد خرشان القحطانى	أب	55533389	33727576	k.al-qahtani2909@education.qa	27263400494
154	31368200442	عبد المجيد عبدالله لافي الرويلي	2013-01-27	t	6	السعودية	12	ABDULMAJEED ABDULLAH L ALRUWAILI	31368200442	f	8	1			عبدالله لافي بغل الفريجي الرويلي	أب	50383835	66617315		28268200608
155	31236800027	عبدالرحمن عبداللة شيحان غالي	2012-12-04	t	6	العراق	12	ABDALRHMAN ABDALLAH SH GHALY	31236800027	f	8	1			فاطمه عبدالله عواد صالح الظفيرى	أم	50177776	66242221	f.al-zufairi2811@education.qa	28363401456
156	31176000574	عبدالرحمن ناصر زغير الخلف	2011-08-11	t	6	الجمهورية العربية السورية	14	ABDURAHMAN NASER ZKAER KALAF	31176000574	f	8	1			ناصر زغير الخلف	أب	55872461		azk2013_83@hotmail.com	27976000281
157	31263403417	عبدالعزيز حسين على قطيفان الشمرى	2012-07-26	t	6	قطر	13	ABDULAZIZ HUSSAIN A Q AL-SHAMARI	31263403417	f	8	1			حسين على قطيفان سحمان الشمرى	أب	55405570	55616561, 55542082		27563400128
158	31176001202	عبدالعزيز فهد العلي	2011-11-26	t	6	الجمهورية العربية السورية	13	ABDULAZEZ FAHD ALALI	31176001202	f	8	1			فهد غانم	أب	55721200			28976000089
159	31263400912	على حمد على سفر الهاجرى	2012-12-03	t	6	قطر	12	ALI HAMAD A S AL-HAJRI	31263400912	f	8	1			حمد على سفر عبيد الهاجرى	أب	55488809			29063401617
160	31263400706	عمر خالد سعد خليف الشمرى	2012-02-22	t	6	قطر	13	OMAR KHALID S K ALSHAMARI	31263400706	f	8	1			سعاد راضي مغير الاسلمي الشمرى	أم	77570559	77705557	s.alshammari2502@education.qa	28268200248
161	31263402373	فهد سلامه عبيد الوبيرى الشمرى	2012-05-17	t	6	قطر	13	FAHAD SALAMA O A AL-SHAMMARI	31263402373	f	8	1			سلامه عبيد ظاهر الوبيرى الشمرى	أب	55525872			28363403178
162	31236800073	فيصل محمد شيحان غالي	2012-08-29	t	6	العراق	13	FAISAL MOHAMMED SH GHALY	31236800073	f	8	1			امل عبدالله عواد صالح الظفيرى	أم	66224992		a.al-zufairi1805@education.qa	28863403657
163	31363400105	محسن احمد محسن منصور الشمرى	2013-01-01	t	6	قطر	12	MOHSIN AHMAD M M AL-SHAMMARI	31363400105	f	8	1			احمد محسن منصور ناصر الشمرى	أب	66117331		aa9.2@hotmail.com	29263403565
164	31363400584	محمد حامد رحيل الأسلمى الشمرى	2013-01-20	t	6	قطر	12	MOHAMMED HAMED R A ALSHAMMARI	31363400584	f	8	1			حامد رحيل عقيل الاسلمى الشمرى	أب	55519139			27368200048
165	31263402478	محمد ناصر درمان ال مناحى المفقاعى	2012-05-13	t	6	قطر	13	MOHAMMED NASSER D A AL-MEFQAEI	31263402478	f	8	1			منيره ظافر محمد المفقاعى الهاجرى	أم	55842628			27163402128
166	31263401268	مسفر ظافر عبدالهادى ظافر القحطانى	2012-09-03	t	6	قطر	13	MESFER DHAFER A D AL-QAHTANI	31263401268	f	8	1			ظافر عبدالهادى ظافر محمد القحطانى	أب	33487777			27763400930
167	31263400370	مشعل مسفر عشق ال ظافر الحبابى	2012-02-02	t	6	قطر	13	MESHAAL MUSFER A A ALHABABI	31263400370	f	8	1			مسفر عشق على ال ظافر الحبابى	أب	55808988	30447755, 72010020		27168200123
168	31163402863	مهنا احمد خميس المكاونه النعيمى	2011-05-15	t	6	قطر	14	MAHANNA AHMED K A AL-NAEMI	31163402863	f	8	1			احمد خميس محمد المكاونه النعيمى	أب	55559852	55985252	BO-Mhana1@outlook.com	29063401922
169	31276001127	يوسف نافع التركى	2012-01-05	t	6	الجمهورية العربية السورية	13	YOUSEF NAFEH TURKI	31276001127	f	8	1			نافع الطوفى التركى	أب	55025459		N.alturki270789@hotmail.com	26476000032
170	31281801559	ابراهيم احمد حسين جوده عبدالهادي	2012-12-06	t	7	مصر	12	IBRAHIM ABDELHADI	31281801559	f	8	2			احمد حسين جودة عبدالهادى	أب	33917072			27981805254
171	31263401231	بدر متعب محمد ال حباب الهاجرى	2012-03-25	t	7	قطر	13	BADER METEB M A ALHAJRI	31263401231	f	8	2			متعب محمد مسعود ال حباب الهاجرى	أب	55800066			27163400095
172	31263405193	جاسم على حسين الجحيش الشمرى	2012-09-28	t	7	قطر	13	JASSIM ALI H A AL-SHAMARI	31263405193	f	8	2			على حسين شاهر الجحيش الشمرى	أب	33222669	66696646		28463400675
173	31263405189	حاتم على حسين الجحيش الشمرى	2012-09-28	t	7	قطر	13	HATEM ALI H A AL-SHAMARI	31263405189	f	8	2			على حسين شاهر الجحيش الشمرى	أب	33222669	66696646		28463400675
174	31263404583	زايد عبدالعزيز حمود الفريجى الرويلى	2012-09-09	t	7	قطر	13	ZAYED ABDULAZIZ H F AL-REWAILI	31263404583	f	8	2			عبدالعزيز حمود جليبط الفريجى الرويلى	أب	55655211			27863400637
175	31363406606	سعيد صالح سعيد سالم البلوشى	2013-11-23	t	7	قطر	11	SAEED SALEH S S ALBALUSHI	31363406606	f	8	2			صالح سعيد سالم محمد البلوشى	أب	55400483		Saleh5999@gmail.com	28551200130
176	31163407247	سعيد محمد غانم الخيارين الهاجري	2011-05-17	t	7	قطر	14	SAEED MOHD G A AL-HAJRI	31163407247	f	8	2			محمد غانم محمد الخيارين الهاجري	أب	55055026			27163400425
177	31263404751	سلمان مبارك مشعى بنجر الدوسرى	2012-09-21	t	7	قطر	13	SALMAN MUBARAK M B AL-DOSARI	31263404751	f	8	2			مبارك مشعى بنجر شايع الدوسرى	أب	77785877	77953270	ubs2015@hotmail.com	28663400657
178	30973600141	عبدالحميد جادكريم ابوزيد عبدالنبى عبدالرسول	2009-04-14	t	7	السودان	16	ABDUHAMED GADKARIM ABUZAID ABDELNABI ABDELRASOOL	30973600141	f	8	2			جادكريم ابوزيد عبدالنبى عبدالرسول	أب	55542695	33548723	Nojoodjad@gmail.com	25173600113
179	31176000625	عبدالرحمن غازى اسعد الحمد	2011-10-25	t	7	الجمهورية العربية السورية	13	ABDULLRAHMAN GHAZI ALHAMD	31176000625	f	8	2			غازى اسعد الحمد	أب	66796899			28076000482
180	30663405028	عبدالعزيز سعود محيسن سعيد عيد	2006-09-24	t	7	قطر	19	ABDULAZIZ SAOUD M S EID	30663405028	f	8	2			سعود محيسن سعيد العبد عيد	أب	66173312	55516860	mano2120101@hotmail.com	29363400687
181	31258600860	عبدالعزيز لايق خان ولى جان	2012-09-14	t	7	الباكستان	13	ABDULAZIZ LAIQKHAN WALIJAN	31258600860	f	8	2			لايق خان ولى جان	أب	33434976	33260951, 66690131		28458600472
182	31163403422	عبدالله جابر متعب المنخس المرى	2011-06-07	t	7	قطر	14	ABDULLA JABER M A AL-MARRI	31163403422	f	8	2			سارا جابر حمد المنخس المرى	أب	66661020	60001062	s.al-marri29087@education.qa	28563400199
183	30988600376	عبدالله عمر محمد احمد اليزيدى	2009-12-12	t	7	اليمن	15	ABDULLAH OMER MOHAMED AHMED ALYAZIDI	30988600376	f	8	2			عمر محمد احمد اليزيدى	أب	66444920	55697278	bassam.b.m@hotmail.com	27488600123
184	30968200309	عبدالله محمد على الزبدان المرى	2009-04-19	t	7	السعودية	16	ABDULLAH MOHAMMED A A ALMARRI	30968200309	f	8	2			علي محمد علي الزبدان المري	أب	30008119			29368200396
185	31263405691	على جابر على محمد مثيب	2012-06-11	t	7	قطر	13	ALI JABER A M MUTHEEB	31263405691	f	8	2			جابر على محمد فرج مثيب	أب	66665880		j.mutheeb2202@education.qa	28363400669
186	31263401664	على فرج على محمد مثيب	2012-08-04	t	7	قطر	13	ALI FARAJ A M MUTHEEB	31263401664	f	8	2			فرج على محمد فرج مثيب	أب	55288837			28563402650
187	30763404794	على محمد على محمد مثيب	2007-06-09	t	7	قطر	18	ALI MOHAMMED A M MUTHEEB	30763404794	f	8	2			محمد على محمد فرج مثيب	أب	70077859	50598267	fssa1985@gmail.com	28063401874
188	31363406377	فهد بدر محسن منصور الشمرى	2013-10-13	t	7	قطر	11	FAHAD BADER M M AL-SHAMMARI	31363406377	f	8	2			بدر محسن منصور ناصر الشمرى	أب	77955023	77144744		29063403720
189	31363402211	فهد عبدالعزيز احمد ابراهيم الهيشان	2013-03-15	t	7	قطر	12	FAHAD ABDULAZIZ A I AL-HICHAN	31363402211	f	8	2			عبدالعزيز احمد ابراهيم عواد الهيشان	أب	50523684			29063400072
190	31363401612	فهد على حمد سعد السلامى	2013-01-15	t	7	قطر	12	FAHAD ALI H S ALSALAMI	31363401612	f	8	2			على حمد سعد كاظم السلامى	أب	55572860		alfajer-12@hotmail.com	28763404200
191	31273600931	فيصل صالح سعيد دخيل الله	2012-02-08	t	7	السودان	13	FAISAL DAKHEELALLA	31273600931	f	8	2			عبدالله صالح سعيد دخيل الله	شقيق أخ	30026004	66166517		29773600904
192	31263407206	مبارك حمد على جرحب المرى	2012-10-28	t	7	قطر	12	MUBARAK HAMAD A J ALMARRI	31263407206	f	8	2			شرعه مبارك بطى هاجد الدوسرى	أم	77764434			28663402372
193	31263403930	مبارك على راشد الكدادى الهاجرى	2012-08-06	t	7	قطر	13	MUBARAK ALI R A AL-HAJRI	31263403930	f	8	2			عمشاء زيد بندر  الشمري	أم	55727715			27568200266
194	31363400557	مبارك محمد ناصر ال حباب الهاجرى	2013-02-01	t	7	قطر	12	MUBARAK MOHAMMED N A AL-HAJRI	31363400557	f	8	2			محمد ناصر محمد ال حباب الهاجرى	أب	55502951		my-phh050@hotmail.com	28163402528
195	31281803852	محمد حسام عبدالحكيم يوسف عمر	2012-01-01	t	7	مصر	13	MOHAMED HOSSAM ABDELHAKIM YOUSEF OMAR	31281803852	f	8	2			ولاء نبيل عبدالعليم عامر	أم	33314847	30004512	w.amer2103@education.qa	28681808405
196	31263407483	محمد سعيد فهد صقر المريخى	2012-12-25	t	7	قطر	12	MOHAMMED SAED F S AL-MEREKHI	31263407483	f	8	2			سعيد فهد صقر راشد المريخى	أب	55960218			28063403194
197	31276000453	محمد على حماده الحوكه	2012-07-28	t	7	الجمهورية العربية السورية	13	MOHAMMAD ALI ALHOKA	31276000453	f	8	2			على حماده الحوكه	أب	66241146		alialhook49@gmail.com	28876000889
198	31181802118	محمد مجدى فاروق حامد احمد	2011-08-10	t	7	مصر	14	MOHAMMED MAGDI FAROUK HAMED AHMED	31181802118	f	8	2			مجدى فاروق حامد احمد	أب	30598686			27581800128
199	31147800035	محمد محمدنه	2011-11-29	t	7	موريتانيا	13	MOHAMED MOHAMEDNA	31147800035	f	8	2			عبدالرحمن محمدالكورى احمد	أب	33301611	55829057	alkoree1010@gmail.com	28347800018
200	31188600606	ناجي أحمد ناجي حصيان	2011-09-11	t	7	اليمن	14	NAJI HASYAN	31188600606	f	8	2			احمد ناجى حسين حصيان	أب	55522341			26788600103
201	31263401121	ناصر عبدالله ضامى الفريجى الرويلى	2012-02-29	t	7	قطر	13	NASSER ABDULLA D A AL-REWAILY	31263401121	f	8	2			عبدالله ضامى عويند الفريجى الرويلى	أب	55888354			28463401237
202	31263405652	اعبيد عبدالعزيز سعد خليف الشمرى	2012-05-11	t	8	قطر	13	EAABYED ABDULAZIZ S K AL-SHAMARI	31263405652	f	8	3			عبدالعزيز سعد خليف دخيل الشمرى	أب	50382052			28863400081
203	31263401032	تميم على معيض ال غازى الاحبابى	2012-02-19	t	8	قطر	13	TAMEEM ALI M A AL-AHBABI	31263401032	f	8	3			على معيض على ال غازى الاحبابى	أب	33898641			26768200015
204	30863401885	تميم محمد جريد القعيقعى الرويلى	2008-04-21	t	8	قطر	17	TAMEEM MOHAMMED J A AL-REWAILI	30863401885	f	8	3			هويه نواف زيدان الرويلى	أم	66633127	55320055		27768200025
205	31158601151	جوعان محمد بخش علي محمد	2011-06-13	t	8	الباكستان	14	JOUAAN MUHAMMAD BAKHSH ALI	31158601151	f	8	3			محمد بخش علي محمد	أب	66539165			26458601363
206	31288600138	حمد خالد عوض محمد القعيطى	2012-04-21	t	8	اليمن	13	HAMAD KHALID AWAD MOHAMMED ALQUITI	31288600138	f	8	3			خالد عوض محمد القعيطى	أب	55248097	66965805	al_m7tala@hotmail.com	28888600096
207	31188600478	حمد عبدالوهاب صالح محمد داحش	2011-12-18	t	8	اليمن	13	HAMAD ABDULWAHAB SALEH MOHAMAD DAHESH	31188600478	f	8	3			عبدالوهاب صالح محمد قايد داحش	أب	33334013			28688600129
208	31240000636	حمد مشعل صالح العون	2012-01-08	t	8	الاردن	13	HAMAD MISHALL SALEH ALOUN	31240000636	f	8	3			مشعل صالح سند العون	أب	55677734	33751510		28740000223
209	31263403481	راشد جابر متعب المنخس المرى	2012-03-07	t	8	قطر	13	RASHID JABER M A AL-MARRI	31263403481	f	8	3			سارا جابر حمد المنخس المرى	أم	66661020	60001062	s.al-marri29087@education.qa	28563400199
210	31263406640	سالم مسعود محمد ال جفران المرى	2012-07-09	t	8	قطر	13	SALEM MASOUD M A AL-MARRI	31263406640	f	8	3			مسعود محمد راشد ال جفران المرى	أب	55555874			27363400246
211	31258602001	ساني امجد خان	2012-03-15	t	8	الباكستان	13	SANI AMJID KHAN	31258602001	f	8	3			امجد خان	أب	55026344		waledsami452@gmail.com	28758603393
212	31363400364	سعد يوسف غازى صياح الشمرى	2013-01-30	t	8	قطر	12	SAAD YOUSEF G S AL-SHAMARI	31363400364	f	8	3			يوسف غازى صياح ضويحى الشمرى	أب	33337752		Y.00@msn.com	28863404388
213	31263405592	سعود عبدالعزيز وادى مسرهد الشمرى	2012-02-11	t	8	قطر	13	SAOUD ABDULAZIZ W M AL-SHAMARI	31263405592	f	8	3			عبدالعزيز وادى مسرهد كساب الشمرى	أب	55700052	33983314	azooz55700052@hotmail.com	28663403921
214	31268200103	سلطان مهدى على ال سالم	2012-08-23	t	8	السعودية	13	SULTAN MAHDI A ALSALEM	31268200103	f	8	3			مهدى على عريج ال سالم	أب	55454331	55745820		26268200170
215	31205000257	عبدالرحمن نور محمد	2012-02-15	t	8	بنغلاديش	13	ABDUR RAHMAN NUR MOHAMMAD	31205000257	f	8	3			نور عفاالدين	أب	66243276			28305003506
216	31258600107	عبدالعزيز جان محمد سابك زئى	2012-12-02	t	8	ايران	12	ABDULAZIZ JANMOHAMMAD SABOKZEI	31258600107	f	8	3			جان محمد دادكريم سابك زئى	أب	55226997			27158600716
217	31263405979	عبدالله طلال مياح مجول الزكروطى	2012-09-11	t	8	قطر	13	ABDULLA TALAL M M AL-ZAKROTY	31263405979	f	8	3			شروق عبود صالح مناع الشمرى	أم	55244470		s.al-shammari0908@education.qa	29040000274
218	31263404923	عبدالله عبدالرحمن الاسمر الفريجى الرويلى	2012-11-09	t	8	قطر	12	ABDULLA ABDULRAHMAN A A AL-RUAILE	31263404923	f	8	3			عبدالرحمن الاسمر محمد الفريجى الرويلى	أب	55888115			28063401380
219	31263401712	على حمد على ال غازى الاحبابى	2012-03-28	t	8	قطر	13	ALI HAMAD A A AL-AHBABI	31263401712	f	8	3			حمد على معيض ال غازى الاحبابى	أب	55410707	55009971		28663403905
220	31088600750	علي منصور فهد علي معيلي	2010-07-02	t	8	اليمن	15	ALI MAELI	31088600750	f	8	3			منصور فهد على معيلى	أب	55595262			29088600680
221	31063407849	غانم زايد غانم الخيارين الهاجري	2010-07-16	t	8	قطر	15	GHANIM ZAYED G A AL-HAJRI	31063407849	f	8	3			زايد غانم محمد الخيارين الهاجري	أب	33888900			27963402389
222	31063406623	فارس فرحان عبدالله شلاش الزكروطى	2010-11-25	t	8	قطر	14	FARIS FARHAN A S ALZAKROUTI	31063406623	f	8	3			فرحان عبدالله شلاش على الزكروطى	أب	55687982	33151116		28363400857
223	31368200103	فواز فايز عفات  الشمري	2013-12-16	t	8	السعودية	11	FAWAZ FAIZ A  ALSHAMMARI	31368200103	f	8	3			ظيحه عبدالله شلاش على الزكروطى	أم	33833058	70211114	d.alzakrouti2211@education.qa	28063401717
224	30863403324	فيصل سعود محيسن العبد عيد	2008-06-25	t	8	قطر	17	FAISAL SAOUD M A EID	30863403324	f	8	3			سعود محيسن سعيد العبد عيد	أب	66173312	55516860	mano2120101@hotmail.com	29363400687
225	31136400009	ماجد شيح محمد رئيسى	2011-02-01	t	8	ايران	14	MAJED SHIH MOHAMMAD RAEISI	31136400009	f	8	3			شيح محمد محمد رئيسي	أب	55337034	55721191	sabokzaei_1979@hotmail.com	27936400368
226	31363400181	محمد حمود معيكل ال دواس الدوسرى	2013-01-19	t	8	قطر	12	MOHAMMED HEMOUD M D AL-DOSARI	31363400181	f	8	3			حمود معيكل حمود ال دواس الدوسرى	أب	66677896			28463400681
227	31288600432	محمد عقيل محسن ضحى راكان	2012-10-24	t	8	اليمن	12	MOHAMMED AKEEL MOHSIN DHAHI RAKAN	31288600432	f	8	3			عقيل محسن ضحى راكان	أب	55167911		rr1974@hotmail.com	27688600150
228	31263400829	محمد على عماش هزاع الشمرى	2012-01-03	t	8	قطر	13	MOHAMMED ALI A H ALSHMARI	31263400829	f	8	3			على عماش هزاع الشمرى	أب	66110595			25276000068
229	31263405872	محمد عيد عرنان الشبيبه الرويلى	2012-07-11	t	8	قطر	13	MOHAMMED EID A A AL-ROWAILI	31263405872	f	8	3			عيد عرنان عواد الشبيبه الرويلى	أب	66332296			28763400687
230	31205000134	معصوم محمد هارون مولانا عمر	2012-08-27	t	8	بنغلاديش	13	MASOOM MOHAMMED HARUN MOULANA OMAR	31205000134	f	8	3			محمد هارون مولانا محمد عمر	أب	70507733			27205002349
231	31263403556	نايف على سفر عبيد الهاجرى	2012-04-29	t	8	قطر	13	NAYEF ALI S O AL-HAJRI	31263403556	f	8	3			على سفر عبيد الهاجرى	أب	66663411			25963400014
232	31273600528	أنور عاطف غبوش سعيد	2012-07-17	t	9	السودان	13	ANWAR ATIF GHABOUSH SAEED	31273600528	f	8	4			عاطف غبوش سعيد النور	أب	55220010		atef1297@gimal.com	25973600411
233	31263403609	حمد عبدالكريم الاسمر الفريجى الرويلى	2012-02-08	t	9	قطر	13	HAMAD ABDULKARIAM A A AL-RUAILE	31263403609	f	8	4			عبدالكريم الاسمر محمد الفريجى الرويلى	أب	55441887			28663400663
234	31176000772	خالد محمد خليف الاحمد الجفال	2011-10-15	t	9	الجمهورية العربية السورية	13	KHALD MOHAMED KHLAIF ALAHMED ALJEFAL	31176000772	f	8	4			محمد خليف الاحمد الجفال	أب	33313118		mohd.kh@outlook.com	28276000234
235	31263406859	راشد ناصر راشد العجلان الهاجرى	2012-12-17	t	9	قطر	12	RASHID NASSER R A AL-HAJRI	31263406859	f	8	4			ناصر راشد مبارك العجلان الهاجرى	أب	33984680	55164446		28263403409
236	31263404822	سعد وافى دريدح الرمالى الشمرى	2012-11-07	t	9	قطر	12	SAAD WAFI D A AL-SHAMMARI	31263404822	f	8	4			وافى دريدح حمود الرمالى الشمرى	أب	33424033		Mone-12341234@hotmial.com	28863400460
237	31263400378	سعود محمد عبدالله حمد المرى	2012-01-25	t	9	قطر	13	SAOUD MOHAMMED A H AL-MARRI	31263400378	f	8	4			محمد عبدالله حمد عريج المرى	أب	33555891		hka112634@gmail.com	28063402689
238	31263407124	صالح حمد مبارك فاران المرى	2012-12-13	t	9	قطر	12	SALEH HAMAD M F AL-MARRI	31263407124	f	8	4			حمد مبارك جابر فاران المرى	أب	66132228			27263401416
239	31363406813	طلال عبدالرحمن جدعان طرجم الشمرى	2013-11-26	t	9	قطر	11	TALAL ABDULRAHMAN J T AL-SHAMMARI	31363406813	f	8	4			عبدالرحمن جدعان طرجم غدير الشمرى	أب	55988566			29263401612
240	31235606760	عبد السلام ابو الحسن	2012-10-05	t	9	الهند	13	ABDUS SALAM ABUL HASAN	31235606760	f	8	4			ابوالحسن رياض الدين	أب	66306059	55702832	abul60353@gmail.com	27335601687
241	31263402098	عبدالرحمن فواز عبدالله مقبل الشمرى	2012-05-14	t	9	قطر	13	ABDULRAHMAN FAWAZ A M AL-SHAMMARI	31263402098	f	8	4			فواز عبدالله مقبل صالح الشمرى	أب	55300061	33637255		28663400041
242	31263400252	عبدالله راشد حزام راشد قرح	2012-01-25	t	9	قطر	13	ABDULLA RASHID H R QARAH	31263400252	f	8	4			راشد حزام راشد عبدالله قرح	أب	33448888			28863404369
243	31263406895	عبدالله مزعل محمد ساكت العنزى	2012-12-27	t	9	قطر	12	ABDULLA MEZAL M S AL-ENAZI	31263406895	f	8	4			مزعل محمد ساكت العنزى	أب	55489318	55850275		25863400257
244	31263401497	على حمد على البريص المرى	2012-09-04	t	9		13	ALI HAMAD A A AL-MARRI	31263401497	f	8	4			حمد على سعيد البريص المرى	أب	50560000	55003587		28363403360
245	31263401907	على سالم على البريص المرى	2012-04-05	t	9	قطر	13	ALI SALEM A A AL-MARRI	31263401907	f	8	4			سالم على سعيد البريص المرى	أب	66810992			28663403975
246	31263405712	على صالح على صالح الكربى	2012-10-21	t	9	قطر	12	ALI SALEH A S AL-KARBI	31263405712	f	8	4			صالح على صالح سالم الكربى	أب	31006565	55455469		29163403976
247	31263400819	عماش نايف ملاش ندو الدخيل	2012-11-02	t	9	قطر	12	AMASH NAYAF M N ALDIKHEL	31263400819	f	8	4			نايف ملاش ندو اسمر الدخيل	أب	55404715			29063400088
248	31363407462	فارس احمد محسن منصور الشمرى	2013-06-12	t	9	قطر	12	FARIS AHMAD M M AL-SHAMMARI	31363407462	f	8	4			احمد محسن منصور ناصر الشمرى	أب	66117331		aa9.2@hotmail.com	29263403565
249	31263406040	فخرى فايز غانم فايز الشمرى	2012-12-10	t	9	قطر	12	FAKHRI FAYZ G F AL-SHAMMARI	31263406040	f	8	4			فايز غانم فايز طلاب الشمرى	أب	77324291			27963402694
250	31263406752	فهد راشد على الخلوى النعيمى	2012-02-12	t	9	قطر	13	FAHAD RASHID A K AL-NAEMI	31263406752	f	8	4			راشد على راشد الخلوى النعيمى	أب	55522254	66653789	Qatari_rashid@yahoo.com	27363400967
251	31363406268	فيحان صالح على صالح الكربى	2013-06-10	t	9	قطر	12	FAIHAN SALEH A S AL-KARBI	31363406268	f	8	4			صالح على صالح سالم الكربى	أب	31006565	55455469		29163403976
252	31263401229	مبارك سالم نايف المجمول الدوسرى	2012-03-25	t	9	قطر	13	MUBARAK SALEM N M AL-DOSARI	31263401229	f	8	4			سالم نايف المجمول الدوسرى	أب	55991388	33444789		25163400285
253	31263404496	مبارك غنيم مبارك بطى الدوسرى	2012-05-09	t	9	قطر	13	MUBARAK GHUNAIM M B AL-DOSARI	31263404496	f	8	4			غنيم مبارك بطى هاجد الدوسرى	أب	55013110	55999189	Mesfer-qa@hotmail.com	28963401227
254	31163401943	محمد صالح جابر التمتام الغياثين	2011-06-02	t	9	قطر	14	MOHAMMED SALEH J A AL-GHAYATHIN	31163401943	f	8	4			صالح جابر سالم التمتام الغياثين	أب	55840885	55145273	S_jabir@outlook.com	27863400175
255	31263402532	محمد ونسان زايد القعقاع الرويلى	2012-03-06	t	9	قطر	13	MOHAMMED WENSAN Z A ALROWAILI	31263402532	f	8	4			ونسان زايد ونسان القعقاع الرويلى	أب	55318587			27763400330
256	31163400973	مشعل يحيى على موالى الكربى	2011-02-03	t	9	قطر	14	MESHAAL YAHIA A M AL-KURBI	31163400973	f	8	4			يحيى على موالى الكربى	أب	33315517			25863400127
257	31276001345	منصور حسين الاحمد الجفال	2012-10-07	t	9	الجمهورية العربية السورية	12	MANSOOR ALJAFFL	31276001345	f	8	4			حسين منصور الاحمد الجفال	أب	77666392	55666392	binmalky@gmail.com	28476002141
258	31263403744	منصور نفل تركي الساعي الهاجري	2012-11-08	t	9	قطر	12	MANSOUR NAFAL T A AL-HAJRI	31263403744	f	8	4			نفل تركي ناصر الساعي الهاجري	أب	55882821			27663401059
259	31263406426	ناصر ظافر ناصر ظافر القحطانى	2012-09-25	t	9	قطر	13	NASSER DHAFER N D AL-QAHTANI	31263406426	f	8	4			منى سعود براك سعد المفقاعى	أم	70041147			29063401049
260	30958601279	وليد والى	2009-11-24	t	9	الباكستان	15	WALID RASHEED	30958601279	f	8	4			راشد نور والى	أب	55166954			27758600201
261	30858600685	ياسر شير والى زار والى	2008-10-18	t	9	الباكستان	16	YASER SHAR WALI ZAR WALI	30858600685	f	8	4			شير والى زار والى	أب	30606084			26058600519
262	31073600356	يوسف عزام حسن فرح	2010-07-25	t	9	السودان	15	YOUSIF AZAM HASSAN FARAH	31073600356	f	8	4			عزام حسن فرح محمد	أب	66699846		azzamfarah@gmail.com	26473600298
264	31036400235	ابراهيم احمد ابراهيم عيادى	2010-09-10	t	10	ايران	15	EBRAHIM AHMAD EBRAHIM AYADI	31036400235	f	9	1			احمد ابراهيم عيادى	أب	55522830		binmalki@gmail.com	28136400396
265	31168200217	بطي سفر عبيد الهاجري	2011-09-17	t	10	السعودية	14	BATI SAFAR O ALHAJRI	31168200217	f	9	1			سفر عبيد سفر ال تواه الهاجري	أب	30055111		s.alhajri21062@education.qa	27463402958
266	31188600062	تميم مجلى احمد على الحجاجى	2011-02-19	t	10	اليمن	14	TAMEEM MEJALI AHMED ALI ALHAJAJE	31188600062	f	9	1			مجلى احمد على صالح الحجاجى	أب	55948261			26788600012
267	30736800084	جاسم عبدالامير وارث لفته	2007-01-12	t	10	العراق	18	JASIAM ABIDALLAMER W LAFTA	30736800084	f	9	1			عبدالامير وارث لفته لفته	أب	55438363			25336800031
268	31176000143	جاسم محمد علوان السالم	2011-03-31	t	10	الجمهورية العربية السورية	14	JASSEM MOHAMMED ALWAN ALSALIM	31176000143	f	9	1			محمد علوان السالم	أب	30830777	66428136	Bsmtktkfeny83@gmail.com	28376000034
269	31163407019	حمد سالم هادى محمد الهاجرى	2011-12-12	t	10	قطر	13	HAMAD SALIM H M ALHAJRI	31163407019	f	9	1			سالم هادى محمد هادى الهاجرى	أب	55529419		Qattr.81@outlook.com	28163403407
270	31063401174	حمد عبدالرحمن حمد النهاب المرى	2010-03-18	t	10	قطر	15	HAMAD ABDULRAHMAN H A AL-MARRI	31063401174	f	9	1			عبدالرحمن حمد سالم النهاب المرى	أب	55669072		anahab@adlsa.gov.qa	28763402452
271	31163400535	حمد على حمد سعد السلامى	2011-06-02	t	10	قطر	14	HAMAD ALI H S ALSALAMI	31163400535	f	9	1			على حمد سعد كاظم السلامى	أب	55572860		alfajer-12@hotmail.com	28763404200
263	31068200090	هضبان سالم هضبان المري	2010-06-01	t	40	السعودية	15	HADHBAN SALEM H ALMARRI	31068200090	t	8	08/ESE			تيهه سعيد محمد الجربوعى المرى	أب	66776481		t.al-marri1306@education.qa	28263403349
272	30963406711	حمد ناصر حسين فرحان الشمرى	2009-12-21	t	10	قطر	15	HAMAD NASSIR H F ALSHAMARY	30963406711	f	9	1			ناصر حسين فرحان الشمرى	أب	55371638			26763400141
273	31163407228	خالد عمر الجدع الحمادى الرويلى	2011-11-29	t	10	قطر	13	KHALID OMAR A A AL-ROWAILI	31163407228	f	9	1			عمر الجدع مصافق الحمادى الرويلى	أب	55269123	55114195		28863403635
274	31163402857	خليفه سعيد سالم محمد البلوشى	2011-03-04	t	10	قطر	14	KHALIFA SAID S M ALBALUSHI	31163402857	f	9	1			سعيد سالم محمد ربيع البلوشى	أب	55494474	55836010		26851200033
275	31163404452	راشد مبارك راشد العجلان الهاجرى	2011-08-09	t	10	قطر	14	RASHID MUBARAK R A AL-HAJRI	31163404452	f	9	1			مبارك راشد مبارك العجلان الهاجرى	أب	55188664			28163403181
276	31163402337	راشد محمد حمد المسعود العذبه	2011-08-04	t	10	قطر	14	RASHID MOHD H A AL-ATHBA	31163402337	f	9	1			محمد حمد صالح على العذبه	أب	50693111			28763401076
277	31163406047	سعود عبدالله سعود النماصى الشمرى	2011-11-21	t	10	قطر	13	SAOUD ABDULLA S A AL-SHAMARI	31163406047	f	9	1			عبدالله سعود شاهر النماصى الشمرى	أب	55501458	55166551		26863401065
278	31163404074	سعيد محمد سعيد طفله المرى	2011-05-08	t	10	قطر	14	SAEED MOHAMMED S T AL-MARRI	31163404074	f	9	1			محمد سعيد محمد طفله المرى	أب	55453344	33332239	noemail@hr.sec	28863404252
279	31163406849	عبدالرحمن نايف صالح الفريجى الرويلى	2011-12-24	t	10	قطر	13	ABDULRAHMAN NAYEF S A AL-REWAILY	31163406849	f	9	1			نايف صالح فلاح الفريجى الرويلى	أب	55114401			28863400281
280	30988600034	عبدالعزيز جمال علي عبدالمحسن اليهري	2009-02-16	t	10	اليمن	16	ABDULAZIZ GAMAL ALI ABDULMOHSIN ALYOHRI	30988600034	f	9	1			جمال علي عبدالمحسن اليهري	أب	55661522			27188600020
281	31163404539	عبدالكريم خالد حامد مصول العنزى	2011-08-21	t	10	قطر	14	ABDULKAREEM KHALID H M AL-ENAZI	31163404539	f	9	1			خالد حامد مصول دبيان العنزى	أب	77556636	70506006		28863400270
282	30888600825	عبدالله سالم محمد  عبدالله	2008-03-11	t	10	اليمن	17	ABDULLAH SALEM MOHAMMED  ABDULLAH	30888600825	f	9	1			سالم محمد عبدالله الوجيه	أب	77859078			28088600348
283	31176000984	عبدالله على هواش حميد	2011-10-20	t	10	الجمهورية العربية السورية	13	ABDULLAH ALI HAWASH HAMID	31176000984	f	9	1			عفاف زيدان محسن ذيبان	أم	33243518			28504800099
284	31163406339	عبدالله محمد عايد القعيقعى الرويلى	2011-07-12	t	10	قطر	14	ABDULLA MOHAMMED A A AL-RAWILY	31163406339	f	9	1			محمد عايد عوض القعيقعى الرويلى	أب	33581157		noorh656@hotmail.com	28568200029
285	31168200187	عفات فايز عفات الشمري	2011-08-12	t	10	السعودية	14	AFFAT FAIZ A ALSHAMMARI	31168200187	f	9	1			ظيحه عبدالله شلاش على الزكروطى	أم	33833058	70211114	d.alzakrouti2211@education.qa	28063401717
286	31163404607	على خالد على عبدالرحمن رشدان	2011-06-15	t	10	قطر	14	ALI KHALID A A RASHDAN	31163404607	f	9	1			خالد على عبدالرحمن ابراهيم رشدان	أب	55477568			28263403684
287	31081804689	عمرو فوزى عبدالستار عبدالـلاه	2010-11-18	t	10	مصر	14	AMR ABDELLAH	31081804689	f	9	1			سهير محمد على عبدالله	أم	70717209		s.abdalla0603@education.qa	28681810353
288	31163402310	فرحان سعد احمد خلف الشمرى	2011-10-05	t	10	قطر	14	FARHAN SAAD A K AL-SHAMMARI	31163402310	f	9	1			سعد احمد خلف دهش الشمرى	أب	55070091	55470099		28363400039
289	31163405102	فهد فالح كتيم الشلاقى الشمرى	2011-01-10	t	10	قطر	14	FAHAD FALEH K A AL-SHAMARI	31163405102	f	9	1			جميل كتيم ربيعان الشلاقى الشمرى	أب	55558226	55456749	jkalshammari@qf.org.qa	27663401622
290	31063407240	فهد ماجد بندر الربيعه الشمرى	2010-12-24	t	10	قطر	14	FAHAD MAJED B A AL-SHAMARI	31063407240	f	9	1			ماجد بندر محمد الربيعه الشمرى	أب	55911220	66535406		28063403025
291	31063405016	فهد مبارك عجلان المظفرى الهاجرى	2010-09-24	t	10	قطر	15	FAHAD MUBARAK A M AL-HAJRI	31063405016	f	9	1			مبارك عجلان مبارك المظفرى الهاجرى	أب	50007004			26663400640
292	31163403116	فهد مبارك فهد العجلان الهاجرى	2011-06-20	t	10	قطر	14	FAHAD MUBARAK F A ALHAJRI	31163403116	f	9	1			مبارك فهد مبارك العجلان الهاجرى	أب	66018773		r.3311@hotmail.com	28463400668
293	31163401634	مبخوت فهد سالم محمد المرى	2011-03-25	t	10	قطر	14	MABKHOUT FAHAD S M AL-MARRI	31163401634	f	9	1			فهد سالم محمد مسعود المرى	أب	55622929			28163403236
294	31163401358	محمد على حنيف محمد محمد	2011-03-23	t	10	قطر	14	MOHAMMED ALI H M MOHD	31163401358	f	9	1			على حنيف محمد هلال محمد	أب	55167373			28563402495
295	31151200071	مشعل بدر سعيد حميد السعيدي	2011-04-10	t	10	سلطنة عمان	14	MASHAL BADAR S H ALSAAIDI	31151200071	f	9	1			ساميه سالم فاضل علي السعيدية	أم	77790310		mbalsaidii28@gmail.com	28151200115
296	31163402898	هادى حمد محمد هادى الهاجرى	2011-07-06	t	10	قطر	14	HADI HAMAD M H AL-HAJRI	31163402898	f	9	1			حمد محمد هادى حباب الهاجرى	أب	55874541			26263400979
297	31247800085	االطالب احمد بوب	2012-02-01	t	11	موريتانيا	13	TALEB AHMED BAUBE	31247800085	f	9	2			ليمام بوب	أب	55900269		limambouh39@gmail.com	27847800068
298	31163403442	ابراهيم سلمان فرحان الغضورى العنزى	2011-06-18	t	11	قطر	14	IBRAHIM SALMAN F A AL-ENAZI	31163403442	f	9	2			سلمان فرحان خميس الغضورى العنزى	أب	33334489		M-2022@hotmail.com	28263403445
299	31363400787	بندر ناصر عبدالهادى مطر العنزى	2013-01-31	t	11	قطر	12	BANDAR NASSER A M AL-ENAZI	31363400787	f	9	2			ناصر عبدالهادى مطر موسى العنزى	أب	70533337		love4dohaa@gmail.com	28363400855
300	31188600221	تميم خليفه صالح احمد الجابري	2011-05-07	t	11	اليمن	14	TAMEEM KHALIFA SALEH AHMED ALJABERI	31188600221	f	9	2			اسماء مبارك محمد الشاعر السليطى	أم	55757608		a.al-sulaiti27084@education.qa	28163402194
301	31151200250	تميم سالم جمعه الراجحي	2011-03-22	t	11	سلطنة عمان	14	TAMIM SALIM J ALRAJHI	31151200250	f	9	2			سالم جمعه سالم حمد الراجحي	أب	55161199			26351200016
302	31163402674	جابر محمد مبارك فاران المرى	2011-03-17	t	11	قطر	14	JABER MOHAMMED M F AL-MARRI	31163402674	f	9	2			محمد مبارك جابر فاران المرى	أب	55361015			26063400558
303	31158600124	حسن خالد شيرولى	2011-06-03	t	11	الباكستان	14	HASAN KHALID SHERWALI	31158600124	f	9	2			خالد شيرولى	أب	66678023	33558789	kalid0852@gmail.com	29058600304
304	31163406253	حمد سالم محمد الزيوح المرى	2011-11-29	t	11	قطر	13	HAMAD SALEM M A AL-MARRI	31163406253	f	9	2			سالم محمد سعيد الزيوح المرى	أب	50322293	55676789		28363402494
305	31163400905	حمد طلال خلف الفريجى الرويلى	2011-02-24	t	11	قطر	14	HAMAD TALAL K A AL-RUWAILI	31163400905	f	9	2			طلال خلف نزال الفريجى الرويلى	أب	55778884		Doha111111@hotmail.com	27463400291
306	31068200202	حمد فايز عفات الشمرى	2010-01-23	t	11	السعودية	15	HAMAD FAIZ A ALSHAMMARI	31068200202	f	9	2			ظيحه عبدالله شلاش على الزكروطى	أم	33833058	70211114	d.alzakrouti2211@education.qa	28063401717
307	31163402176	حمد محمد فرحان الغضورى العنزى	2011-06-05	t	11	قطر	14	HAMAD MOHAMMED F A AL-ENAZI	31163402176	f	9	2			محمد فرحان خميس الغضورى العنزى	أب	66035444	33334485	m-2022@hotmail.com	28763403506
308	31163404220	راشد سلوم مهاوش الوبيرى الشمرى	2011-08-27	t	11	قطر	14	RASHID SALOUM M A AL-SHAMMARI	31163404220	f	9	2			سلوم مهاوش عياده الوبيرى الشمرى	أب	30008222			28163401806
309	31063401612	راكان عمر عقلا مسبط الشمرى	2010-04-04	t	11	قطر	15	RAKAN OMAR A M ALSHAMMARI	31063401612	f	9	2			عمر عقلا مسبط مقبل الشمرى	أب	66641167			28263403708
310	31163401664	زايد سعد منصور سعد الدوسرى	2011-11-04	t	11	قطر	13	ZAYED SAAD M S AL-DOSARI	31163401664	f	9	2			سعد منصور سعد طويرش الدوسرى	أب	55828504			28363400824
311	31158600543	سعودرحمان سبيل الرحمن عبدالمجيد	2011-06-06	t	11	الباكستان	14	SAOODREHMAN SABEELREHMAN ABDULMAJEED	31158600543	f	9	2			سبيل الرحمن عبدالمجيد	أب	77889399		sabeelrahman10@gmail.com	28358600303
312	30963404470	سيف حمد جريد القعيقعى الرويلى	2009-08-27	t	11	قطر	16	SAIF HAMAD J A AL-ROWAILI	30963404470	f	9	2			حمد جريد مناكد القعيقعى الرويلى	أب	55208857			28163400709
313	31163402324	عبدالاله الاسمر محمد الفريجى الرويلى	2011-11-05	t	11	قطر	13	ABDULELAH ALASMAR M A AL-RUAILE	31163402324	f	9	2			الاسمر محمد فريح الفريجى الرويلى	أب	66744763			25063400177
314	31063401999	عبدالرحمن جمال عتاب جفال فراج	2010-08-04	t	11	قطر	15	ABDULRAHMAN JAMAL E J FARRAJ	31063401999	f	9	2			جمال عتاب جفال شاهر فراج	أب	55088815	33979511		28163402831
315	30863403277	عبدالعزيز شجاع منوخ الشلاقى الشمرى	2008-06-18	t	11	قطر	17	ABDULAZIZ SHUJAA M A AL-SHAMARI	30863403277	f	9	2			شجاع منوخ ردعان الشلاقى الشمرى	أب	50862898			27663402990
316	31288600152	عبدالعزيز فهد سعيد صالح الضبيع	2012-03-31	t	11	اليمن	13	ABDULAZIZ FAHAD SAEED SALEH ALDOBAIA	31288600152	f	9	2			فهد سعيد صالح على الضبيع	أب	55521789		Fahad700q@yahoo.com	27588600014
317	31188600182	عبدالعزيز محمد ناجي أحمد الجعل	2011-06-16	t	11	اليمن	14	ABDULAZIZ MOHAMED N A ALGAL	31188600182	f	9	2			محمد ناجي أحمد الجعل	أب	55489403			27088600002
318	31163404913	عبدالهادى عواد مخلف الفريجى الرويلى	2011-09-22	t	11	قطر	14	ABDULHADI AWAD M A AL-ROWAILI	31163404913	f	9	2			عواد مخلف نزال الفريجى الرويلى	أب	66808731			24963400075
319	31163405847	على عبدالله حمد عمر الغياثين	2011-10-20	t	11	قطر	13	ALI ABDULLA H O AL-GHAYATHIN	31163405847	f	9	2			عبدالله حمد عمر جابر الغياثين	أب	55006161			27763400579
320	30668200185	عوضه سعيد على البريص المرى	2006-09-07	t	11	قطر	19	OUDAH SAEED A A ALMARRI	30668200185	f	9	2			سعيد على سعيد البريص المرى	أب	66774442		s.almarri01105@education.qa	28063402754
321	31163406372	غيث رضيمان حسين الشلاقى الشمرى	2011-03-12	t	11	قطر	14	GHAITH RODAYMAN H A AL-SHAMARI	31163406372	f	9	2			رضيمان حسين زاكى الشلاقى الشمرى	أب	55851699			27363400534
322	31163400742	فهد على معيض ال غازى الاحبابى	2011-01-31	t	11	قطر	14	FAHAD ALI M A AL-AHBABI	31163400742	f	9	2			على معيض على ال غازى الاحبابى	أب	33898641			26768200015
323	31136800044	فيصل على جاسم محمد شيبو	2011-08-19	t	11	العراق	14	FASISLL ALI JASSIM MOHAMMED SHIBO	31136800044	f	9	2			على جاسم محمد شيبو	أب	55075207		blackmoor770@gmail.com	28663400666
324	31163403270	مبخوت على جابر النجم المرى	2011-04-30	t	11	قطر	14	MABKHOUT ALI J A AL-MARRI	31163403270	f	9	2			على جابر على النجم المرى	أب	55000170	66877056		24463400016
325	31170600003	محمد ابراهيم موسى يوسف	2011-01-27	t	11	الصومال	14	MAHAMED IBRAHIM MUSA YUSUF	31170600003	f	9	2			ابراهيم موسى يوسف	أب	66617440			27270600005
326	31163402212	محمد عامر محمد طفله المرى	2011-10-05	t	11	قطر	14	MOHAMMED AMER M T AL-MARRI	31163402212	f	9	2			عامر محمد على طفله المرى	أب	77217711			28763400710
327	31163406832	محمد عويضه بخيت عويضه العذبه	2011-05-18	t	11	قطر	14	MOHAMMED OWAIDA B O AL-ATHBA	31163406832	f	9	2			عويضه بخيت عويضه هلال العذبه	أب	50144099			27863401630
328	31263400497	محمد معيض حمد عمر الغياثين	2012-05-01	t	11	قطر	13	MOHAMMED MEAID H O AL-GHAYATHIN	31263400497	f	9	2			معيض حمد عمر جابر الغياثين	أب	55892292			28163400014
329	31263403185	ناصر حمدان عواد الثنيان الشمرى	2012-05-24	t	11	قطر	13	NASSER HAMDAN A A AL-SHAMARI	31263403185	f	9	2			حمدان عواد فهد الثنيان الشمرى	أب	55845566			28163400407
330	31188600183	احمد محضار ثابت احمد منصر	2011-06-21	t	12	اليمن	14	AHMED MEHDHAR THABET AHMED MUNASAR	31188600183	f	9	3			محضار ثابت احمد منصر	أب	55282567		alimalsaadi95@gmail.com	27688600280
331	31163405556	ثامر عبدالله سراى الغازى الشمرى	2011-10-10	t	12	قطر	13	THAMER ABDULLA S G AL-SHAMMARI	31163405556	f	9	3			عبدالله سراى فالح الغازى الشمرى	أب	66002121	66088105		28563402287
332	31163406219	جابر حمد على جرحب المرى	2011-09-24	t	12	قطر	14	JABER HAMAD A J ALMARRI	31163406219	f	9	3			شرعه مبارك بطى هاجد الدوسرى	أم	77764434			28663402372
333	31088600222	حمد فواد محمد علي صالح	2010-06-07	t	12	اليمن	15	HAMAD FUAD MOHAMED ALI SALEH	31088600222	f	9	3			فواد محمد علي صالح	أب	55981779			27888600196
334	31163400244	حمد محمد ناصر المفقاعى الهاجرى	2011-01-20	t	12	قطر	14	HAMAD MOHAMED N A AL-HAJRI	31163400244	f	9	3			محمد ناصر محمد المفقاعى الهاجرى	أب	66680668			27863401145
335	31163404032	حمود بدر حمود الفريجى الرويلى	2011-11-08	t	12	قطر	13	HOMOUD BADR H F AL-REWAILI	31163404032	f	9	3			بدر حمود جليبط الفريجى الرويلى	أب	77354100	55475504	badrqtr1983@gmail.com	28363401258
336	31163403780	سالم فهيد محمد الرويعي الدوسري	2011-07-28	t	12	قطر	14	SALEM FEHAID M A AL-DOSARI	31163403780	f	9	3			فهيد محمد مرضي الرويعي الدوسري	أب	55541777	55008084		27363401229
337	30963405325	سعيد زايد غانم الخيارين الهاجري	2009-08-23	t	12	قطر	16	SAEED ZAYED G A AL-HAJRI	30963405325	f	9	3			زايد غانم محمد الخيارين الهاجري	أب	33888900			27963402389
338	31188600287	سيف يحيى علي مبارك	2011-07-27	t	12	اليمن	14	SAIF YAHYA ALI MUBARAK	31188600287	f	9	3			ربيعة حسين مبارك الكربى	أم	55844883	44718212	r2-qatar@hotmail.com	28988600378
339	30876000305	صقر خميس الجاسم	2008-06-14	t	12	الجمهورية العربية السورية	17	SAKER KHAMIS ALJASEM	30876000305	f	9	3			خميس محمد الجاسم	أب	55342655			28176001388
340	31163401198	عبدالعزيز حمد محمد الشراب القرح	2011-08-03	t	12	قطر	14	ABDULAZIZ HAMAD M S AL-QORH	31163401198	f	9	3			حمد محمد على الشراب القرح	أب	66077607			26863400984
341	31163405584	عبدالله سعيد بطى ال حسناء المرى	2011-09-24	t	12	قطر	14	ABDULLA SAEED B A AL-MARRI	31163405584	f	9	3			سعيد بطى محمد ال حسناء المرى	أب	55885188			28463403872
342	31273601183	عبدالله عبيد عبدالرحيم الدبس	2012-01-08	t	12		13	ABDULLAH OBEID ABD ALRHEEM ALDEBES	31273601183	f	9	3			عبيد عبدالرحيم الدبس	أب	235504	70324774	o.aldebs0908@education.qa	27673601430
343	30963406866	عرنان على عرنان الشبيبه الرويلى	2009-12-29	t	12	قطر	15	ARNAN ALI A A AL-ROWAILI	30963406866	f	9	3			على عرنان عواد الشبيبه الرويلى	أب	50063926	33080611		28463400680
344	31163400698	على خالد على حمد القوز	2011-02-15	t	12	قطر	14	ALI KHALED A H ALQOUZ	31163400698	f	9	3			خالد على حمد عبيد القوز	أب	66148377	55601949		27163401245
345	31181803245	عمار ابراهيم السيد ابراهيم محمد	2011-02-04	t	12	مصر	14	AMMAR MOHAMED	31181803245	f	9	3			مياده حمدي عبدالفتاح محمد	أم	77161862		m.mohamed0101135@education.qa	28881804871
346	30668200209	فهاد مرداس محمد الدوسري	2006-02-12	t	12	السعودية	19	FAHAD MERDAS M ALDOSARI	30668200209	f	9	3			سدره ريمان محمد فهاد الدوسرى	أم	66606462	33940440		27763402984
347	31063404014	فيصل فالح مبارك المفقاعى الهاجرى	2010-06-30	t	12	قطر	15	FAISAL FALEH M M AL-HAJRI	31063404014	f	9	3			فالح مبارك سيف المفقاعى الهاجرى	أب	55911775			26363400418
348	31168200178	فيصل متعب دبي الشلاقي	2011-12-27	t	12	السعودية	13	FAISAL MUTEB D  ALSHALLAQI	31168200178	f	9	3			جميل كتيم ربيعان الشلاقى الشمرى	أب	55558226	55456749	jkalshammari@qf.org.qa	27663401622
349	31163405523	فيصل مشرف غانم فايز الشمرى	2011-07-25	t	12	قطر	14	FAISAL MESHREF G F AL-SHAMMARI	31163405523	f	9	3			مشرف غانم فايز طلاب الشمرى	أب	31459013			28163402986
350	31181800392	كريم احمد متولى الهلالى متولى	2011-04-17	t	12	مصر	14	KAREAM AHMED METWALY	31181800392	f	9	3			دينا ابراهيم سعد عمر عجاج	أم	70048869		d.aggag1510@education.qa	28981801888
351	30963402418	ماجد سعد عارف الرمالى الشمرى	2009-05-23	t	12	قطر	16	MAJED SAAD A A AL-SHAMARI	30963402418	f	9	3			سعد عارف ماجد الرمالى الشمرى	أب	55022088			28463402503
352	30768200088	متعب علي احمد الشمري	2007-04-05	t	12	السعودية	18	MUTEB ALI A ALSHAMMARI	30768200088	f	9	3			مها فلاح دويدح خلف الشمرى	أم	33844517			28363400093
353	31076000592	محمد احمد جفال	2010-10-09	t	12	دومينيكا	14	MOHAMED AHMED JAFFAL	31076000592	f	9	3			عمار فريج الاحمد الجفال	أب	55999809		mohd.kh@outlook.com	28276000305
354	31163407182	محمد احمد محيلان نزال الرويلى	2011-12-24	t	12	قطر	13	MOHAMMED AHMAD M N AL-RUWAILI	31163407182	f	9	3			ايمان فرحان نومان الهادى العنزى	أب	50911555		e.al-enazi1711@education.qa	28663402617
355	31168200141	محمد حمود راضى الرويلى	2011-03-11	t	12	السعودية	14	MOHAMMED HAMOUD R ALRAWAILI	31168200141	f	9	3			حمود راضى معلف الفريجي الرويلي	أب	66888104			27868200116
356	31163406317	محمد سلطان مهاوش الفريجى الرويلى	2011-03-11	t	12	قطر	14	MOHAMMED SULTAN M A ALRUWELI	31163406317	f	9	3			سلطان مهاوش دربى الفريجى الرويلى	أب	55442705	33531328		28663404172
357	31163402734	محمد عبدالرحمن حنيف محمد محمد	2011-06-06	t	12	قطر	14	MOHAMMED ABDULRAHMAN H M MOHAMED	31163402734	f	9	3			عبدالرحمن حنيف محمد هلال محمد	أب	33332643			28263402139
358	31163401438	محمد مبارك محمد راشد القرنيق	2011-03-16	t	12	قطر	14	MOHAMMED MUBARAK M R AL-QERNAIQ	31163401438	f	9	3			مبارك محمد راشد على القرنيق	أب	50770004		Mubarak707@yahoo.com	27863400163
359	31151200277	مروان عيسى علي مسعود الخلاصي	2011-07-31	t	12	سلطنة عمان	14	MARWAN ISSA A M ALKHALASI	31151200277	f	9	3			عيسى علي مسعود الخلاصي	أب	55816197		bintsaidmajid@gmail.com	28151200350
360	30863403808	نمر هزاع مناحى هزاع العنزى	2008-07-30	t	12	قطر	17	NEMER HAZZAA M H AL-ANZI	30863403808	f	9	3			هزاع مناحى هزاع على العنزى	أب	55036559			27663400562
361	31263407239	يوسف عبدالله جديع الفريجى الرويلى	2012-11-19	t	12	قطر	12	YOUSEF ABDULLA J A ALREWAILY	31263407239	f	9	3			عبدالله جديع ربيع الفريجى الرويلى	أب	55365020			28063400298
362	31163402994	يوسف عبدالله فالح ال تواه الهاجرى	2011-02-19	t	12	قطر	14	YOUSUF ABDULLA F T AL-HAJRI	31163402994	f	9	3			عبدالله فالح سفر ال تواه الهاجرى	أب	60806665	60002442, 66806665, 66037080		28263400861
363	31063401036	احمد خالد احمد الرقيصى الكربى	2010-02-26	t	13	قطر	15	AHMAD KHALID A R AL-KARBI	31063401036	f	9	4			خالد احمد محمد الرقيصى الكربى	أب	55539054		khalid.korbi87@gmail.com	28763400694
364	31181803365	احمد عماد يحيى العبسي نوح	2011-08-20	t	13	مصر	14	AHMED NOUH	31181803365	f	9	4			عماد يحيى محمد العبسي نوح	أب	70475475	74716995	e.nouh0501@education.qa	27881808198
365	31073600719	اسعد منتصر احمدالطيب الا حمر	2010-10-11	t	13	السودان	14	ASAAD ALAHMAR	31073600719	f	9	4			منتصر احمد الطيب الاحمر	أب	55254696	33438597	montaser.1975@hotmail.com	27573600034
366	31163407455	تركى خالد احمد الرقيصى الكربى	2011-11-10	t	13	قطر	13	TURKI KHALID A R AL-KARBI	31163407455	f	9	4			خالد احمد محمد الرقيصى الكربى	أب	55539054		khalid.korbi87@gmail.com	28763400694
367	30763404647	تميم مزعل محمد ساكت العنزى	2007-06-09	t	13	قطر	18	TAMEEM MEZAL M S AL-ENAZI	30763404647	f	9	4			مزعل محمد ساكت العنزى	أب	55489318	55850275		25863400257
368	31158600466	حمد راشد نور والى	2011-08-04	t	13	الباكستان	14	HAMAD RASHED NOOR WALI	31158600466	f	9	4			راشد نور والى	أب	55166954			27758600201
369	30763404722	حمد شجاع منوخ الشلاقى الشمرى	2007-08-14	t	13	قطر	18	HAMAD SHUJAA M A AL-SHAMARI	30763404722	f	9	4			شجاع منوخ ردعان الشلاقى الشمرى	أب	50862898			27663402990
370	31163404286	حمد عبدالعزيز سعد خليف الشمرى	2011-07-26	t	13	قطر	14	HAMAD ABDULAZIZ S K AL-SHAMARI	31163404286	f	9	4			عبدالعزيز سعد خليف دخيل الشمرى	أب	50382052			28863400081
371	31163405748	خالد طارق خلف على المحمد	2011-06-11	t	13	قطر	14	KHALID TAREQ K A ALMOHAMMED	31163405748	f	9	4			طارق خلف على محمد المحمد	أب	66662416			28663400667
372	31163405615	راشد عبدالرحمن حمد النهاب المرى	2011-10-24	t	13	قطر	13	RASHID ABDULRAHMAN H A AL-MARRI	31163405615	f	9	4			عبدالرحمن حمد سالم النهاب المرى	أب	55669072		anahab@adlsa.gov.qa	28763402452
373	31163405677	راشد عبدالهادى راشد زيد النديله	2011-09-24	t	13	قطر	14	RASHID ABDULHADI R Z AL-NADEELA	31163405677	f	9	4			عبدالهادى راشد زيد محسن النديله	أب	33478640			28463403044
374	31151200120	سالم محمد مسعود الرحبي	2011-04-23	t	13	سلطنة عمان	14	SALIM MOHAMMED M AL RAHBI	31151200120	f	9	4			محمد مسعود عامر الرحبي	أب	55427477			27751200003
375	31163406168	سعيد عوض على البريص المرى	2011-11-13	t	13	قطر	13	SAEED AWADH A A AL-MARRI	31163406168	f	9	4			عوض على سعيد البريص المرى	أب	33869450			28263403342
376	31188600079	صالح عبدالحافظ حسين محسن	2011-03-15	t	13	اليمن	14	SALEH ABDULHAFEDH HUSSEIN MOHSEN	31188600079	f	9	4			عبدالحافظ حسين محسن عوض	أب	77544977	77182074	alqsimi-1975@hotmail.com	27588600337
377	31163405413	عايض هادى راشد حباب المظفرى	2011-05-10	t	13	قطر	14	AYED HADI R H AL-MUDAFARI	31163405413	f	9	4			هادى راشد مسعود حباب المظفرى	أب	55888366			27663400194
378	30888600064	عبدالرحمن عمر محمد احمد اليزيدى	2008-03-03	t	13	اليمن	17	ABDULRHMAN OMER MOHAMED AHMED ALYAZIDI	30888600064	f	9	4			عمر محمد احمد اليزيدى	أب	66444920	55697278	bassam.b.m@hotmail.com	27488600123
379	31063407762	عبدالله جاسم محمد الزقروطى الشمرى	2010-11-19	t	13	قطر	14	ABDULLA JASSIM M A AL-SHAMERY	31063407762	f	9	4			جاسم محمد فهد الزقروطى الشمرى	أب	50105080			27868200028
380	31163402427	عبدالله حامد رحيل الاسلمى الشمرى	2011-04-14	t	13	قطر	14	ABDULLA HAMED R A ALSHAMMARI	31163402427	f	9	4			حامد رحيل عقيل الاسلمى الشمرى	أب	55519139			27368200048
381	31163400921	عبدالله خالد جمال الرمالى الشمرى	2011-02-03	t	13	قطر	14	ABDULLA KHALID J A AL-SHAMARI	31163400921	f	9	4			خالد جمال فالح الرمالى الشمرى	أب	55838565			28663402682
382	31163401689	عبدالله ظافر راشد حباب المظفرى	2011-01-18	t	13	قطر	14	ABDULLA DAFER R H AL-MUDAFARI	31163401689	f	9	4			ظافر راشد مسعود حباب المظفرى	أم	55844441			26963401091
383	31163400941	عبدالله نويصر عواد الفريجى الرويلى	2011-03-03	t	13	قطر	14	ABDULLA NUWAISER A A AL-ROWAILI	31163400941	f	9	4			نويصر عواد مخلف الفريجى الرويلى	أب	55594669	66200739		28563400173
384	31088600733	عمرو سالم محمد البحسني	2010-09-06	t	13	اليمن	15	AMR ALBAHSANI	31088600733	f	9	4			سالم محمد عوض  البحسنى	أب	60022442			29088600511
385	31163404081	فالح ابراهيم فالح ال تواه الهاجرى	2011-08-19	t	13	قطر	14	FALEH IBRAHIM F T AL-HAJRI	31163404081	f	9	4			ابراهيم فالح سفر ال تواه الهاجرى	أب	66061705			28463400670
386	31163404826	فهد ماضى عبدالله السويدى الشمرى	2011-09-21	t	13	قطر	14	FAHAD MADHI A A ALSHAMMARI	31163404826	f	9	4			ماضى عبدالله ماضى السويدى الشمرى	أب	55463221			25968200035
387	31163403815	فيصل مسعود محمد ال جفران المرى	2011-07-15	t	13	قطر	14	FAISAL MASOUD M A AL-MARRI	31163403815	f	9	4			مسعود محمد راشد ال جفران المرى	أب	55555874			27363400246
388	31163404656	محمد جابر مبارك الفاران المرى	2011-09-09	t	13	قطر	14	MOHAMMED JABIR M A AL-MARRI	31163404656	f	9	4			جابر مبارك صالح الفاران المرى	أب	33601943			28763403518
389	31163406040	محمد راشد على الخلوى النعيمى	2011-09-22	t	13	قطر	14	MOHAMMED RASHID A K AL-NAEMI	31163406040	f	9	4			راشد على راشد الخلوى النعيمى	أب	55522254	66653789	Qatari_rashid@yahoo.com	27363400967
390	31158600829	محمد سليمان زاهدرحمن	2011-09-25	t	13	الباكستان	14	MUHAMMADSULAIMAN ZAHEDRAHMAN	31158600829	f	9	4			زاهدرحمن خوجال خان	أب	66346644			28058600797
391	31168200272	محمد عبدالله مسفر الدوسري	2011-07-27	t	13	السعودية	14	MOHAMMED ABDULLAH M ALDOSARI	31168200272	f	9	4			عبدالله مسفر عبدالله ال ناهش الدوسري	أب	55416378			26568200106
392	31105000029	محمد محبوب الرحمن عبدالرشيد	2011-03-14	t	13	بنغلاديش	14	MOHAMMED MAHBUBUR RAHMAN ABDUR RASHID	31105000029	f	9	4			محبوب الرحمن عبدالرشيد	أب	55753189	55986290		27305002794
393	31163402744	مشارى عيد عرنان الشبيبه الرويلى	2011-07-06	t	13	قطر	14	MASHARI EID A A AL-ROWAILI	31163402744	f	9	4			عيد عرنان عواد الشبيبه الرويلى	أب	66332296			28763400687
394	31063405206	مشعل سعيد مبارك الجربوعى المرى	2010-03-10	t	13	قطر	15	MESHAAL SAEED M A ALMARRI	31063405206	f	9	4			سعيد مبارك حمد الجربوعى المرى	أب	50877402	55509522		28663402946
395	31136800054	نواف فواز خلف ظبيان مجول	2011-12-06	t	13	العراق	13	NAWAAF FAWAZ KALAF THUBIAN MIJWIL	31136800054	f	9	4			فواز خلف ظبيان الزكروطي	أب	30022114	30823828	faz-1979@hotmail.com	27936800004
397	31073600347	ابراهيم عبدالعزيز محمد عبدالله عبدالعزيز	2010-12-08	t	14	السودان	14	IBRAHIM ABDELAZIZ MOHAMED ABDALLA ABDELAZIZ	31073600347	f	10	1			عبدالعزيز محمد عبدالله عبدالعزيز	أب	55069900	66063150	khatabb@hotmail.com	25473600512
396	31088600395	علي احمد ناجى حسين حصيان	2010-11-25	t	45	اليمن	14	ALI AHMED N H HASAYAN	31088600395	t	9	09/ESE			احمد ناجى حسين حصيان	أب	55522341			26788600103
398	30863405904	بخيت سالم بخيت الجربوعى المرى	2008-10-15	t	14	قطر	16	BAKHIT SALEM B A ALMARRI	30863405904	f	10	1			سالم بخيت جابر الجربوعى المرى	أب	55473671			27863401992
399	31058601942	بلال عبدالرحمن	2010-03-29	t	14	الباكستان	15	BILAL ABDUR RAHMAN	31058601942	f	10	1			عبدالرحمن عبدالله	أب	66563466			26858601117
400	30863403798	تركى محمد عواد الثنيان الشمرى	2008-01-08	t	14	قطر	17	TURKI MOHAMED A A AL-SHEMARI	30863403798	f	10	1			محمد عواد فهد الثنيان الشمرى	أب	55835566		nawawal77@gmail.com	27663401357
401	31063403654	تركى مهاوش عياده الوبيرى الشمرى	2010-07-18	t	14	قطر	15	TURKI MUHAWISH E A AL-SHAMMARI	31063403654	f	10	1			مهاوش عياده قحار الوبيرى الشمرى	أب	66678988	33934371		24968200020
402	31063403132	جاسم محمد عايد صبر خلف	2010-06-27	t	14	قطر	15	JASSIM MOHAMMED A S KHALAF	31063403132	f	10	1			محمد عايد صبر حسن خلف	أب	66021640		al_garby88@hotmail.com	28863400110
403	30963400503	حمد طالب حمد عايظ الحنزاب	2009-05-02	t	14	قطر	16	HAMAD TALIB H A AL-HENZAB	30963400503	f	10	1			سلوى خلف شنين الفريجى الرويلى	أم	55111653	33885663		28068200043
404	30963402107	حمد على مبارك جابر المرى	2009-01-28	t	14	قطر	16	HAMAD ALI M J AL-MARRI	30963402107	f	10	1			صافيه مبارك حمد الجربوعى المرى	أم	55194479	66805683	s.al-marri28072@education.qa	27563402688
405	30763401282	حمد محمود سالم عوض الشمرى	2007-03-20	t	14	قطر	18	HAMAD MAHMOUD S A ALSHAMMARI	30763401282	f	10	1			محمود سالم عوض الشمرى	أب	55550972			25463400293
406	31063404606	حمد ناصر مبارك ال حباب الهاجرى	2010-08-22	t	14	قطر	15	HAMAD NASSER M A AL-HAJRI	31063404606	f	10	1			ناصر مبارك راشد ال حباب الهاجرى	أب	33901121			28063402198
407	31068200412	سعد علي راشد المري	2010-04-08	t	14	السعودية	15	SAAD ALI R ALMARRI	31068200412	f	10	1			على راشد عبدالهادى الغفرانى المرى	أب	55109536			27568200323
408	31063402001	شافى على صالح السندوانه المرى	2010-04-26	t	14	قطر	15	SHAFI ALI S A AL-MARRI	31063402001	f	10	1			على صالح على السندوانه المرى	أب	60002774			25763400127
409	31063403159	طلال ممدوح جبر الحمادى الرويلى	2010-06-28	t	14	قطر	15	TALAL MAMDOH J A AL-ROWAILI	31063403159	f	10	1			ممدوح جبر مصافق الحمادى الرويلى	أب	66600994		bo.talal-86@hotmail.com	28663400655
410	30763406708	عبدالرحمن محمد عبدالرحمن محمد محمد	2007-12-27	t	14	قطر	17	ABDULRAHMAN MOHAMMED A M MOHAMMED	30763406708	f	10	1			محمد عبدالرحمن محمد هلال محمد	أب	55601112	33943471		28363402199
411	31163405093	عبدالرحمن محمد عبدالله البريدى المرى	2011-09-15	t	14	قطر	14	ABDULRAHMAN MOHAMMED A A AL-MARRI	31163405093	f	10	1			محمد عبدالله شينان البريدى المرى	أب	50218822	66311576		28663401929
412	30963405693	عبدالعزيز خلف على محمد المحمد	2009-04-11	t	14	قطر	16	ABDULAZIZ KHALAF A M ALMOHAMMED	30963405693	f	10	1			خلف على محمد عيد المحمد	أب	55686644			25563400555
413	31076001083	عبدالعزيز علي العلي	2010-07-22	t	14	الجمهورية العربية السورية	15	ABDULAZIZ ALALI	31076001083	f	10	1			على غانم العلي	أب	30112223		ali30113332@gmail.com	28776000083
414	31063404799	عبدالكريم مشعل محمد البريكى الشمرى	2010-05-09	t	14	قطر	15	ABDULKAREEM MESHAAL M A AL-SHAMARI	31063404799	f	10	1			الاء محمد علي احمد عبدالحسن	أم	33311660			28704800124
415	31036400069	عبدالله مسعود حسين قهوجى	2010-08-03	t	14	ايران	15	ABDULLAH MASOUD HOSSAIN GHAHVECHI	31036400069	f	10	1			مسعود حسين قهوجى	أب	50505606			27936400116
416	30963401227	عبدالله هاشم مطيف الفريجى الرويلى	2009-12-03	t	14	قطر	15	ABDULLA HASHIM M A AL-ROWAILI	30963401227	f	10	1			هاشم مطيف مطرود الفريجى الرويلى	أب	55143232		hashem-qt@hotmail.com	27163401339
417	30963405340	على راشد منصور الادقم العذبه	2009-10-15	t	14	قطر	15	ALI RASHID M A AL-ADBA	30963405340	f	10	1			راشد منصور محمد الادقم العذبه	أب	55806033	50410402		27763402839
418	31063407518	على مبارك محمد جابر فاران	2010-02-12	t	14	قطر	15	ALI MUBARAK M J FARAN	31063407518	f	10	1			مبارك محمد جابر فاران	أب	55080321	66528030		28263401226
419	30988600739	على مهدي علي  باقهيم	2009-12-07	t	14	اليمن	15	ALI MAHDI ALI  BAQHAIM	30988600739	f	10	1			مهدي علي صالح باقهيم	أب	55721094			26588600263
420	31068200334	علي سالم علي المري	2010-01-30	t	14	السعودية	15	ALI SALEM A ALMARRI	31068200334	f	10	1			سالم علي غانم آل شعفول المري	أب	66747393			26768200357
421	30976000368	غانم علي العلي	2009-05-25	t	14	الجمهورية العربية السورية	16	GANEM ALALI	30976000368	f	10	1			على غانم العلي	أب	30112223		ali30113332@gmail.com	28776000083
422	30863402767	فيصل عايد سعود محمد الشمرى	2008-05-27	t	14	قطر	17	FAISAL AYED S M ALSHAMARI	30863402767	f	10	1			عايد سعود محمد رشيد الشمرى	أب	55030053		ubs2015@hotmail.com	27663400725
423	31063405945	فيصل فهد سعود محمد الشمرى	2010-10-28	t	14	قطر	14	FAISAL FAHAD S M AL-SHAMARI	31063405945	f	10	1			فهد سعود محمد رشيد الشمرى	أب	66180027			28563400344
424	31063402033	مبارك صالح مطر ضابت الدوسرى	2010-04-15	t	14	قطر	15	MUBARAK SALEH M D ALDOSARI	31063402033	f	10	1			صالح مطر ضابت الدوسرى	أب	66511161			26963400980
425	31063407761	محمد جاسم محمد الزقروطى الشمرى	2010-11-19	t	14	قطر	14	MOHAMMED JASSIM M A AL-SHAMERY	31063407761	f	10	1			جاسم محمد فهد الزقروطى الشمرى	أب	50105080			27868200028
426	30936400248	محمد شيح محمد رئيسى	2009-11-15	t	14	ايران	15	MOHAMMAD SHIH MOHAMMAD RAEISI	30936400248	f	10	1			شيح محمد محمد رئيسي	أب	55337034	55721191	sabokzaei_1979@hotmail.com	27936400368
427	31088600168	احمد محمد احمد على العكبرى	2010-06-26	t	15	اليمن	15	AHMED MOHAMED AHMED ALI ALAKBARI	31088600168	f	10	2			محمد احمد على عمر العكبرى	أب	55257337		alakbari1967@outlook.com	26788600032
428	31076000072	احمد ياسر عبود الاحمد	2010-01-27	t	15	الجمهورية العربية السورية	15	AHMAD YASSER ABBOUD AHMAD	31076000072	f	10	2			ياسر عبود الاحمد	أب	55915531			27876000008
429	31063407025	جاسم حمد ملحان مناور الشمرى	2010-05-12	t	15	قطر	15	JASSIM HAMAD M M ALSHAMARI	31063407025	f	10	2			حمد ملحان مناور بدر الشمرى	أب	55882774			27263400142
430	31063404601	حامد خالد حامد مصول العنزى	2010-02-09	t	15	قطر	15	HAMED KHALID H M AL-ENAZI	31063404601	f	10	2			خالد حامد مصول دبيان العنزى	أب	77556636	70506006		28863400270
431	31063402729	حمد فواز عبود صالح الشمرى	2010-05-26	t	15	قطر	15	HAMAD FAWAZ A S AL-SHAMMARI	31063402729	f	10	2			فواز عبود صالح مناع الشمرى	أب	55823411		fa_alshammari@hotmail.com	28140000223
432	30988600347	خالد عوض جبران ناصر الدكدكى	2009-05-11	t	15	اليمن	16	KHALED AWAD GOBRAN NASIR ALDOKDAKEY	30988600347	f	10	2			عوض جبران ناصر الدكدكى	أب	55270426			26288600142
433	31063403083	خالد فواز دريدح الرمالى الشمرى	2010-06-24	t	15	قطر	15	KHALID FAWAZ D A AL-SHAMMARI	31063403083	f	10	2			فواز دريدح حمود الرمالى الشمرى	أب	55629726			28863400461
434	31063406766	خليفه عبدالكريم سويهج الفريجى الرويلى	2010-09-12	t	15	قطر	15	KHALIFA ABDULKARIM S A AL-RUWAILY	31063406766	f	10	2			عبدالكريم سويهج مزلوه الفريجى الرويلى	أب	55998066			28363400864
435	30863405332	زايد عبدالله ظافر حمد الدوسرى	2008-11-07	t	15	قطر	16	ZAYED ABDULLA D H AL-DOSARI	30863405332	f	10	2			عبدالله ظافر حمد راشد الدوسرى	أب	55640066	55000049	Soud22.mm@gmail.com	27963402393
436	31063403396	سعود راشد فالح ال تواه الهاجرى	2010-09-07	t	15	قطر	15	SAOUD RASHID F T AL-HAJRI	31063403396	f	10	2			راشد فالح سفر ال تواه الهاجرى	أب	55671474			27763400728
437	31063401857	سلطان احمد جليل القعيقعى الرويلى	2010-04-16	t	15	قطر	15	SULTAN AHMED J A AL-RUWAILI	31063401857	f	10	2			احمد جليل محيميد القعيقعى الرويلى	أب	55763335		al7kmh55@hotmail.com	28663400271
438	31063402495	صالح ماجد صالح الفريجى الرويلى	2010-05-25	t	15	قطر	15	SALEH MAJED S A AL-REWAILY	31063402495	f	10	2			ماجد صالح فلاح الفريجى الرويلى	أب	55833199			28463400191
439	31163404869	عادل فواز دريدح الرمالى الشمرى	2011-09-25	t	15	قطر	14	ADEL FAWAZ D A AL-SHAMMARI	31163404869	f	10	2			فواز دريدح حمود الرمالى الشمرى	أب	55629726			28863400461
440	30968200234	عبدالرحمن مشهور عوض العنزي	2009-11-08	t	15	السعودية	15	ABDULRAHMAN MASHOOR A ALENAZI	30968200234	f	10	2			رضوه حسين حامد المرعضى الرويلى	أم	55034085	66809243, 33878039	r.al-rowaili2903@education.qa	27363401754
441	31076000620	عبدالله زيدان المحمود	2010-08-31	t	15	الجمهورية العربية السورية	15	ABD ALLAH ZIDAN ALMAHMOUD	31076000620	f	10	2			مشعل زيدان المحمود	أب	50001899	55796420		28676000076
442	31063403150	عبدالله سعد سالم محمد النابت	2010-06-27	t	15	قطر	15	ABDULLA SAAD S M AL-NABIT	31063403150	f	10	2			سعد سالم محمد فريج النابت	أب	55057582		s.al-nabit1108@education.qa	27763400589
443	31063403198	عبدالله فايز مناحى سعد الهاجرى	2010-06-24	t	15	قطر	15	ABDULLA FAYEZ M S AL-HAJRI	31063403198	f	10	2			فايز مناحى سعد الهاجرى	أب	55142411	55868783		26463401740
444	31063405792	عبدالله محمد عبدالله النابت المرى	2010-10-15	t	15	قطر	14	ABDULLA MOHAMMED A A AL-MARRI	31063405792	f	10	2			محمد عبدالله محمد النابت المرى	أب	66413726	55257597	a.s.n.i.r66@icloud.com	28663402687
445	30976000196	علي محسن الاحمد الجفال	2009-04-24	t	15	الجمهورية العربية السورية	16	ALI MUHSEN ALAHMEDALJAFAL	30976000196	f	10	2			محسن خليف الاحمد الجفال	أب	66138363	55592235		27576000363
446	30763403778	عواد حمد عواد الثنيان الشمرى	2007-07-27	t	15	قطر	18	AWAD HAMAD A A AL-SHAMARI	30763403778	f	10	2			حمد عواد فهد الثنيان الشمرى	أب	55727057			27963400340
447	30963401048	فهد سعود سعد المظفرى الهاجرى	2009-07-03	t	15	قطر	16	FAHAD SAUD S A AL-HAJRI	30963401048	f	10	2			سعود سعد على المظفرى الهاجرى	أب	66866006			27163402121
448	31036800020	فهد ناصر عذال الشمري	2010-08-04	t	15	العراق	15	FAHAD NASSIR A ALSHAMARI	31036800020	f	10	2			ناصر عذال لافي الشمري	أب	66273980	33751743		28336800009
449	31081803715	محمد اسامه عبدالمطلب محمد حسان	2010-10-27	t	15	مصر	14	MOHAMED OSAMA ABDELMOTALEB MOHAMED HASSAAN	31081803715	f	10	2			اسامه عبدالمطلب محمد حسان	أب	71579782		osamahassan811@yahoo.com	27581807195
450	31063403148	محمد سالم محمد الزيوح المرى	2010-06-15	t	15	قطر	15	MOHAMMED SALEM M A AL-MARRI	31063403148	f	10	2			سالم محمد سعيد الزيوح المرى	أب	50322293	55676789		28363402494
451	31036800047	محمد عبدالامير وارث لفته لفته	2010-06-26	t	15	العراق	15	MOHAMMED ABIDALLAMER W LAFTA	31036800047	f	10	2			عبدالامير وارث لفته لفته	أب	55438363			25336800031
452	31173601195	محمد عبيد عبدالرحيم الدبس	2011-01-20	t	15		14	MOHAMMAD OBEID ABD ALRHEEM ALDEBES	31173601195	f	10	2			عبيد عبدالرحيم الدبس	أب	235504	70324774	o.aldebs0908@education.qa	27673601430
453	31063403229	محمد ناصر بندر الربيعه الشمرى	2010-06-30	t	15	قطر	15	MOHAMMED NASSER B A AL-SHAMARI	31063403229	f	10	2			ناصر بندر محمد الربيعه الشمرى	أب	55728295	55728294	Nasser771216@gmail.com	27763402660
454	30963406680	مسفر سعد عبدالله ال سند المسيفرى	2009-10-23	t	15	قطر	15	MASFAR SAAD A A ALMESSAIFRI	30963406680	f	10	2			سعد عبدالله عيسى ال سند المسيفرى	أب	55553130	77189924		26463400179
455	31063402024	ناصر سعد ناصر ظافر القحطانى	2010-03-05	t	15	قطر	15	NASSER SAAD N D AL-QAHTANI	31063402024	f	10	2			سعد ناصر ظافر محمد القحطانى	أب	66053783		saadn964@gmail.com	28663400503
456	30940000685	احمد عزام احمد يوسف الزعبى	2009-10-11	t	16	الاردن	15	AHMAD AZZAM A Y ALZOUBI	30940000685	f	10	3			عزام احمد يوسف الزعبى	أب	55495326		a.alzoubi0101@education.qa	26140000267
457	31063405227	احمد فهد احمد سعود المقالح	2010-07-10	t	16	قطر	15	AHMAD FAHD A S ALMAQALEH	31063405227	f	10	3			فهد احمد سعود عبدالله المقالح	أب	55677675	55685476		28788600240
458	31147800040	احمدو الشافعي	2011-02-01	t	16	موريتانيا	14	AHMEDOU CHAVEAY	31147800040	f	10	3			محمد الامين الشافعي	أب	55781392		Chewav2010@gmail.com	27447800015
459	30958602081	امان الله رحمه الله قريشي	2009-09-09	t	16	الباكستان	16	AMAN ULLAH REHMATULLAH QURESHI	30958602081	f	10	3			رحمة الله قريشي	أب	30001715	66058422	mohdisq@yahoo.com	27958603099
460	31063402250	بندر عبيد عبيد الحراجين الدوسري	2010-11-05	t	16	قطر	14	BANDAR OBAID O A AL-DOSARI	31063402250	f	10	3			عبيد عبيد عليوي الحراجين الدوسري	أب	66425214	55777399		25468200053
461	31063405744	جابر محمد جابر بخيت اليربوعى	2010-10-23	t	16	قطر	14	JABER MOHD J B AL-YARBOEY	31063405744	f	10	3			محمد جابر بخيت محمد اليربوعى	أب	55166551			26763401018
462	31063405854	جاسم ناصر غالب ناصر الدوسرى	2010-02-11	t	16	قطر	15	JASSIM NASSER G N AL-DOSARI	31063405854	f	10	3			ناصر غالب ناصر الدوسرى	أب	55844427			27163400198
463	30963403433	حمد عبدالله محمد طفله المرى	2009-04-07	t	16	قطر	16	HAMAD ABDULLA M T AL-MARRI	30963403433	f	10	3			عبدالله محمد على طفله المرى	أب	55500185			27763402869
464	30763406557	خالد على جابر النجم المرى	2007-11-19	t	16	قطر	17	KHALID ALI J A AL-MARRI	30763406557	f	10	3			على جابر على النجم المرى	أب	55000170	66877056		24463400016
465	31063403587	سعد احمد على الضابت الدوسرى	2010-07-16	t	16	قطر	15	SAAD AHMAD A A AL-DOSARI	31063403587	f	10	3			احمد على احمد الضابت الدوسرى	أب	55504322			28163400019
466	31063400379	سعد غانم فالح ال تواه الهاجرى	2010-03-02	t	16	قطر	15	SAAD GHANIM F T AL-HAJRI	31063400379	f	10	3			غانم فالح سفر ال تواه الهاجرى	أب	55899887			27963402625
467	31163401258	سعود عبدالله ظافر حمد الدوسرى	2011-03-22	t	16	قطر	14	SAOUD ABDULLA D H AL-DOSARI	31163401258	f	10	3			عبدالله ظافر حمد راشد الدوسرى	أب	55640066	55000049	Soud22.mm@gmail.com	27963402393
468	30763402569	سعود فايز غانم فايز الشمرى	2007-04-20	t	16	قطر	18	SAOUD FAYZ G F AL-SHAMMARI	30763402569	f	10	3			فايز غانم فايز طلاب الشمرى	أب	77324291			27963402694
469	30963404790	عادل عايد عياده الشلاقى الشمرى	2009-09-18	t	16	قطر	16	ADEL AYED E A ALSHAMMARI	30963404790	f	10	3			عايد عياده سليمان الشلاقى الشمرى	أب	55002777	55717754		26968200157
470	31063401072	عبدالعزيز محمد ملاش ندو الدخيل	2010-04-03	t	16	قطر	15	ABDULAZIZ MOHAMMED M N ALDIKHEL	31063401072	f	10	3			محمد ملاش ندو اسمر الدخيل	جد	55551434	55781808		28463400074
471	31184000200	عبدالله احمد احمد القضيب	2011-09-13	t	16	الولايات المتحدة	14	ABDULLAH AHMED AHMED ALQADEEB	31184000200	f	10	3			احمد احمد على القضيب	أب	55430760		alq3iti@hotmail.com	27188600050
472	31063406257	عبدالله فيصل جليل القعيقعى الرويلى	2010-03-10	t	16	قطر	15	ABDULLA FAISAL J A AL-RUWAILI	31063406257	f	10	3			فيصل جليل محيميد القعيقعى الرويلى	أب	66076603	33322641	f.al-ruwaili0904@education.qa	28463400225
473	30858600076	عبدالله محمد علم محمد يوسف	2008-10-02	t	16	الباكستان	17	ABDULLA MOHAMMAD ALAM MOHAMMAD YOUSAF	30858600076	f	10	3			محمد علم محمد يوسف	أب	55400001	55225027	malam00001@gamil.com	27858600534
474	30963401297	على صالح على ال سندوانه المرى	2009-03-26	t	16	قطر	16	ALI SALIH A S AL-MARRI	30963401297	f	10	3			صالح على سعيد ال سندوانه المرى	أب	33310850			28563400888
475	30988600538	فالح ناصر احمد الغياثي	2009-03-04	t	16	اليمن	16	FALIH ALGHAIATHI	30988600538	f	10	3			ناصر احمد عبدالالة الغياثي	أب	55994960	33657625		27388600149
476	31063403781	فهد محسن عبدالله ال نديله المرى	2010-07-25	t	16	قطر	15	FAHAD MEHSIN A N ALMARRI	31063403781	f	10	3			محسن عبدالله زيد ال نديله المرى	أب	77077322	50547641		27063400025
477	31063403831	فهد نايف صالح الفريجى الرويلى	2010-07-27	t	16	قطر	15	FAHAD NAYEF S A AL-REWAILY	31063403831	f	10	3			نايف صالح فلاح الفريجى الرويلى	أب	55114401			28863400281
478	31063403950	فيصل عبدالله جليل القعيقعى الرويلى	2010-09-07	t	16	قطر	15	FAISAL ABDULLA J A AL-RUWAILI	31063403950	f	10	3			عبدالله جليل محيميد القعيقعى الرويلى	أب	55689995			27963400178
479	31063402362	محمد مبارك مشعى بنجر الدوسرى	2010-01-05	t	16	قطر	15	MOHAMMED MUBARAK M B AL-DOSARI	31063402362	f	10	3			مبارك مشعى بنجر شايع الدوسرى	أب	77785877	77953270	ubs2015@hotmail.com	28663400657
480	31063407311	محمد مسفر عشق ال ظافر الحبابى	2010-12-24	t	16	قطر	14	MOHAMMED MUSFER A A ALHABABI	31063407311	f	10	3			مسفر عشق على ال ظافر الحبابى	أب	55808988	30447755, 72010020		27168200123
481	31063405365	منصور صالح محسن خالد الكربى	2010-05-10	t	16	قطر	15	MANSOUR SALEH M K AL-KURBI	31063405365	f	10	3			صالح محسن خالد الكربى	أب	55832216			26063400658
482	30963405994	نايف ماجد نايف هايس الشمرى	2009-11-13	t	16	قطر	15	NAYEF MAJED N H AL-SHAMMARI	30963405994	f	10	3			ماجد نايف هايس دباس الشمرى	أب	66696626			28763400059
483	31063407521	نايف يوسف نايف العليانى الشمرى	2010-11-18	t	16	قطر	14	NAYEF YOUSUF N A AL-SHAMMARI	31063407521	f	10	3			يوسف نايف سيف العليانى الشمرى	أب	66669329			28463400108
484	31068200333	نواف مفرح قفعان الرويلي	2010-03-16	t	16	السعودية	15	NAWAF MOFAREH K ALRUWALIL	31068200333	f	10	3			دلال ماشى الاسمر القعيقعى الرويلى	أم	66687125	33359427	dalal096@gmail.com	27763400992
485	31063400902	نواف ناصر احمد خلف الشمرى	2010-04-02	t	16	قطر	15	NAWAF NASSER A K AL-SHAMMARI	31063400902	f	10	3			ناصر احمد خلف دهش الشمرى	أب	66660983			28663400066
486	31047800042	الشيخ احمد حمود	2010-03-03	t	17	موريتانيا	15	HAMOUD CHEIKHAHMED	31047800042	f	10	4			سيدى عالى حمود	أب	33152269		sed2005a@gmail.com	27247800038
487	31063404868	بطى سيف محمد الجفالى النعيمى	2010-03-09	t	17	قطر	15	BATI SAIF M A AL-NAEMI	31063404868	f	10	4			سيف محمد دايل الجفالى النعيمى	أب	55261819		qatar8712@gmail.com	28063401391
488	30988600204	تميم احمد ناجى حسين حصيان	2009-12-08	t	17	اليمن	15	TAMIM AHMED N H HASAYAN	30988600204	f	10	4			احمد ناجى حسين حصيان	أب	55522341			26788600103
489	31063403277	جابر حنيف على محمد محمد	2010-06-29	t	17	قطر	15	JABER HENAIF A M MOHD	31063403277	f	10	4			حنيف على محمد هلال محمد	أب	55724130			27563401297
490	31063401138	حسن صالح حسن محمد الكربى	2010-09-02	t	17	قطر	15	HASSAN SALEH H M AL-KURBI	31063401138	f	10	4			صالح حسن محمد داحش الكربى	أب	70379564	31113538		28763402496
491	31063405965	خالد نفل تركي الساعي الهاجري	2010-10-28	t	17	قطر	14	KHALID NAFAL T A AL-HAJRI	31063405965	f	10	4			نفل تركي ناصر الساعي الهاجري	أب	55882821			27663401059
492	31063407196	سعود عبدالعزيز احمد ابراهيم الهيشان	2010-12-27	t	17	قطر	14	SAOUD ABDULAZIZ A I AL-HICHAN	31063407196	f	10	4			عبدالعزيز احمد ابراهيم عواد الهيشان	أب	50523684			29063400072
493	31040000801	سعود علا ءالدين احمد الخالدي	2010-09-26	t	17	الاردن	15	SOUD ALKHALDI	31040000801	f	10	4			علاءالدين احمد مدان الخالدى	أب	50525062			28540000171
494	31088600289	عبدالرحمن عبدالقادر عبده محسن حيدره	2010-08-17	t	17	اليمن	15	ABDULRAHMAN ABDULQADER ABDO MOHSEN HAIDARAH	31088600289	f	10	4			عبدالقادر عبده محسن حيدره	أب	30114724			26588600207
495	31088600031	عبدالرحمن محمد ناجي أحمد الجعل	2010-02-14	t	17	اليمن	15	ABDULRAHMAN MOHAMED N A ALGAL	31088600031	f	10	4			محمد ناجي أحمد الجعل	أب	55489403			27088600002
496	30988600309	عبدالرحمن ملهم عمر بكر احمد	2009-10-15	t	17	اليمن	15	ABDULRAHMAN MULHAM OMAR BAKAR AHMED	30988600309	f	10	4			ملهم عمر بكر احمد	أب	55371148	66520706		27488600179
497	31163403884	عبدالعزيز سعود على مبارك الفراج	2011-09-07	t	17	قطر	14	ABDULAZIZ SAOUD A M AL-FARRAJ	31163403884	f	10	4			سعود على مبارك سالم الفراج	أب	77787585			28463402433
498	31063404417	عبدالله مسفر حسن محمد الكربى	2010-08-28	t	17	قطر	15	ABDULLA MESFER H M AL-KURBI	31063404417	f	10	4			مسفر حسن محمد الكربى	أب	30039548			25863400213
499	30863403683	على عويضه بخيت عويضه العذبه	2008-06-29	t	17	قطر	17	ALI OWAIDA B O AL-ATHBA	30863403683	f	10	4			عويضه بخيت عويضه هلال العذبه	أب	50144099			27863401630
500	31040001714	عمر محمود عبد القادر علي	2010-04-24	t	17	الاردن	15	OMAR MAHMOUD ABEDALQADER ALI	31040001714	f	10	4			وجدان جمال محمود دراغمه	أم	70699899		w.daraghmeh0702@education.qa	28640001862
501	30963406654	مبارك سعيد مبارك الفاران المرى	2009-11-12	t	17	قطر	15	MUBARAK SAEED M A AL-MARRI	30963406654	f	10	4			سعيد مبارك صالح الفاران المرى	أب	66669891	60007661		28663404033
502	30981801804	محمد أحمد عثمان عبدالحليم	2009-02-11	t	17	مصر	16	MOHAMED AHMED OSMAN ABDELHALIM	30981801804	f	10	4			بشرى محمد علي محمد	أب	70081465		b.mohamed0302@education.qa	28181804296
503	31088600630	محمد احمد ناجي حصيان	2010-02-18	t	17	اليمن	15	MOHAMMED HASYAN	31088600630	f	10	4			احمد ناجى حسين حصيان	أب	55522341			26788600103
504	31088600253	محمد حمود محمد علي اليزيدي	2010-08-16	t	17	اليمن	15	MOHAMED HAMOOD MOHAMED ALI ALYAZIDE	31088600253	f	10	4			حمود محمد علي اليزيدي	أب	55747535			27788600310
505	30981804752	محمد عبدالمجيد محمود محمد بحر	2009-07-11	t	17	مصر	16	MOHAMED BAHR	30981804752	f	10	4			مبروكه صلاح عبدالهادى البلكيمي	أم	30224319		m.elbalkimi0101@education.qa	27981811086
506	30936800026	محمد على جاسم محمد شيبو	2009-10-05	t	17	العراق	16	MOHAMMAD ALI JASSIM MOHAMMED SHIBO	30936800026	f	10	4			على جاسم محمد شيبو	أب	55075207		blackmoor770@gmail.com	28663400666
507	31081804418	محمد ياسر سعد ياسين	2010-02-23	t	17	مصر	15	MOHAMED YASSIN	31081804418	f	10	4			ياسر سعد يس ابوالحسن	أب	55664438	77209581		27781802000
508	30968200071	مسفر مهدي علي ال سالم	2009-02-04	t	17	السعودية	16	MESFER MAHDI A AL SALEM	30968200071	f	10	4			مهدى على عريج ال سالم	أب	55454331	55745820		26268200170
509	30888600369	مشعل عبدالله احمد صالح عاطف	2008-09-15	t	17	اليمن	17	MISHAL ABDULLAH AHMED SALEH ATTAIF	30888600369	f	10	4			عبدالله احمد صالح عاطف	أب	77131575	55131575		28388600261
510	31063402002	ناصر جمال عتاب جفال فراج	2010-08-04	t	17	قطر	15	NASSER JAMAL E J FARRAJ	31063402002	f	10	4			جمال عتاب جفال شاهر فراج	أب	55088815	33979511		28163402831
511	31063403261	نايف محمد على انديله المرى	2010-06-28	t	17	قطر	15	NAYEF MOHAMMED A A AL-MARRI	31063403261	f	10	4			نوره راشد محسن البحيح المري	أم	55380686			27268200118
512	31063407834	هادى على راشد الكدادى الهاجرى	2010-07-18	t	17	قطر	15	HADI ALI R A AL-HAJRI	31063407834	f	10	4			عمشاء زيد بندر  الشمري	أم	55727715			27568200266
513	31063402564	وادى عبدالعزيز وادى مسرهد الشمرى	2010-01-06	t	17	قطر	15	WADI ABDULAZIZ W M AL-SHAMARI	31063402564	f	10	4			عبدالعزيز وادى مسرهد كساب الشمرى	أب	55700052	33983314	azooz55700052@hotmail.com	28663403921
514	30981803835	ياسين محمد سليمان محمد سليمان	2009-06-25	t	17	مصر	16	YASEEN SOLAYMAN	30981803835	f	10	4			منى علي عبدالغني محمد	أم	70778860	30150246	m.mohamad0507@education.qa	28181809752
515	31081803481	يوسف محمد سعيد يسين	2010-03-24	t	17	مصر	15	YOUSSEF YASSIN	31081803481	f	10	4			فاتن عبدالنبي بدوي ابوالحسن	أم	77249484		f.hassan2704@education.qa	28681805658
516	30963404454	احمد سلطان جليل القعيقعى الرويلى	2009-04-09	t	18	قطر	16	AHMAD SULTAN J A AL-RUWAILI	30963404454	f	11-Science	1			سلطان جليل محيميد القعيقعى الرويلى	أب	55841625			27463400570
517	30888600397	أحمد ناجي علي محمد الجعل	2008-11-16	t	18	اليمن	16	AHMAD NAJI ALI MOHAMED ALJAAL	30888600397	f	11-Science	1			ناجي علي محمد صالح الجعل	أب	55573977	66487756		26888600005
518	30958600286	جاسم انورشاه ظواهرشاه	2009-02-03	t	18	الباكستان	16	JASSIM ANWARSHAH ZAWAHIRSHAH	30958600286	f	11-Science	1			انورشاه ظواهرشاه	أب	55338832	50965976, 70088424, 66590490	afridianwarshah@gmail.com	27658600226
519	30951200169	حمد سالم جمعه سالم الراجحي	2009-12-09	t	18	سلطنة عمان	15	HAMED SALIM J S ALRAJHI	30951200169	f	11-Science	1			سالم جمعه سالم حمد الراجحي	أب	55161199			26351200016
520	30840000723	حمد سامر عبدالعزيز العتيبي	2008-08-10	t	18	الاردن	17	HAMAD SAMER ABED ALAZIZ ALOTAIBI	30840000723	f	11-Science	1			سامر عبدالعزيز يوسف العتيبي	أب	55211455			27640000348
521	30968200191	حمد محمد حمد الجهني	2009-05-23	t	18	السعودية	16	HAMAD MOHAMMED H AL JOHANI	30968200191	f	11-Science	1			عزيزه سعود عواد متروك الجهني	أم	55857049	55605725		28363401975
522	30988600261	حمد محمد حيدر حسن الريمى	2009-09-25	t	18	اليمن	16	HAMAD MOHAMMED HAIDAR HASAN ALRAIMI	30988600261	f	11-Science	1			محمد حيدر حسن الريمى	أب	65105846	55058600		27488600402
523	30963401380	حنيف عبدالرحمن حنيف محمد محمد	2009-03-17	t	18	قطر	16	HENAIF ABDULRAHMAN H M MOHAMED	30963401380	f	11-Science	1			عبدالرحمن حنيف محمد هلال محمد	أب	33332643			28263402139
524	30988600056	خالد محمد على اليزيدى	2009-02-21	t	18	اليمن	16	KHALED MOHAMED ALI ALYAZIDI	30988600056	f	11-Science	1			محمد على احمد اليزيدى	أب	55639667			26488600028
525	30976000349	سامي غازى اسعد الحمد	2009-09-13	t	18	الجمهورية العربية السورية	16	SAMI GHAZI ALHAMD	30976000349	f	11-Science	1			غازى اسعد الحمد	أب	66796899			28076000482
526	30981805479	صلاح حمدى صلاح حسن امين	2009-03-29	t	18	مصر	16	SALAH HAMDI SALAH HASSAN AMIN	30981805479	f	11-Science	1			حمدى صلاح حسن امين	أب	77069728		hamdi.salah80@Gmail.com	28081803118
527	30981801179	عاصم حماده ابوشكر غزالى نزلاوى	2009-08-25	t	18	مصر	16	ASEM HAMADA ABOUSHOKR GHAZALI NAZLAWI	30981801179	f	11-Science	1			حماده ابوشكر غزالى نزلاوى	أب	77991353	70456288		26881801428
528	30963404594	عبدالرحمن نويصر عواد الفريجى الرويلى	2009-09-23	t	18	قطر	16	ABDULRAHMAN NUWAISER A A AL-ROWAILI	30963404594	f	11-Science	1			نويصر عواد مخلف الفريجى الرويلى	أب	55594669	66200739		28563400173
529	31081800793	عبدالعزيز احمد عبدالعزيز جامع مرسى	2010-05-20	t	18	مصر	15	ABDULAZIZ AHMED MOURSI	31081800793	f	11-Science	1			احمد عبدالعزيز جامع مرسى	أب	55655905	44326723	a.moursi2608@education.qa	27481802266
530	30976000082	عبدالعزيز ناصر الخلف	2009-10-01	t	18	الجمهورية العربية السورية	16	ABDULAZIZ NASER KALAF	30976000082	f	11-Science	1			ناصر زغير الخلف	أب	55872461		azk2013_83@hotmail.com	27976000281
531	30970600059	عبدالله احمد ابشر	2009-09-26	t	18	الصومال	16	ABDALLA AHMED ABSHIR	30970600059	f	11-Science	1			احمد ابشر عنب	أب	55204123			27670600094
532	30988600266	عبدالله محمد احمد صالح صالح	2009-09-18	t	18	اليمن	16	ABDALAH MOHAMMED A S SALEH	30988600266	f	11-Science	1			محمد احمد صالح صالح	أب	55677903	50044418		27588600313
533	30973600490	عمر حسن على حسن كمبال	2009-09-09	t	18	السودان	16	OMER HASAN ALI KAMBAL	30973600490	f	11-Science	1			حسن على حسن كمبال	أب	55528271			27173600486
534	30981802798	فاروق مجدى فاروق حامد احمد	2009-03-20	t	18	مصر	16	FAROK MAGDI FAROUK HAMED AHMED	30981802798	f	11-Science	1			مجدى فاروق حامد احمد	أب	30598686			27581800128
535	30870600069	محمد احمد ابشر	2008-02-04	t	18	الصومال	17	MOHAMED AHMED ABSHIR	30870600069	f	11-Science	1			احمد ابشر عنب	أب	55204123			27670600094
536	30988600276	محمد حسن سالم محمد سالم	2009-09-28	t	18	اليمن	16	MOHAMD HASSAN SALEM MOHAMED SALEM	30988600276	f	11-Science	1			حسن سالم محمد سالم	أب	55648828			27588600322
537	30973600452	محمد عاصم محمد ابراهيم محمد	2009-02-09	t	18	السودان	16	MOHAMED ASIM MOHAMED IBRAHIM MOHAMEED	30973600452	f	11-Science	1			عاصم محمد ابراهيم محمد	أب	55758688	55857581		26973600212
538	30988600504	محمد على محمد البعدانى	2009-10-01	t	18	اليمن	16	MOHAMMED ALBAADANI	30988600504	f	11-Science	1			على محمد على ناصر البعدانى	أب	70073516	77237191		27988600424
539	30976000701	محمد عليان العبد	2009-01-01	t	18	الجمهورية العربية السورية	16	MOHAMMAD ALABED	30976000701	f	11-Science	1			عليان هلال العبد	أب	66660954	33001404		26976000826
540	30936400175	محمد عمر كدخدائى	2009-08-08	t	18	ايران	16	MOHAMMAD OMAR KADKHODAEI	30936400175	f	11-Science	1			عمر ملك محمد كدخدائى	أب	55139567			28536400430
541	30981805623	محمد محمود محمد امبابى حمد	2009-01-10	t	18	مصر	16	MOHAMED MAHMOUD MOHAMED AMBABY HAMAD	30981805623	f	11-Science	1			محمود محمد امبابي حمد	أب	93447374	30402477	mahmoudhamed189@yahoo.com	28181807904
542	30776000012	محمدياسر بسام محمد اياسو	2007-01-02	t	18	الجمهورية العربية السورية	18	MHDYASSR BASSAM MOHAMAD EYASO	30776000012	f	11-Science	1			بسام محمد اياسو	أب	55573600			26676000192
543	30881804438	محمود فوزى عبدالستار عبدالـلاه	2008-07-25	t	18	مصر	17	MAHMOUD ABDELLAH	30881804438	f	11-Science	1			فوزى عبدالستار عبداله عبداللاه	أب	70717209	31273499	mib221175@yahoo.ca	27581807145
544	30558601688	نعمان الله رحمه الله قريشي	2005-10-16	t	18	الباكستان	19	NOMAN ULLAH REHMATULLAH QURESHI	30558601688	f	11-Science	1			رحمة الله قريشي	أب	30001715	66058422	mohdisq@yahoo.com	27958603099
545	31163400485	نواف خالد العيدى الفريجى الرويلى	2011-01-23	t	18	قطر	14	NAWAF KHALID A A AL-RUWAILI	31163400485	f	11-Science	1			خالد العيدى صياح الفريجى الرويلى	أب	66669000			27363400979
546	30963405048	يوسف هديرس مناحى البريكى الشمرى	2009-09-27	t	18	قطر	16	YOUSEF HUDAIRES M A ALSHAMMARI	30963405048	f	11-Science	1			هديرس مناحى عتيق البريكى الشمرى	أب	55217321	55040529		26968200027
547	30688600753	احمد معين احمد احمد مثنى	2006-01-06	t	19	اليمن	19	AHMED MAEEN AHMED AHMED MUTHANNA	30688600753	f	11-Humanities	2			معين احمد احمد مثنى الحقب	أب	33894799	66339556	m.alhaqab0501@education.qa	28588600608
548	30858600638	اسماعيل تكميل شاه محمد اسماعيل	2008-04-08	t	19	الباكستان	17	ISMAILSHAH TAKMIL SHAH MUHAMMAD ISMAEL	30858600638	f	11-Humanities	2			تكميل شاه محمد اسماعيل	أب	77221130	55088736		27358600459
549	30951200150	بدر عبيد مبارك المنورى	2009-10-30	t	19	سلطنة عمان	15	BADAR OBAID M AL MANWARI	30951200150	f	11-Humanities	2			عبيد مبارك عبيد المنوري	أب	55486142	55406061		26351200047
550	30963401981	جابر شينان عبدالله البريدى المرى	2009-04-27	t	19	قطر	16	JABER SHEENAN A A AL-MARRI	30963401981	f	11-Humanities	2			شينان عبدالله شينان البريدى المرى	أب	70555580	33018320		28063402403
551	30999900026	حمد محمد فاروق محمد غراب	2009-01-23	t	19	فلسطين	16	HAMAD MOHAMED FAROUK MOHAMED GHORAB	30999900026	f	11-Humanities	2			محمد فاروق محمد ابراهيم غراب	أب	55601909			27499900139
552	31063400497	راشد عبدالله راشد زيد النديله	2010-01-26	t	19	قطر	15	RASHID ABDULLA R Z AL-NADEELA	31063400497	f	11-Humanities	2			عبدالله راشد زيد محسن النديله	أب	50685316			28363402781
553	30663406905	سالم صالح راشد الغفرانى المرى	2006-04-20	t	19	قطر	19	SALEM SALEH R G AL-MARRI	30663406905	f	11-Humanities	2			صالح راشد صالح الغفرانى المرى	أب	74757699	55214716	saleh.almarri@edu.gov.qa	27963400449
554	30978400044	سعد ناصر سعد صالح الهاجري	2009-10-03	t	19	الامارات العربية المتحدة	16	SAAD NASER S S ALHAJERI	30978400044	f	11-Humanities	2			ساره راشد على دعقان الهاجرى	أم	50034919	50003919	s.hajri1805@education.qa	27763400835
555	30963405033	سعود خالد جليل القعيقعى الرويلى	2009-01-10	t	19	قطر	16	SAOUD KHALID J A AL-RUWAILI	30963405033	f	11-Humanities	2			خالد جليل محيميد القعيقعى الرويلى	أب	55806393	55555092		26963400898
556	30963404112	سعود على عماش هزاع الشمرى	2009-07-08	t	19	قطر	16	SAOUD ALI A H ALSHMARI	30963404112	f	11-Humanities	2			على عماش هزاع الشمرى	أب	66110595			25276000068
557	30963406879	سلطان حمدان عواد الثنيان الشمرى	2009-12-30	t	19	قطر	15	SULTAN HAMDAN A A AL-SHAMARI	30963406879	f	11-Humanities	2			حمدان عواد فهد الثنيان الشمرى	أب	55845566			28163400407
558	30658601711	سميع الله عبدالرحمن	2006-12-24	t	19	الباكستان	18	SAMI ULLAH ABDUR RAHMAN	30658601711	f	11-Humanities	2			عبدالرحمن عبدالله	أب	66563466			26858601117
559	30835600053	صالح سعيد عبدالرحيم مسلم	2008-05-01	t	19	اليمن	17	SALEH SAYEED ABDURAHIM MASLUM	30835600053	f	11-Humanities	2			سعيد عبدالرحيم مسلم	أب	55900219	33078204		27335600053
560	30163405164	عبدالعزيز ظاهر فهد مخلف الشمرى	2001-12-24	t	19	قطر	23	ABDULAZIZ DAHER F M AL-SHAMMARI	30163405164	f	11-Humanities	2			ظاهر فهد مخلف الشمرى	أب	33692900			24363400341
561	30968200352	عبدالعزيز عبدالله لافي الفريجي الرويلي	2009-06-09	t	19	السعودية	16	ABDULAZIZ ABDULLAH L A ALRUWAILI	30968200352	f	11-Humanities	2			عبدالله لافي بغل الفريجي الرويلي	أب	50383835	66617315		28268200608
562	30963402276	عبدالعزيز عيد دواس السويدى الشمرى	2009-05-16	t	19	قطر	16	ABDULAZIZ EID D A ALSHAMMARI	30963402276	f	11-Humanities	2			عيد دواس ماضى السويدى الشمرى	أب	33538627	55193426		26968200087
563	30963400165	عبدالعزيز هايل محيلان نزال الرويلى	2009-01-19	t	19	قطر	16	ABDULAZIZ HAYAL M N AL-RUWAILI	30963400165	f	11-Humanities	2			هايل محيلان نزال وارد الرويلى	أب	66622460	55885524	h.al-ruwaili1808@education.qa	27963401202
564	30863407470	عبدالله محمد شاكى الريشانى الرويلى	2008-11-22	t	19	قطر	16	ABDULLA MOHAMMED S R AL-REWAILI	30863407470	f	11-Humanities	2			محمد شاكى جلعب الريشانى الرويلى	أب	33001155	74466664		28463400677
565	30963404184	عجيان محمد ظافر ال حثيث الاحبابى	2009-08-24	t	19	قطر	16	EJAYAN MOHAMMED Z A AL-AHBABI	30963404184	f	11-Humanities	2			محمد ظافر عجيم ال حثيث الاحبابى	أب	33000532	77000111		26768200170
566	30963403547	على جابر على محمد محمد	2009-07-13	t	19	قطر	16	ALI JABER A M MOHAMMED	30963403547	f	11-Humanities	2			جابر على محمد هلال محمد	أب	77787070	33458847		28063401793
567	30863401120	عمر محمد على السعدي اليافعي	2008-04-02	t	19	قطر	17	OMER MOHAMMED A A ALYAFEI	30863401120	f	11-Humanities	2			محمد على عوض عثمان اليافعى	أب	33441005	66663329		27363400288
568	30963401761	فهد حمد عواد الثنيان الشمرى	2009-02-25	t	19	قطر	16	FAHAD HAMAD A A AL-SHAMARI	30963401761	f	11-Humanities	2			حمد عواد فهد الثنيان الشمرى	أب	55727057			27963400340
569	30963406606	فهد عبدالكريم سويهج الفريجى الرويلى	2009-06-12	t	19	قطر	16	FAHAD ABDULKARIM S A AL-RUWAILY	30963406606	f	11-Humanities	2			عبدالكريم سويهج مزلوه الفريجى الرويلى	أب	55998066			28363400864
570	30840000887	فهد فايز موسى سند العون	2008-12-14	t	19	الاردن	16	FAHAD FAYEZ M S ALOUN	30840000887	f	11-Humanities	2			فايز موسى سند العون	أب	55849495	66696800		27440000231
571	30658601291	محسن خميس	2006-09-15	t	19	الباكستان	19	MOHSIN KHAMEES	30658601291	f	11-Humanities	2			خميس نور والى	أب	33944404	55494643	kingqatar41@gmail.com	28058600211
572	30863406226	محمد صالح مبارك الفاران المرى	2008-07-11	t	19	قطر	17	MOHAMMED SALEH M A AL-MARRI	30863406226	f	11-Humanities	2			صالح مبارك صالح الفاران المرى	أب	66669891			28563404244
573	30963406334	محمد على هادى ال حباب الهاجرى	2009-06-12	t	19	قطر	16	MOHAMMED ALI H A AL-HAJRI	30963406334	f	11-Humanities	2			نجلاء ناصر محمد ال حباب الهاجرى	أم	55596561			28563402151
574	30868200163	مشعل فهد هادي الجهبان	2008-09-30	t	19	السعودية	17	MESHAL FAHAD H ALJAHBAN	30868200163	f	11-Humanities	2			فهد هادي صالح الجهبان	أب	31123113	77722556		26668200115
575	30963400384	منصور مسفر عشق ال ظافر الحبابى	2009-01-01	t	19	قطر	16	MANSOOR MUSFER A A ALHABABI	30963400384	f	11-Humanities	2			مسفر عشق على ال ظافر الحبابى	أب	55808988	30447755, 72010020		27168200123
576	30888600360	يوسف عبدالله على اليافعى	2008-12-10	t	19	اليمن	16	YOUSEF ABDULLAH ALI ALYAFEAI	30888600360	f	11-Humanities	2			عبدالله على عبدالله اليافعى	أب	30202122	66683286		27952400066
577	30976000330	بدر احمد اسود فدعوس	2009-10-08	t	20	الجمهورية العربية السورية	15	BADR AHMAD ASWAD FADOUS	30976000330	f	11-Humanities	3			احمد اسود فدعوس	أب	55451995	55743253	j-az3000@hotmail.com	26376000253
578	30963402478	تركى عبدالعزيز سعد خليف الشمرى	2009-05-24	t	20	قطر	16	TURKI ABDULAZIZ S K AL-SHAMARI	30963402478	f	11-Humanities	3			عبدالعزيز سعد خليف دخيل الشمرى	أب	50382052			28863400081
579	30763406726	جابر مبارك محمد جابر فاران	2007-04-12	t	20	قطر	18	JABER MUBARAK M J FARAN	30763406726	f	11-Humanities	3			مبارك محمد جابر فاران	أب	55080321	66528030		28263401226
580	30763400700	جاسم سعود مهاوش الفريجى الرويلى	2007-05-02	t	20	قطر	18	JASSIM SAOUD M A ALRUWELI	30763400700	f	11-Humanities	3			سعود مهاوش دربى الفريجى الرويلى	أب	33222400		smda84@hotmail.com	28463403894
581	30963402054	حمد محمد متعب المنخس المرى	2009-04-15	t	20	قطر	16	HAMAD MOHAMMED M A AL-MARRI	30963402054	f	11-Humanities	3			سماح صلاح على ابراهيم منصور	أب	70502000			28463400263
582	30963404251	سالم سعيد محمد الزيوح المرى	2009-08-27	t	20	قطر	16	SALEM SAEED M A AL-MARRI	30963404251	f	11-Technology	3			سعيد محمد سعيد الزيوح المرى	أب	55676789	55173737		28063401555
583	30963405221	سالم معيض حمد عمر الغياثين	2009-08-14	t	20	قطر	16	SALEM MEAID H O AL-GHAYATHIN	30963405221	f	11-Humanities	3			معيض حمد عمر جابر الغياثين	أب	55892292			28163400014
584	30658600239	سحيم عبدالحميد عبدالنبى	2006-01-04	t	20	الباكستان	19	SEHIM ABDULHAMEED ABDULNABI	30658600239	f	11-Humanities	3			عبدالحميد عبدالنبى	أب	74492555	33884555		27258600504
585	30963406803	سعد محمد منصور سعد الدوسرى	2009-12-23	t	20	قطر	15	SAAD MOHAMMED M S AL-DOSARI	30963406803	f	11-Humanities	3			محمد منصور سعد طويرش الدوسرى	أب	66499994	66665965, 77111022		28263400841
586	30963405372	سعود شاهر سعود النماصى الشمرى	2009-10-23	t	20	قطر	15	SAOUD SHAHER S A AL-SHAMARI	30963405372	f	11-Humanities	3			شاهر سعود شاهر النماصى الشمرى	أب	55559826			27063400900
587	30363404307	سعود فيصل سعود محمد الشمرى	2003-03-09	t	20	قطر	22	SAOUD FAISAL S M AL-SHAMARI	30363404307	f	11-Humanities	3			عايد سعود محمد رشيد الشمرى	أب	55030053		ubs2015@hotmail.com	27663400725
588	30673600617	عبدالعزيز ادم بلال حماد رحيمة	2006-10-12	t	20	السودان	18	ABDALAZEZ ADAM BILAL HAMAD REHIMA	30673600617	f	11-Humanities	3			ادم بلال حماد رحيمة	أب	55530166	70641553		26373600022
589	30963400358	عبدالله فالح سعيد المفقاعى الهاجرى	2009-01-28	t	20	قطر	16	ABDULLA FALEH S M AL-HAJRI	30963400358	f	11-Humanities	3			فالح سعيد ناصر المفقاعى الهاجرى	أب	55166961			27363400337
590	30988600197	عبدالله قاسم ابوبكر صالح العمرى	2009-07-16	t	20	اليمن	16	ABDULLA KASSIM ABUBAKER SALEH ALOMARI	30988600197	f	11-Humanities	3			قاسم ابوبكر صالح العمرى	أب	66549827	33226624		27088600053
591	31063400988	عبدالله محمد ظافر حمد الدوسرى	2010-12-02	t	20	قطر	14	ABDULLA MOHD Z H ALDOSARI	31063400988	f	11-Humanities	3			محمد ظافر حمد راشد الدوسرى	أب	55000013			26963400456
592	30951200068	عبدالله محمد مسعود الرحبي	2009-04-09	t	20	سلطنة عمان	16	ABDALLAH MOHAMMED M ALRAHBI	30951200068	f	11-Humanities	3			محمد مسعود عامر الرحبي	أب	55427477			27751200003
593	30963404632	عبدالله نايف منوخ الشلاقى الشمرى	2009-09-15	t	20	قطر	16	ABDULLA NAYEF M A AL-SHAMMARI	30963404632	f	11-Humanities	3			نايف منوخ ردعان الشلاقى الشمرى	أب	55435566	55566453		27863403076
594	30963404268	عبدالهادى محمد ناصر ظافر القحطانى	2009-06-08	t	20	قطر	16	ABDULHADI MOHAMMED N D AL-QAHTANI	30963404268	f	11-Humanities	3			محمد ناصر ظافر محمد القحطانى	أب	55565504	33039430		28163400393
595	30863402465	على محمد جابر المخضوبيه المرى	2008-04-28	t	20		17	ALI MOHAMMED J A AL-MARRI	30863402465	f	11-Humanities	3			محمد جابر على المخضوبيه المرى	أب	66754677	55554513		28163403085
596	30763406741	فرج محمد فرج محمد النابت	2007-12-17	t	20	قطر	17	FARAJ MOHAMMED F M AL-NABIT	30763406741	f	11-Humanities	3			محمد فرج محمد مثيب النابت	أب	50166666		q5528727@hotmail.com	28263402217
597	30968200104	فيصل تركي حمد الجهني	2009-04-09	t	20	السعودية	16	FAISAL TURKI H ALJOHANI	30968200104	f	11-Humanities	3			سلوى سعود عواد متروك الجهني	أم	50006610			28663402377
598	30963406907	فيصل سالم محمد النابت المرى	2009-10-12	t	20	قطر	15	FAISAL SALEM M A AL-MARRI	30963406907	f	11-Humanities	3			سلمى محمد صالح الرومى المرى	أم	66662323	55886942	s.al-marri2612@education.qa	27563401831
599	30863406872	مبارك سعيد مبارك الجربوعى المرى	2008-12-27	t	20	قطر	16	MUBARAK SAEED M A ALMARRI	30863406872	f	11-Humanities	3			سعيد مبارك حمد الجربوعى المرى	أب	50877402	55509522		28663402946
600	30563406587	مبارك على سفر عبيد الهاجرى	2005-11-08	t	20	قطر	19	MUBARAK ALI S O AL-HAJRI	30563406587	f	11-Humanities	3			على سفر عبيد الهاجرى	أب	66663411			25963400014
601	30458601573	محمد ساحل نعيم خان	2004-03-25	t	20	الباكستان	21	MUHAMMAD SAHEL NAEEM KHAN	30458601573	f	11-Humanities	3			نعيم خان غلام صديق	أب	66071661	50269043	Naeemafridi321@Gmail.com	26658600263
602	30888600257	محمد صالح احمد محسن علوي	2008-04-07	t	20	اليمن	17	MAHAMAED SALEH ALAWY	30888600257	f	11-Humanities	3			اسماء صالح محمد قايد داحش	أم	55320746	66807712		28788600146
603	30963400775	محمد صالح عبود صالح الشمرى	2009-02-16	t	20	قطر	16	MOHAMMED SALIH A S AL-SHAMMARI	30963400775	f	11-Humanities	3			صالح عبود صالح مناع الشمرى	أب	66661338	66720754		28340000243
604	30963402216	محمد على محمد جابر فاران	2009-03-29	t	20	قطر	16	MOHAMMED ALI M J FARAN	30963402216	f	11-Humanities	3			على محمد جابر فاران	أب	66911174			28463401261
605	30988600174	محمد علي حسن صالح الكربي	2009-06-13	t	20	اليمن	16	MOHAMMED ALI HASSAN SALEH ALKORBI	30988600174	f	11-Humanities	3			علي حسن صالح سعدون الكربي	أب	55673335	77553244		27588600046
606	30963405797	محمد فهد سعد البرازى السهلى	2009-05-11	t	20	قطر	16	MOHAMMED FAHAD S A AL-SAHLI	30963405797	f	11-Humanities	3			فهد سعد فهد البرازى السهلى	أب	55800051			27563400214
607	30963406506	ناصر عبدالله جمال الرمالى الشمرى	2009-08-12	t	20	قطر	16	NASSER ABDULLA J A AL-SHAMARI	30963406506	f	11-Humanities	3			عبدالله جمال فالح الرمالى الشمرى	أب	55825233			28163401986
608	30963400023	راكان عامر سعد المظفرى الهاجرى	2009-03-01	t	21	قطر	16	RAKAN AMER S A AL-HAJRI	30963400023	f	11-Technology	4			عامر سعد على المظفرى الهاجرى	أب	55052238	71111978		27363402207
609	30963405269	سعود صالح طه حنطه الشاميه	2009-09-09	t	21	قطر	16	SAOUD SALEH T H AL-SHAMIYA	30963405269	f	11-Technology	4			صالح طه حنطه على الشاميه	أب	33210806			29063400091
610	30863404937	ظافر عبدالله ظافر حمد الدوسرى	2008-11-07	t	21	قطر	16	DAFER ABDULLA D H AL-DOSARI	30863404937	f	11-Technology	4			عبدالله ظافر حمد راشد الدوسرى	أب	55640066	55000049	Soud22.mm@gmail.com	27963402393
611	30963404918	مبارك سالم هادى محمد الهاجرى	2009-03-10	t	21	قطر	16	MUBARAK SALIM H M ALHAJRI	30963404918	f	11-Technology	4			سالم هادى محمد هادى الهاجرى	أب	55529419		Qattr.81@outlook.com	28163403407
612	30963405406	مساعد حمود جبر الحمادى الرويلى	2009-10-15	t	21	قطر	15	MESAAD HOMOUD J A AL-ROWAILI	30963405406	f	11-Technology	4			حمود جبر مصافق الحمادى الرويلى	أب	33395575	55119942		27963401195
613	30763403818	ناصر سعيد سالم محمد البلوشى	2007-06-07	t	21	قطر	18	NASSER SAID S M ALBALUSHI	30763403818	f	11-Technology	4			سعيد سالم محمد ربيع البلوشى	أب	55494474	55836010		26851200033
614	30963403579	نواف محمد زايد القعقاع الرويلى	2009-03-07	t	21	قطر	16	NAWAF MOHAMMED Z A AL-ROWAILI	30963403579	f	11-Technology	4			محمد زايد ونسان القعقاع الرويلى	أب	55553661	55334833		26563400863
615	30781803211	ابراهيم ايهاب بدير السيد غازى	2007-08-14	t	22	مصر	18	EBRAHEM GHAZY	30781803211	f	12-Science	1			ايهاب بدير السيد غازي	أب	70292266			26581804748
616	30781801706	احمد صلاح عثمان عبدالحليم احمد	2007-12-15	t	22	مصر	17	AHMAD SALAH OTHMAN ABDELHALIM AHMED	30781801706	f	12-Science	1			صلاح عثمان عبدالحليم احمد	أب	70361465	31309933		27481800104
617	30863405258	تميم حمد محمد الشراب القرح	2008-09-19	t	22	قطر	17	TAMEEM HAMAD M S AL-QORH	30863405258	f	12-Science	1			ناجعه محمد على سويرى المرى	أم	66077607			27263402108
618	30863403393	تميم خالد صالح حمد القحطانى	2008-06-14	t	22	قطر	17	TAMEEM KHALID S H AL-QAHTANI	30863403393	f	12-Science	1			خالد صالح حمد خرشان القحطانى	أب	55533389	33727576	k.al-qahtani2909@education.qa	27263400494
619	30836800030	جاسم على جاسم	2008-11-04	t	22	العراق	16	JASIM ALI JASSIM	30836800030	f	12-Science	1			على جاسم محمد شيبو	أب	55075207		blackmoor770@gmail.com	28663400666
620	30763403977	جاسم نواف هايل نازل العنزى	2007-08-08	t	22	قطر	18	JASSIM NAWAF H N AL-ENAZI	30763403977	f	12-Science	1			نواف هايل نازل راشد العنزى	أب	55670088			28263400967
621	30788600632	جبران صالح ناصر محسن سريب	2007-02-10	t	22	اليمن	18	GUBRAN SALEH NASSER MOHSEN SORAIB	30788600632	f	12-Science	1			صالح ناصر محسن سريب	أب	74774628	55955496		28888600861
622	30363403746	حمود ياسر حمود سبيح هديب	2003-07-22	t	22	قطر	22	HOMOUD YASER H S HEDAIB	30363403746	t	12-Science	1			ياسر حمود سبيح هديب	أب	66284497			27163400273
623	30776000694	حيدر عبدالحميد الخلف الابراهيم	2007-07-26	t	22	الجمهورية العربية السورية	18	HEDAR ALIBRAHIM	30776000694	f	12-Science	1			عبدالحميد عبدالله الخلف الابراهيم	أب	55833801	70674290	a.ibrahim0908@education.qa	25776000072
624	30881804244	سعد ياسر سعد يس	2008-06-15	t	22	مصر	17	SAAD YASSEN	30881804244	f	12-Science	1			ياسر سعد يس ابوالحسن	أب	55664438	77209581		27781802000
625	30868200133	سلطان بدر عوده الرويلي	2008-05-27	t	22	السعودية	17	SULTAN BADER O ALRUWAILI	30868200133	f	12-Science	1			بدر عوده صطلان القعيقعي الرويلي	أب	66766115	50906699		28268200109
626	30876000263	سلمان غازى الحمد	2008-08-26	t	22	الجمهورية العربية السورية	17	SALMAN GHAZI ALHAMD	30876000263	f	12-Science	1			غازى اسعد الحمد	أب	66796899			28076000482
627	30876000309	صدام نافع الطوفى التركى	2008-02-07	t	22	الجمهورية العربية السورية	17	SDAM NAFEH TOUFI TURKI	30876000309	f	12-Science	1			نافع الطوفى التركى	أب	55025459		N.alturki270789@hotmail.com	26476000032
628	30863401101	صقر ماجد صالح حمد القحطانى	2008-02-15	t	22	قطر	17	SAQER MAJID S H AL-QAHTANI	30863401101	f	12-Science	1			ماجد صالح حمد خرشان القحطانى	أب	39932222			27863401035
629	30881800680	عبدالرحمن حماده ابوشكر غزالى نزلاوى	2008-12-06	t	22	مصر	16	ABDALRHMAN HAMADA ABOUSHOKR GHAZALI NAZLAWI	30881800680	f	12-Science	1			حماده ابوشكر غزالى نزلاوى	أب	77991353	70456288		26881801428
630	30763403264	عبدالكريم نايف محسن القاسمى الظفيرى	2007-06-24	t	22	قطر	18	ABDULKAREEM NAYEF M Q AL-DHEFAIRI	30763403264	f	12-Science	1			نايف محسن على القاسمى الظفيرى	أب	55505416	66125150, 70200979		25163400057
631	30888600157	عبدالله عادل عبدالله فتحى النجار	2008-05-13	t	22	اليمن	17	ABDULLAH ADEL ABDULLA FATHI ALNAJAR	30888600157	f	12-Science	1			عادل عبدالله فتحى النجار	أب	55835092	55708987		25988600175
632	30981800131	عثمان صلاح عثمان عبدالحليم احمد	2009-01-02	t	22	مصر	16	OTHMAN SALAH OTHMAN ABDELHALIM AHMED	30981800131	f	12-Science	1			صلاح عثمان عبدالحليم احمد	أب	70361465	31309933		27481800104
633	30873600281	عمر مجدى محمد على	2008-07-05	t	22	السودان	17	OMER MAGDI MOHAMED ALI	30873600281	f	12-Science	1			مجدى محمد على احمد قنديل	أب	55301308	33160989	m.gindail0101@education.qa	27873600431
634	30963407480	فرج مسفر حسن محمد الكربى	2009-05-27	t	22	قطر	16	FARAJ MESFER H M AL-KURBI	30963407480	f	12-Science	1			مسفر حسن محمد الكربى	أب	30039548			25863400213
635	30888600025	فهد حسن سالم محمد سالم	2008-01-29	t	22	اليمن	17	FAHAD HASSAN SALEM MOHAMED SALEM	30888600025	f	12-Science	1			حسن سالم محمد سالم	أب	55648828			27588600322
636	30868200300	فيصل مفرح قفعان الرويلي	2008-09-18	t	22	السعودية	17	FAISAL MOFAREH Q ALRUWAILI	30868200300	f	12-Science	1			دلال ماشى الاسمر القعيقعى الرويلى	أم	66687125	33359427	dalal096@gmail.com	27763400992
637	30876000283	كنان رضوان البرغش	2008-05-21	t	22	الجمهورية العربية السورية	17	KENAN ALBARGHASH	30876000283	f	12-Science	1			رضوان محمود البرغش	أب	66751135		radwan.al.123@hotmail.com	27076000369
638	30881800599	محمد احمد عبدالعزيز جامع مرسى	2008-05-15	t	22	مصر	17	MOHAMMAD AHMED MOURSI	30881800599	f	12-Science	1			احمد عبدالعزيز جامع مرسى	أب	55655905	44326723	a.moursi2608@education.qa	27481802266
639	30881802867	محمد اسامه مصطفى عنتر محمد	2008-06-30	t	22	مصر	17	MOHAMMED OSSAMA MUSTAFA ANTAR MOHAMED	30881802867	f	12-Science	1			اسامه مصطفى عنتر محمد	أب	55851145			27981801087
640	30835603529	محمد انصاري	2008-04-09	t	22	الهند	17	MOHAMMED HAMMAD ANSARI	30835603529	f	12-Science	1			عبدالحنان محمد عباس انصارى	أب	55313841			27535605973
641	30773600586	محمد عبدالله سيداحمد البشير المكى	2007-11-14	t	22	السودان	17	MOHAMMED ABDALLA SIDAHMED ELBASHIR ELMAKEY	30773600586	f	12-Science	1			عبدالله سيداحمد البشير المكى	أب	33117121	33424716		26373600686
642	30758601716	محمد يوسف نعيم خان	2007-01-04	t	22	الباكستان	18	MUHAMMAD YOUSAF NAEEM KHAN	30758601716	f	12-Science	1			نعيم خان غلام صديق	أب	66071661	50269043	Naeemafridi321@Gmail.com	26658600263
643	30981803510	محمود عماد يحيى محمد نوح	2009-05-05	t	22	مصر	16	MAHMOUD NOUH	30981803510	f	12-Science	1			عماد يحيى محمد العبسي نوح	أب	70475475	74716995	e.nouh0501@education.qa	27881808198
644	30876000244	مشاري احمد يوسف العون	2008-05-20	t	22	الجمهورية العربية السورية	17	MASHARI AHMED YOUSIF ALAOUN	30876000244	f	12-Science	1			احمد يوسف العون	أب	77914283			28276000096
645	30840001687	معتز عمر ممدوح عبيدات	2008-12-09	t	22	الاردن	16	MUTAZ OBEIDAT	30840001687	f	12-Science	1			عمر ممدوح منصور عبيدات	أب	50818135	55143150	saifobeidat1973@gmail.com	27340001122
646	30863406705	نواف طلال نايف سالم الشمرى	2008-08-12	t	22	قطر	17	NAWAF TALAL N S AL-SHAMMARI	30863406705	f	12-Science	1			طلال نايف سالم سعيد الشمرى	أب	66155535	55591262	ttttqt@gmail.com	28463400048
647	30781803008	يوسف شعبان محمد اسماعيل	2007-10-24	t	22	مصر	17	YOUSSEF ISMAIL	30781803008	f	12-Science	1			شعبان محمد اسماعيل اسماعيل	أب	55269018	77009309		27381800269
648	30351200101	احمد سيف محمد الرواحى	2003-01-28	t	23	سلطنة عمان	22	AHMED SAIF M ALRAWAHI	30351200101	f	12-Humanities	2			سيف محمد سعيد الرواحى	أب	66556910	66608483, 77551134		25651200015
649	30476000261	احمد محسن الاحمد الجفال	2004-11-17	t	23	الجمهورية العربية السورية	20	AHMED MUHSEN ALAHMEDALJAFAL	30476000261	f	12-Humanities	2			محسن خليف الاحمد الجفال	أب	66138363	55592235		27576000363
650	30863407355	احمد يوسف نايف العليانى الشمرى	2008-11-12	t	23	قطر	16	AHMAD YOUSUF N A AL-SHAMMARI	30863407355	f	12-Humanities	2			يوسف نايف سيف العليانى الشمرى	أب	66669329			28463400108
651	30658600371	ايمن عبدالمنان حاجي محمد عمر	2006-02-18	t	23	الباكستان	19	AIMAN ABDUL MANAN HAJI UMAR	30658600371	f	12-Humanities	2			عبدالمنان حاجي محمد عمر	أب	55270832	77773950		27858601871
652	30863406097	بطى سعيد بطى ال حسناء المرى	2008-10-28	t	23	قطر	16	BATTI SAEED B A AL-MARRI	30863406097	f	12-Humanities	2			سعيد بطى محمد ال حسناء المرى	أب	55885188			28463403872
653	30858600619	تميم عبدالحميد عبدالنبى	2008-09-16	t	23	الباكستان	17	TAMIM ABDULHAMEED	30858600619	f	12-Humanities	2			عبدالحميد عبدالنبى	أب	74492555	33884555		27258600504
654	30863404306	جابر على جابر فاران اليربوعى	2008-07-30	t	23	قطر	17	JABER ALI J F AL-YARBOUEI	30863404306	f	12-Humanities	2			على جابر على فاران اليربوعى	أب	55000103	55682615		27863402006
655	30763400642	جابر محمد جابر المخضوبيه المرى	2007-12-02	t	23		17	JABER MOHAMMED J A AL-MARRI	30763400642	f	12-Humanities	2			محمد جابر على المخضوبيه المرى	أب	66754677	55554513		28163403085
656	30863403663	حمد معيض حمد عمر الغياثين	2008-03-06	t	23	قطر	17	HAMAD MEAID H O AL-GHAYATHIN	30863403663	f	12-Humanities	2			معيض حمد عمر جابر الغياثين	أب	55892292			28163400014
657	30863407353	خالد محمد جديع الفريجى الرويلى	2008-10-18	t	23	قطر	16	KHALID MOHAMMED J A ALREWAILY	30863407353	f	12-Humanities	2			محمد جديع ربيع الفريجى الرويلى	أب	55653274			28263400387
658	30863400505	خليف عبدالعزيز سعد خليف الشمرى	2008-07-02	t	23	قطر	17	KHELAIF ABDULAZIZ S K AL-SHAMARI	30863400505	f	12-Humanities	2			عبدالعزيز سعد خليف دخيل الشمرى	أب	50382052			28863400081
659	30763403655	سعد مسفر محمد بنجر الدوسرى	2007-07-22	t	23	قطر	18	SAAD MESFER M B AL-DOSARI	30763403655	f	12-Humanities	2			مسفر محمد بنجر جاسر الدوسرى	أب	55531455	77779400		27963401194
660	30863403253	سعود محمد ناصر المفقاعى الهاجرى	2008-01-06	t	23	قطر	17	SAOUD MOHAMMED N M AL-HAJRI	30863403253	f	12-Humanities	2			محمد ناصر سعد المفقاعى الهاجرى	أب	55115516	55831757	m.al-hajri30014@education.qa	28163402683
661	30763405186	سعيد على صالح السندوانه المرى	2007-09-26	t	23	قطر	18	SAEED ALI S A AL-MARRI	30763405186	f	12-Humanities	2			على صالح على السندوانه المرى	أب	60002774			25763400127
662	30676000311	سلمان زيدان حميد ناصر	2006-12-21	t	23	الجمهورية العربية السورية	18	SOLUMAN ZIEDAN HAMID NASER	30676000311	f	12-Humanities	2			زيدان حميد ناصر	أب	55224325	33096585	amal_1896@outlook.com	27376000021
663	30863406852	عبدالرحمن راشد ناصر ال حباب الهاجرى	2008-04-12	t	23	قطر	17	ABDULRAHMAN RASHED N A AL-HAJRI	30863406852	f	12-Humanities	2			راشد ناصر محمد ال حباب الهاجرى	أب	55554897			27763400713
664	30863400614	عبدالعزيز فواز عبود صالح الشمرى	2008-01-14	t	23	قطر	17	ABDULAZIZ FAWAZ A S AL-SHAMMARI	30863400614	f	12-Humanities	2			فواز عبود صالح مناع الشمرى	أب	55823411		fa_alshammari@hotmail.com	28140000223
665	30763405185	عبدالله على صالح السندوانه المرى	2007-09-26	t	23	قطر	18	ABDULLA ALI S A AL-MARRI	30763405185	f	12-Humanities	2			على صالح على السندوانه المرى	أب	60002774			25763400127
666	30888600307	علي عبدالعزيز على حسين محمد	2008-10-08	t	23	اليمن	16	ALI ABDELAZIZ ALI HUSSEIN MOHAMMED	30888600307	f	12-Humanities	2			عبدالعزيز على حسين محمد	أب	55177030	77041001		27788600028
667	30876000108	غانم عمار حماده الحوكه	2008-05-15	t	23	الجمهورية العربية السورية	17	GHANIM AMMAR ALHOWKA	30876000108	f	12-Humanities	2			عمار حماده الحوكه	أب	77448816	30033080		27976000825
668	30863407637	فالح فهد عبدالله ال دواس الدوسرى	2008-12-22	t	23	قطر	16	FALEH FAHAD A A ALDOSARI	30863407637	f	12-Humanities	2			فهد عبدالله غنيم ال دواس الدوسرى	أب	66445556			28263400176
669	30863406215	فايز فيصل غانم فايز الشمرى	2008-11-18	t	23	قطر	16	FAYEZ FAISAL G F AL-SHAMMARI	30863406215	f	12-Humanities	2			فيصل غانم فايز طلاب الشمرى	أب	66521394	55226257		28563403589
670	30863401895	فهد محمد ملحان مناور الشمرى	2008-06-04	t	23	قطر	17	FAHAD MOHAMMED M M ALSHAMARI	30863401895	f	12-Humanities	2			محمد ملحان مناور بدر الشمرى	أب	55070324			28163403434
671	30863406149	مالك فهد مهاوش الوبيرى الشمرى	2008-11-17	t	23	قطر	16	MALIK FAHAD M A AL-SHAMMARI	30863406149	f	12-Humanities	2			فهد مهاوش عياده الوبيرى الشمرى	أب	55599721			28663402358
672	30763403814	مبارك هديرس مناحى البريكى الشمرى	2007-02-08	t	23	قطر	18	MUBARAK HUDAIRES M A ALSHAMMARI	30763403814	f	12-Humanities	2			هديرس مناحى عتيق البريكى الشمرى	أب	55217321	55040529		26968200027
673	30863407007	محمد بنجر محمد بنجر الدوسرى	2008-12-25	t	23	قطر	16	MOHAMMED BANJAR M B AL-DOSARI	30863407007	f	12-Humanities	2			بنجر محمد بنجر جاسر الدوسرى	أب	55818832	70304215	b.al-dosari0808@education.qa	28163401559
674	30863402123	محمد غالب عايد دعيبل الرويلى	2008-04-26	t	23	قطر	17	MOHAMMED GHALIB A D AL-ROWAILI	30863402123	f	12-Humanities	2			غالب عايد دعيبل مناحى الرويلى	أب	30000040	30222999	noorh656@hotmail.com	27963401198
675	30663406540	محمد نايف منوخ الشلاقى الشمرى	2006-12-26	t	23	قطر	18	MOHAMMED NAYEF M A AL-SHAMMARI	30663406540	f	12-Humanities	2			نايف منوخ ردعان الشلاقى الشمرى	أب	55435566	55566453		27863403076
676	30863404331	ناصر عبدالرحمن ناصر ال حباب الهاجرى	2008-08-17	t	23	قطر	17	NASSER ABDULRAHMAN N A AL-HAJRI	30863404331	f	12-Humanities	2			عبدالرحمن ناصر محمد ال حباب الهاجرى	أب	55505028	55017176		28263402744
677	30768200003	ناصر موافق فندي الفريجي الرويلي	2007-01-18	t	23	السعودية	18	NASSER MUWAFIQ F A ALRUWAILI	30768200003	f	12-Humanities	2			موافق فندي معيصر الفريجي الرويلي	أب	55099331		m.al-ruwaili0708@education.qa	27268200042
678	30563403827	هزاع على حمد هزاع ابوشريده	2005-07-07	t	23		20	HAZZAA ALI H H ABU-SHIREEDA	30563403827	f	12-Humanities	2			على حمد هزاع ابوشريده	أب	66966646	66069411, 55815662		26563400287
679	30851200006	هزاع غريب زايد ال عبدالسلام	2008-10-01	t	23	سلطنة عمان	17	HAZAA GHARIB Z AL ABDULSALAM	30851200006	f	12-Humanities	2			غريب زايد خميس ال عبدالسلام	أب	70018141			26551200024
680	30781803009	اسماعيل شعبان محمد اسماعيل	2007-10-24	t	24	مصر	17	ISMAIL ISMAIL	30781803009	f	12-Humanities	3			شعبان محمد اسماعيل اسماعيل	أب	55269018	77009309		27381800269
681	30963405782	بخيت عبدالله بخيت سالم المرى	2009-10-11	t	24	قطر	15	BAKHIT ABDULLA B S AL-MARRI	30963405782	f	12-Humanities	3			عبدالله بخيت سالم بخيتان المرى	أب	50777939	55566754, 33423598	ayesha.qtr.2022@gmail.com	28463401953
682	30740001467	بشير هلال حسين المشاقبه	2007-11-05	t	24	الاردن	17	BASHEER ALMASHAQBEH	30740001467	f	12-Humanities	3			هلال حسين هلال المشاقبة	أب	33942122	59970071	zaden2009@gmail.com	27540001159
683	30863402430	تركى فالح كتيم الشلاقى الشمرى	2008-05-14	t	24	قطر	17	TURKI FALEH K A AL-SHAMARI	30863402430	f	12-Humanities	3			فالح كتيم ربيعان الشلاقى الشمرى	أب	55456749		f_alshammary1@hotmail.com	28163400220
684	30863401060	تميم حمد عقاب الرمالى الشمرى	2008-04-03	t	24	قطر	17	TAMEEM HAMAD E A AL-SHAMARI	30863401060	f	12-Humanities	3			حمد عقاب سعدى الرمالى الشمرى	أب	55575057			28163400157
685	30663402410	جابر صالح جابر التمتام الغياثين	2006-05-17	t	24	قطر	19	JABER SALEH J A AL-GHAYATHIN	30663402410	t	12-Humanities	3			صالح جابر سالم التمتام الغياثين	أب	55840885	55145273	S_jabir@outlook.com	27863400175
686	30763407129	جديع عبدالله جديع الفريجى الرويلى	2007-08-15	t	24	قطر	18	JADEA ABDULLA J A ALREWAILY	30763407129	f	12-Humanities	3			عبدالله جديع ربيع الفريجى الرويلى	أب	55365020			28063400298
687	30776000177	حمد على حميد	2007-01-30	t	24	الجمهورية العربية السورية	18	HAMAD HAMAD	30776000177	f	12-Humanities	3			على هواش حميد	أب	77288455	33243518		28076000050
688	30763406729	حمد محمد على انديله المرى	2007-12-29	t	24	قطر	17	HAMAD MOHAMMED A A AL-MARRI	30763406729	f	12-Humanities	3			محمد على راشد انديله المرى	أب	55380686			26063400551
689	30676000150	حمد محمود سليمان الجميل الشمري	2006-07-08	t	24	الجمهورية العربية السورية	19	HAMAD MAHMOUD SULAIMAN ALJAMIL ALSHAMARY	30676000150	f	12-Humanities	3			محمود سليمان الجميل الشمري	أب	77782219	66643722		25676000050
690	30963406184	خالد غانم دايل ال دواس الدوسرى	2009-11-11	t	24	قطر	15	KHALID GHANIM D A AL-DOSARI	30963406184	f	12-Humanities	3			مشاعل عبدالله غنيم ال دواس الدوسرى	أم	55566875	50444800	Mashael77qtr@gmail.com	27763401063
691	30863407314	راشد محمد سلطان الضابت الدوسرى	2008-12-31	t	24	قطر	16	RASHID MOHD S D AL-DOSARI	30863407314	f	12-Humanities	3			محمد سلطان ضابت الضابت الدوسرى	أب	70910212	55803560		27563400239
692	30805000021	روح الامين حافظ دلوار حسين عبدالكريم	2008-02-02	t	24	بنغلاديش	17	ROOHULAMIN HAFIZ DELWAR HUSSAIN ABDULKARIM	30805000021	f	12-Humanities	3			حافظ دلوار حسين حافظ عبدالكريم	أب	66942574			26905000722
693	30863402730	سلطان سالم عبدالله شلاش الزكروطى	2008-06-06	t	24	قطر	17	SULTAN SALEM A SH ALZAKROUTI	30863402730	f	12-Humanities	3			سالم عبدالله شلاش على الزكروطى	أب	66665175	70211115		28463400669
694	30688600765	صالح مهدي علي  باقهيم	2006-05-18	t	24	اليمن	19	SALEH MAHDI ALI BA QHAIM	30688600765	f	12-Humanities	3			مهدي علي صالح باقهيم	أب	55721094			26588600263
695	30863404824	عبدالرحمن على راشد نعيران المرى	2008-09-22	t	24	قطر	17	ABDULRAHMAN ALI R N ALMARRI	30863404824	f	12-Humanities	3			على راشد محسن نعيران المرى	أب	31331555	33288276		27263401007
696	30663406287	عبدالعزيز محمد شاكى الريشانى الرويلى	2006-02-11	t	24	قطر	19	ABDULAZIZ MOHAMMED S R AL-REWAILI	30663406287	f	12-Humanities	3			محمد شاكى جلعب الريشانى الرويلى	أب	33001155	74466664		28463400677
697	30805000185	عبدالمنان عبدالباسط مناف	2008-11-30	t	24	بنغلاديش	16	ABDULMANNAN ABDULBASAT MONNAF	30805000185	f	12-Humanities	3			عبدالباسط مناف	أب	55650491	66233414		26805001239
698	30863405846	عبدالهادى فالح مبارك المفقاعى الهاجرى	2008-11-10	t	24	قطر	16	ABDULHADI FALEH M M AL-HAJRI	30863405846	f	12-Humanities	3			فالح مبارك سيف المفقاعى الهاجرى	أب	55911775			26363400418
699	30863400017	على عبدالله بخيت سالم المرى	2008-05-01	t	24	قطر	17	ALI ABDULLA B S AL-MARRI	30863400017	f	12-Humanities	3			عبدالله بخيت سالم بخيتان المرى	أب	50777939	55566754, 33423598	ayesha.qtr.2022@gmail.com	28463401953
700	30563406585	على عوض على البريص المرى	2005-12-04	t	24	قطر	19	ALI AWADH A A AL-MARRI	30563406585	f	12-Humanities	3			عوض على سعيد البريص المرى	أب	33869450			28263403342
701	30863400554	عواد حمدان عواد الثنيان الشمرى	2008-10-02	t	24	قطر	17	AWAD HAMDAN A A AL-SHAMARI	30863400554	f	12-Humanities	3			حمدان عواد فهد الثنيان الشمرى	أب	55845566			28163400407
702	30868200233	فارس مشهور عوض العنزي	2008-11-03	t	24	السعودية	16	FARES MASHHOOR A ALENAZI	30868200233	f	12-Humanities	3			رضوه حسين حامد المرعضى الرويلى	أم	55034085	66809243, 33878039	r.al-rowaili2903@education.qa	27363401754
703	30588600641	مبارك علي مبخوت مبارك	2005-01-01	t	24	اليمن	20	MUBARAK MUBARAK	30588600641	f	12-Humanities	3			على مبخوت مبارك على	أب	55522972	66612508		28788600435
704	30663406643	محسن على محسن محمد انديله	2006-09-13	t	24	قطر	19	MOHSEN ALI M M ANDAILA	30663406643	f	12-Humanities	3			على محسن محمد محسن انديله	أب	66687644	55600499		28263403531
705	30863402607	محمد حمد محمد النابت المرى	2008-05-28	t	24	قطر	17	MOHAMMED HAMAD M N AL-MARRI	30863402607	f	12-Humanities	3			حمد محمد حمد النابت المرى	أب	55902555	77717497, 66909967		27563400827
706	30863404496	محمد حمود فالح معيصر الرويلى	2008-04-09	t	24	قطر	17	MOHAMMED HEMOUD F M AL-REWAILY	30863404496	f	12-Humanities	3			حمود فالح معيصر مسلوب الرويلى	أب	30036368	50022477		28563400583
707	30863400388	محمد عبدالله الاسمر الفريجى الرويلى	2008-01-28	t	24	قطر	17	MOHAMMED ABDULLA A A AL-RUAILE	30863400388	f	12-Humanities	3			عبدالله الاسمر محمد الفريجى الرويلى	أب	55888279			27863400793
708	30863404880	محمد غانم محمد هادى الهاجرى	2008-05-19	t	24	قطر	17	MOHAMMED GHANIM M H AL-HAJRI	30863404880	f	12-Humanities	3			غانم محمد هادى حباب الهاجرى	أب	50782654			27463400796
709	30863401230	محمد فهيد محمد الرويعي الدوسري	2008-11-03	t	24	قطر	16	MOHAMMED FEHAID M A AL-DOSARI	30863401230	f	12-Humanities	3			فهيد محمد مرضي الرويعي الدوسري	أب	55541777	55008084		27363401229
710	30663406519	ناصر حفيظ ناصر الحفيظ المرى	2006-12-12	t	24		18	NASSER HAFEEZ N A AL-MARRI	30663406519	f	12-Humanities	3			حفيظ ناصر سالم الحفيظ المرى	أب	55281014	55525955	qqtr95@yahoo.com	28063400500
711	30636400173	يوسف عمر كدخدائي	2006-08-14	t	24	ايران	19	YOUSEF OMAR KADKHODAEI	30636400173	f	12-Humanities	3			عمر ملك محمد كدخدائى	أب	55139567			28536400430
712	30463406376	احمد ناصر عبدالله جاسم المريخى	2004-11-05	t	25	قطر	20	AHMAD NASSER A J AL-MERAIKHI	30463406376	f	12-Humanities	4			ناصر عبدالله جاسم المريخى	أب	70047236	55650771		25963401948
713	30863400246	بندر محمد صالح الفريجى الرويلى	2008-01-23	t	25	قطر	17	BANDAR MOHAMED S A AL-REWAILY	30863400246	f	12-Humanities	4			محمد صالح فلاح الفريجى الرويلى	أب	70116636	55863344		27563400113
714	30768200129	تميم مهدي علي ال سالم	2007-03-18	t	25	السعودية	18	TAMIM MAHDI A ALSALEM	30768200129	f	12-Humanities	4			مهدى على عريج ال سالم	أب	55454331	55745820		26268200170
715	30863400985	حمد على معيض على الغياثين	2008-09-02	t	25	قطر	17	HAMAD ALI M A AL-GHAYATHIN	30863400985	f	12-Humanities	4			على معيض على جابر الغياثين	أب	55862418			28163401569
716	30763404458	خالد فلاح صالح الفريجى الرويلى	2007-08-26	t	25	قطر	18	KHALID FALAH S A AL-REWAILY	30763404458	f	12-Humanities	4			فلاح صالح فلاح الفريجى الرويلى	أب	66622122			27163400635
717	30788600196	راشد خالد حسين صالح القاضى	2007-06-21	t	25	اليمن	18	RASHED KHALED HUSSEIN SALEH ALQADHI	30788600196	f	12-Humanities	4			خالد حسين صالح القاضى	أب	55250982			27288600048
718	30536400413	رضا قاسم رئيسي	2005-04-11	t	25	ايران	20	REZA RAEISI	30536400413	f	12-Humanities	4			قاسم رسول بخش رئيسى	أب	30353040	66588390	qa82raisi@gmail.com	28236400484
719	30863402750	سالم المجمول سالم المجمول الدوسرى	2008-08-06	t	25	قطر	17	SALEM ALMAJMOL S A AL-DOSARI	30863402750	f	12-Humanities	4			المجمول سالم نايف المجمول الدوسرى	أب	33388054			28263400868
720	30863402815	سالم سيف سالم المجمول الدوسرى	2008-03-05	t	25	قطر	17	SALEM SAIF S M AL-DOSARI	30863402815	f	12-Humanities	4			سيف سالم نايف المجمول الدوسرى	أب	33003030			28563400586
721	30663400033	سالم مشرف غانم فايز الشمرى	2006-03-01	t	25	قطر	19	SALEM MESHREF G F AL-SHAMMARI	30663400033	f	12-Humanities	4			مشرف غانم فايز طلاب الشمرى	أب	31459013			28163402986
722	30363400737	سعد سعود سعد المظفرى الهاجرى	2003-02-25	t	25	قطر	22	SAAD SAUD S A AL-HAJRI	30363400737	f	12-Humanities	4			سعود سعد على المظفرى الهاجرى	أب	66866006			27163402121
723	30863403850	سعود محمد عبدالله الطوال الدوسرى	2008-07-07	t	25	قطر	17	SAOUD MOHAMMED A A AL-DOSARI	30863403850	f	12-Humanities	4			محمد عبدالله عبدالرحمن الطوال الدوسرى	أب	30019399	55312499	m.aldosarii1@outlook.com	26063400542
724	30763406494	سعيد جابر على الجحيش المرى	2007-12-12	t	25	قطر	17	SAEED JABER A A AL-MARRI	30763406494	f	12-Humanities	4			جابر على سعيد الجحيش المرى	أب	55406169	66568921	lahgavipqatar@gmail.com	27263402852
725	30863406660	ضارى محمد ملاش ندو الدخيل	2008-12-16	t	25	قطر	16	DARI MOHAMMED M N ALDIKHEL	30863406660	f	12-Humanities	4			محمد ملاش ندو اسمر الدخيل	أب	55551434	55781808		28463400074
726	30770600005	عبدالعزيز ابراهيم موسى يوسف	2007-08-03	t	25	الصومال	18	ABDULAZIZ IBRAHIM MUSA YUSUF	30770600005	f	12-Humanities	4			ابراهيم موسى يوسف	أب	66617440			27270600005
727	30863401843	عبدالله فواز عبدالله مقبل الشمرى	2008-04-20	t	25	قطر	17	ABDULLA FAWAZ A M AL-SHAMMARI	30863401843	f	12-Humanities	4			فواز عبدالله مقبل صالح الشمرى	أب	55300061	33637255		28663400041
728	30863405324	عبدالله محمد عبدالله حمد المرى	2008-01-10	t	25	قطر	17	ABDULLA MOHAMMED A H AL-MARRI	30863405324	f	12-Humanities	4			محمد عبدالله حمد عريج المرى	أب	33555891		hka112634@gmail.com	28063402689
729	30863407033	عبدالهادى سالم حمد سالم العذبه	2008-12-29	t	25	قطر	16	ABDULHADI SALEM H S AL-ADBAH	30863407033	f	12-Humanities	4			سالم حمد سالم عيسى العذبه	أب	33556400	55995505	sinnari45@yahoo.com	27763400212
730	30663402146	غانم محمد غانم الخيارين الهاجري	2006-03-20	t	25	قطر	19	GHANIM MOHD G A AL-HAJRI	30663402146	f	12-Humanities	4			محمد غانم محمد الخيارين الهاجري	أب	55055026			27163400425
731	30863407393	فهد ناصر مبارك ال حباب الهاجرى	2008-12-26	t	25	قطر	16	FAHAD NASSER M A AL-HAJRI	30863407393	f	12-Humanities	4			ناصر مبارك راشد ال حباب الهاجرى	أب	33901121			28063402198
732	30863403572	فيصل مناحى سعود محمد الشمرى	2008-10-07	t	25	قطر	16	FAISAL MANAHI S M ALSHAMARI	30863403572	f	12-Humanities	4			مناحى سعود محمد رشيد الشمرى	أب	55030053	66698088	m.alshamari2412@education.qa	27063400344
733	30863405443	مبارك فهد مبارك ال حباب الهاجرى	2008-10-15	t	25	قطر	16	MUBARAK FAHAD M A AL-HAJRI	30863405443	f	12-Humanities	4			فهد مبارك راشد ال حباب الهاجرى	أب	66622238			27663400283
734	30863401772	متعب محمد متعب المنخس المرى	2008-03-22	t	25	قطر	17	METEB MOHAMMED M A AL-MARRI	30863401772	f	12-Humanities	4			محمد متعب جابر المنخس المرى	أب	70502000			28463400262
735	30563405651	محمد راشد عبدالله ابوشلنتحه المرى	2005-11-24	t	25	قطر	19	MOHAMMED RASHID A A AL-MARRI	30563405651	f	12-Humanities	4			راشد عبدالله راشد ابوشلنتحه المرى	أب	55301115	55480004		27763402007
736	30863401353	محمد راشد محمد الجفالى النعيمى	2008-03-14	t	25	قطر	17	MOHAMMED RASHID M J AL-NAEMI	30863401353	f	12-Humanities	4			راشد محمد دايل الجفالى النعيمى	أب	55512090			27963401206
737	30863406838	محمد عبدالله محيلان نزال الرويلى	2008-11-24	t	25	قطر	16	MOHAMMED ABDULLA M N AL-RUWAILI	30863406838	f	12-Humanities	4			عبدالله محيلان نزال وارد الرويلى	أب	66344770		qatarvip5030@gmail.com	28663400669
738	30763407409	محمد على حمد سالم الكربى	2007-02-08	t	25	قطر	18	MOHAMMED ALI H S AL-KARBI	30763407409	f	12-Humanities	4			على حمد سالم الكربى	أب	55560013	30440944	alikorb2@gmail.com	25863400478
739	30863401731	ناصر راشد محمد ناصر لخن	2008-09-02	t	25	قطر	17	NASSER RASHID M N LAKHIN	30863401731	f	12-Humanities	4			راشد محمد ناصر لخن	أب	55814147			27063402200
740	30863401014	ناصر فالح ظافر المفقاعى الهاجرى	2008-02-25	t	25	قطر	17	NASSER FALEH D A AL-HAJRI	30863401014	f	12-Humanities	4			فالح ظافر محمد المفقاعى الهاجرى	أب	66518800			28463403489
741	30863407026	ناصر محمد سالم السنيدى النعيمى	2008-12-20	t	25	قطر	16	NASSER MOHAMED S S AL-NAIMI	30863407026	f	12-Humanities	4			محمد سالم خلفان السنيدى النعيمى	أب	33130083			27963401633
742	30668200160	هادي فهد هادي الجهبان	2006-11-25	t	25	السعودية	18	HADI FAHAD H ALJAHBAN	30668200160	f	12-Humanities	4			فهد هادي صالح الجهبان	أب	31123113	77722556		26668200115
\.


--
-- Data for Name: school_subject; Type: TABLE DATA; Schema: public; Owner: -
--

COPY public.school_subject (id, name_ar, code, weekly_default, is_active) FROM stdin;
12	رياضيات	رياضيات	\N	t
13	تربية اسلامية	تربية اسلامية	\N	t
14	اللغة العربية	اللغة العربية	\N	t
15	احياء	احياء	\N	t
16	علوم عامة	علوم عامة	\N	t
17	فيزياء	فيزياء	\N	t
18	كيمياء	كيمياء	\N	t
19	علوم	علوم	\N	t
20	لغة انجليزية	لغة انجليزية	\N	t
21	جغرافيا	جغرافيا	\N	t
22	تاريخ	تاريخ	\N	t
23	علوم اجتماعية	علوم اجتماعية	\N	t
24	ادارة اعمال	ادارة اعمال	\N	t
25	المهارات الحياتية	المهارات الحياتية	\N	t
26	تكنولوجيا	تكنولوجيا	\N	t
27	علوم الحاسب	علوم الحاسب	\N	t
28	تكنولوجيا المعلومات	تكنولوجيا المعلومات	\N	t
29	فنون بصرية	فنون بصرية	\N	t
30	تربية بدنية	تربية بدنية	\N	t
\.


--
-- Data for Name: school_teachingassignment; Type: TABLE DATA; Schema: public; Owner: -
--

COPY public.school_teachingassignment (id, teacher_id, classroom_id, subject_id, no_classes_weekly, notes, created_at, updated_at) FROM stdin;
82	42	10	12	5		2025-10-03 08:04:37.149307+00	2025-10-03 08:04:37.149317+00
83	42	11	12	5		2025-10-03 08:04:54.428579+00	2025-10-03 08:04:54.428589+00
84	42	5	12	5		2025-10-03 08:05:09.964561+00	2025-10-03 08:05:09.964571+00
85	38	3	12	5		2025-10-03 08:05:32.49139+00	2025-10-03 08:05:32.4914+00
17	39	19	12	3		2025-10-03 03:12:48.858729+00	2025-10-03 03:13:53.770434+00
18	39	20	12	3		2025-10-03 03:14:20.924241+00	2025-10-03 03:14:20.924251+00
19	39	21	12	6		2025-10-03 03:14:36.613368+00	2025-10-03 03:14:36.613378+00
20	121	21	13	3		2025-10-03 07:33:07.465346+00	2025-10-03 07:33:07.46536+00
21	59	23	13	2		2025-10-03 07:33:40.878716+00	2025-10-03 07:33:40.878728+00
22	59	24	13	2		2025-10-03 07:34:11.803189+00	2025-10-03 07:34:11.803199+00
23	59	25	13	2		2025-10-03 07:34:49.235796+00	2025-10-03 07:34:49.235808+00
24	59	10	13	2		2025-10-03 07:35:14.696499+00	2025-10-03 07:35:14.696508+00
25	55	14	13	3		2025-10-03 07:36:02.375662+00	2025-10-03 07:36:02.375672+00
26	55	15	13	3		2025-10-03 07:36:33.1981+00	2025-10-03 07:36:33.198109+00
27	55	16	13	3		2025-10-03 07:36:58.27039+00	2025-10-03 07:36:58.2704+00
28	55	17	13	3		2025-10-03 07:37:22.970145+00	2025-10-03 07:37:22.970156+00
29	56	11	13	4		2025-10-03 07:37:59.541461+00	2025-10-03 07:38:20.786523+00
30	56	12	13	4		2025-10-03 07:38:39.632034+00	2025-10-03 07:38:39.632049+00
31	56	13	13	4		2025-10-03 07:39:02.582354+00	2025-10-03 07:39:02.582382+00
32	54	19	13	3		2025-10-03 07:39:37.348709+00	2025-10-03 07:39:37.34873+00
33	54	20	13	3		2025-10-03 07:40:34.740146+00	2025-10-03 07:40:34.740155+00
34	54	22	13	3		2025-10-03 07:40:58.466365+00	2025-10-03 07:40:58.466376+00
35	54	18	13	3		2025-10-03 07:41:48.561727+00	2025-10-03 07:41:48.561737+00
36	58	6	13	4		2025-10-03 07:43:07.059321+00	2025-10-03 07:43:07.059338+00
37	58	7	13	4		2025-10-03 07:43:29.393514+00	2025-10-03 07:43:29.393523+00
38	58	9	13	4		2025-10-03 07:43:58.469368+00	2025-10-03 07:43:58.469378+00
39	57	1	13	4		2025-10-03 07:44:29.242372+00	2025-10-03 07:44:29.242394+00
40	57	2	13	4		2025-10-03 07:44:44.392654+00	2025-10-03 07:44:44.392667+00
41	57	3	13	4		2025-10-03 07:45:01.019295+00	2025-10-03 07:45:01.019307+00
42	60	8	13	4		2025-10-03 07:45:51.274023+00	2025-10-03 07:45:51.274035+00
43	60	4	13	4		2025-10-03 07:46:12.482991+00	2025-10-03 07:46:12.483+00
44	60	5	13	4		2025-10-03 07:46:28.720073+00	2025-10-03 07:46:28.7201+00
45	115	22	14	3		2025-10-03 07:46:56.660087+00	2025-10-03 07:46:56.660104+00
46	75	20	14	6		2025-10-03 07:47:24.06396+00	2025-10-03 07:47:24.063976+00
47	75	24	14	6		2025-10-03 07:47:46.164919+00	2025-10-03 07:47:46.164933+00
48	77	18	14	3		2025-10-03 07:48:18.857505+00	2025-10-03 07:48:18.857515+00
49	77	21	14	3		2025-10-03 07:48:42.249198+00	2025-10-03 07:48:42.249211+00
50	77	19	14	6		2025-10-03 07:49:03.206936+00	2025-10-03 07:49:03.206945+00
51	79	12	14	5		2025-10-03 07:50:08.65871+00	2025-10-03 07:50:08.658746+00
52	79	23	14	6		2025-10-03 07:50:29.541117+00	2025-10-03 07:50:29.541132+00
53	76	15	14	5		2025-10-03 07:54:58.979324+00	2025-10-03 07:54:58.979338+00
54	76	6	14	5		2025-10-03 07:55:19.318666+00	2025-10-03 07:55:19.318697+00
55	76	7	14	5		2025-10-03 07:55:39.131232+00	2025-10-03 07:55:39.131244+00
56	82	4	14	5		2025-10-03 07:56:01.772604+00	2025-10-03 07:56:01.772626+00
57	82	5	14	5		2025-10-03 07:56:20.164407+00	2025-10-03 07:56:20.164417+00
58	82	10	14	5		2025-10-03 07:56:45.734065+00	2025-10-03 07:56:45.734084+00
59	80	1	14	5		2025-10-03 07:57:05.724066+00	2025-10-03 07:57:05.72409+00
60	80	2	14	5		2025-10-03 07:57:23.382803+00	2025-10-03 07:57:23.382813+00
61	80	3	14	5		2025-10-03 07:57:36.471323+00	2025-10-03 07:57:36.471341+00
62	81	13	14	5		2025-10-03 07:58:03.407827+00	2025-10-03 07:58:03.407842+00
63	81	11	14	5		2025-10-03 07:58:19.175936+00	2025-10-03 07:58:19.175945+00
64	81	25	14	6		2025-10-03 07:58:48.999912+00	2025-10-03 07:58:48.999922+00
65	78	8	14	5		2025-10-03 07:59:15.222574+00	2025-10-03 07:59:15.222589+00
66	78	9	14	5		2025-10-03 07:59:39.608682+00	2025-10-03 07:59:39.608697+00
67	78	14	14	5		2025-10-03 07:59:55.349228+00	2025-10-03 07:59:55.349239+00
68	74	16	14	5		2025-10-03 08:00:15.331609+00	2025-10-03 08:00:15.33162+00
69	74	17	14	5		2025-10-03 08:00:38.924952+00	2025-10-03 08:00:38.924961+00
70	119	22	12	6		2025-10-03 08:00:57.150625+00	2025-10-03 08:00:57.150635+00
71	46	12	12	5		2025-10-03 08:01:18.279793+00	2025-10-03 08:01:18.279813+00
72	46	13	12	5		2025-10-03 08:01:31.882791+00	2025-10-03 08:01:31.8828+00
73	46	23	12	3		2025-10-03 08:01:48.643835+00	2025-10-03 08:01:48.643843+00
74	41	14	12	5		2025-10-03 08:02:08.327494+00	2025-10-03 08:02:08.327524+00
75	41	15	12	5		2025-10-03 08:02:22.099017+00	2025-10-03 08:02:22.099033+00
76	43	16	12	5		2025-10-03 08:02:42.468031+00	2025-10-03 08:02:42.468041+00
77	43	17	12	5		2025-10-03 08:03:02.361202+00	2025-10-03 08:03:02.361216+00
78	43	25	12	3		2025-10-03 08:03:22.255078+00	2025-10-03 08:03:22.255087+00
79	45	24	12	3		2025-10-03 08:03:39.884121+00	2025-10-03 08:03:39.884135+00
80	45	6	12	5		2025-10-03 08:03:58.017062+00	2025-10-03 08:03:58.017078+00
81	45	8	12	5		2025-10-03 08:04:13.129318+00	2025-10-03 08:04:13.129338+00
86	38	4	12	5		2025-10-03 08:05:47.560937+00	2025-10-03 08:05:47.560961+00
87	38	7	12	5		2025-10-03 08:06:01.004087+00	2025-10-03 08:06:01.004103+00
88	44	9	12	5		2025-10-03 09:59:41.433513+00	2025-10-03 09:59:41.433522+00
89	44	18	12	6		2025-10-03 10:00:02.806009+00	2025-10-03 10:00:02.806024+00
90	79	1	12	5		2025-10-03 10:00:26.82093+00	2025-10-03 10:00:26.820945+00
91	79	2	12	5		2025-10-03 10:00:54.987864+00	2025-10-03 10:00:54.98788+00
92	112	22	15	4		2025-10-03 10:02:02.927024+00	2025-10-03 10:02:02.927033+00
93	63	19	16	4		2025-10-03 10:02:46.750433+00	2025-10-03 10:02:46.750442+00
94	63	20	16	4		2025-10-03 10:03:10.762207+00	2025-10-03 10:03:10.762217+00
95	63	21	25	2		2025-10-03 10:04:53.988253+00	2025-10-03 10:04:53.988264+00
96	51	23	16	4		2025-10-03 10:05:37.921066+00	2025-10-03 10:05:37.921091+00
97	51	24	16	4		2025-10-03 10:05:54.788954+00	2025-10-03 10:05:54.788964+00
98	51	25	16	4		2025-10-03 10:06:11.514422+00	2025-10-03 10:06:11.514432+00
99	98	14	15	3		2025-10-03 10:06:45.310384+00	2025-10-03 10:06:45.310394+00
100	98	15	15	3		2025-10-03 10:07:00.799668+00	2025-10-03 10:07:00.799694+00
101	98	16	15	3		2025-10-03 10:07:16.928939+00	2025-10-03 10:07:16.928949+00
102	98	17	15	3		2025-10-03 10:07:34.108158+00	2025-10-03 10:07:34.108189+00
103	98	18	15	4		2025-10-03 10:07:58.258558+00	2025-10-03 10:07:58.258571+00
104	122	22	17	4		2025-10-03 10:08:48.334698+00	2025-10-03 10:08:48.334716+00
105	122	21	17	4		2025-10-03 10:09:23.010026+00	2025-10-03 10:09:23.010037+00
106	61	14	17	2		2025-10-03 10:09:54.725725+00	2025-10-03 10:09:54.725754+00
107	61	15	17	2		2025-10-03 10:10:10.868782+00	2025-10-03 10:10:10.868791+00
108	61	16	17	2		2025-10-03 10:10:32.607627+00	2025-10-03 10:10:32.607636+00
109	61	17	17	2		2025-10-03 10:10:50.263864+00	2025-10-03 10:10:50.263892+00
110	61	18	17	4		2025-10-03 10:11:19.095211+00	2025-10-03 10:11:19.09522+00
111	64	14	18	3		2025-10-03 10:12:13.664771+00	2025-10-03 10:12:13.664787+00
112	64	22	18	4		2025-10-03 10:12:30.392163+00	2025-10-03 10:12:30.392173+00
113	62	15	18	3		2025-10-03 10:13:07.847961+00	2025-10-03 10:13:07.847978+00
114	62	16	18	3		2025-10-03 10:13:21.96356+00	2025-10-03 10:13:21.963589+00
115	62	17	18	3		2025-10-03 10:13:38.051942+00	2025-10-03 10:13:38.051967+00
116	62	18	18	4		2025-10-03 10:14:20.43247+00	2025-10-03 10:14:20.432487+00
117	62	21	18	2		2025-10-03 10:14:36.704941+00	2025-10-03 10:14:36.704958+00
118	120	12	19	4		2025-10-03 10:15:11.349963+00	2025-10-03 10:15:11.349978+00
119	47	10	19	4		2025-10-03 10:15:51.24287+00	2025-10-03 10:15:51.24288+00
120	47	10	25	2		2025-10-03 10:16:08.983349+00	2025-10-03 10:16:08.983359+00
121	47	5	19	4		2025-10-03 10:16:29.932662+00	2025-10-03 10:16:29.932673+00
122	53	11	19	4		2025-10-03 10:17:05.511029+00	2025-10-03 10:17:05.511045+00
123	53	13	19	4		2025-10-03 10:18:12.316395+00	2025-10-03 10:18:12.316405+00
124	53	13	25	2		2025-10-03 10:18:33.316754+00	2025-10-03 10:18:33.316781+00
125	48	6	19	4		2025-10-03 10:18:52.378098+00	2025-10-03 10:18:52.378108+00
126	48	7	19	4		2025-10-03 10:19:17.233794+00	2025-10-03 10:19:17.233806+00
127	48	6	25	2		2025-10-03 10:19:39.29596+00	2025-10-03 10:19:39.29598+00
128	52	1	19	4		2025-10-03 10:20:02.061288+00	2025-10-03 10:20:02.061303+00
129	52	2	19	4		2025-10-03 10:20:15.763535+00	2025-10-03 10:20:15.763544+00
130	49	3	19	4		2025-10-03 10:20:40.234407+00	2025-10-03 10:20:40.234426+00
131	49	4	19	4		2025-10-03 10:20:56.4348+00	2025-10-03 10:20:56.43481+00
132	49	4	25	2		2025-10-03 10:21:20.570786+00	2025-10-03 10:21:20.57081+00
133	50	8	19	4		2025-10-03 10:21:42.588135+00	2025-10-03 10:21:42.588151+00
134	50	9	19	4		2025-10-03 10:21:57.122853+00	2025-10-03 10:21:57.122868+00
135	114	22	20	6		2025-10-03 10:22:48.043959+00	2025-10-03 10:22:48.043969+00
136	66	8	20	5		2025-10-03 10:23:13.701978+00	2025-10-03 10:23:13.701987+00
137	66	9	20	5		2025-10-03 10:23:34.980699+00	2025-10-03 10:23:34.980731+00
138	66	5	20	5		2025-10-03 10:23:52.996334+00	2025-10-03 10:23:52.996343+00
139	67	21	20	5		2025-10-03 10:24:40.859907+00	2025-10-03 10:24:40.859922+00
140	67	23	20	6		2025-10-03 10:25:02.570071+00	2025-10-03 10:25:02.570087+00
141	71	11	20	5		2025-10-03 10:25:43.369634+00	2025-10-03 10:25:43.369645+00
142	71	12	20	5		2025-10-03 10:26:01.491014+00	2025-10-03 10:26:01.491029+00
143	71	15	20	5		2025-10-03 10:26:16.976845+00	2025-10-03 10:26:16.976877+00
144	72	2	20	5		2025-10-03 10:26:36.156208+00	2025-10-03 10:26:36.156219+00
145	72	17	20	5		2025-10-03 10:26:55.708222+00	2025-10-03 10:26:55.708232+00
146	68	14	20	5		2025-10-03 10:27:44.797606+00	2025-10-03 10:27:44.797616+00
147	68	25	20	6		2025-10-03 10:28:00.01941+00	2025-10-03 10:28:00.019429+00
148	73	18	20	5		2025-10-03 10:28:21.755847+00	2025-10-03 10:28:21.755877+00
149	73	19	20	5		2025-10-03 10:28:40.665769+00	2025-10-03 10:28:40.665778+00
150	73	16	20	5		2025-10-03 10:29:00.232703+00	2025-10-03 10:29:00.232713+00
151	69	6	20	5		2025-10-03 10:29:21.016204+00	2025-10-03 10:29:21.016226+00
152	69	7	20	5		2025-10-03 10:29:44.631334+00	2025-10-03 10:29:44.631349+00
153	69	20	20	5		2025-10-03 10:30:03.324632+00	2025-10-03 10:30:03.324651+00
154	70	3	20	5		2025-10-03 10:30:24.055218+00	2025-10-03 10:30:24.055234+00
155	70	1	20	5		2025-10-03 10:30:39.294181+00	2025-10-03 10:30:39.294197+00
156	70	4	20	5		2025-10-03 10:31:03.21802+00	2025-10-03 10:31:03.218029+00
157	65	10	20	5		2025-10-03 10:31:36.030427+00	2025-10-03 10:31:36.030437+00
158	65	13	20	4		2025-10-03 10:31:57.497926+00	2025-10-03 10:31:57.497935+00
159	65	24	20	6		2025-10-03 10:32:16.858713+00	2025-10-03 10:32:16.858729+00
160	118	24	21	4		2025-10-03 10:32:46.015511+00	2025-10-03 10:32:46.015521+00
161	33	23	22	4		2025-10-03 10:33:08.40089+00	2025-10-03 10:33:08.400912+00
162	33	24	22	4		2025-10-03 10:33:23.980097+00	2025-10-03 10:33:23.980106+00
163	33	25	22	4		2025-10-03 10:33:42.690837+00	2025-10-03 10:33:42.690846+00
164	30	19	22	4		2025-10-03 10:34:06.519548+00	2025-10-03 10:34:06.519558+00
165	30	20	22	4		2025-10-03 10:34:25.032146+00	2025-10-03 10:34:25.032156+00
166	30	19	25	2		2025-10-03 10:34:46.796449+00	2025-10-03 10:34:46.796467+00
167	35	10	23	3		2025-10-03 10:35:11.303437+00	2025-10-03 10:35:11.303447+00
168	35	11	23	3		2025-10-03 10:35:26.173645+00	2025-10-03 10:35:26.173655+00
169	35	12	23	3		2025-10-03 10:35:56.452777+00	2025-10-03 10:35:56.452803+00
170	35	13	23	3		2025-10-03 10:36:14.26257+00	2025-10-03 10:36:14.262584+00
171	37	19	21	4		2025-10-03 10:36:36.225152+00	2025-10-03 10:36:36.225167+00
172	37	20	21	4		2025-10-03 10:36:53.260741+00	2025-10-03 10:36:53.26075+00
173	37	20	25	2		2025-10-03 10:37:14.455255+00	2025-10-03 10:37:14.455264+00
174	32	6	23	3		2025-10-03 10:37:43.230785+00	2025-10-03 10:37:43.230802+00
175	32	7	23	3		2025-10-03 10:38:05.720293+00	2025-10-03 10:38:05.720309+00
176	32	8	23	3		2025-10-03 10:38:22.780452+00	2025-10-03 10:38:22.780465+00
177	32	9	23	3		2025-10-03 10:38:40.853677+00	2025-10-03 10:38:40.853696+00
178	34	14	23	3		2025-10-03 10:39:07.641504+00	2025-10-03 10:39:07.641514+00
179	34	15	23	3		2025-10-03 10:39:23.513598+00	2025-10-03 10:39:23.51362+00
180	34	16	23	3		2025-10-03 10:39:40.37252+00	2025-10-03 10:39:40.372529+00
181	34	5	23	3		2025-10-03 10:39:54.776724+00	2025-10-03 10:39:54.776733+00
182	31	1	23	3		2025-10-03 10:40:18.084574+00	2025-10-03 10:40:18.084586+00
183	31	2	23	3		2025-10-03 10:40:32.95742+00	2025-10-03 10:40:32.957429+00
184	31	3	23	3		2025-10-03 10:40:50.987432+00	2025-10-03 10:40:50.987442+00
185	31	4	23	3		2025-10-03 10:41:07.006303+00	2025-10-03 10:41:07.006313+00
186	22	19	24	2		2025-10-03 10:41:26.416134+00	2025-10-03 10:41:26.416159+00
187	22	20	24	2		2025-10-03 10:41:49.645085+00	2025-10-03 10:41:49.645094+00
188	22	23	24	2		2025-10-03 10:42:04.512468+00	2025-10-03 10:42:04.512478+00
189	22	24	24	2		2025-10-03 10:42:20.566746+00	2025-10-03 10:42:20.566761+00
190	22	25	24	2		2025-10-03 10:42:47.214305+00	2025-10-03 10:42:47.214314+00
191	20	14	25	2		2025-10-03 10:48:34.449374+00	2025-10-03 10:48:38.649637+00
192	20	15	25	2		2025-10-03 10:48:50.890695+00	2025-10-03 10:48:50.890709+00
193	20	16	25	2		2025-10-03 10:49:05.548852+00	2025-10-03 10:49:05.548862+00
194	20	18	25	2		2025-10-03 10:49:22.357623+00	2025-10-03 10:49:22.35764+00
195	20	22	25	2		2025-10-03 10:49:37.174274+00	2025-10-03 10:49:37.174283+00
196	20	23	25	2		2025-10-03 10:49:48.430365+00	2025-10-03 10:49:48.430375+00
197	20	24	25	2		2025-10-03 10:50:00.82149+00	2025-10-03 10:50:00.821506+00
198	20	25	25	2		2025-10-03 10:50:14.067563+00	2025-10-03 10:50:14.067573+00
199	21	1	25	2		2025-10-03 10:50:45.787601+00	2025-10-03 10:50:45.787615+00
200	21	2	25	2		2025-10-03 10:50:56.220388+00	2025-10-03 10:50:56.220397+00
201	21	3	25	2		2025-10-03 10:51:06.316135+00	2025-10-03 10:51:06.316144+00
202	21	7	25	2		2025-10-03 10:51:24.985177+00	2025-10-03 10:51:24.985194+00
203	21	8	25	2		2025-10-03 10:51:47.297751+00	2025-10-03 10:51:47.297761+00
204	21	9	25	2		2025-10-03 10:52:00.561238+00	2025-10-03 10:52:00.561256+00
205	21	11	25	2		2025-10-03 10:52:18.8759+00	2025-10-03 10:52:18.875917+00
206	21	12	25	2		2025-10-03 10:52:33.944368+00	2025-10-03 10:52:33.944384+00
207	21	5	25	2		2025-10-03 10:53:04.227149+00	2025-10-03 10:53:04.227164+00
208	111	22	29	2		2025-10-03 10:53:41.608729+00	2025-10-03 10:53:41.608745+00
209	111	18	26	2		2025-10-03 10:54:03.046376+00	2025-10-03 10:54:03.046386+00
210	28	11	26	2		2025-10-03 10:54:26.614671+00	2025-10-03 10:54:26.614681+00
211	28	12	26	2		2025-10-03 10:54:45.363342+00	2025-10-03 10:54:45.363353+00
212	28	13	26	2		2025-10-03 10:55:00.797892+00	2025-10-03 10:55:00.797901+00
213	28	14	26	2		2025-10-03 10:55:16.671826+00	2025-10-03 10:55:16.671839+00
214	28	15	26	2		2025-10-03 10:55:29.332582+00	2025-10-03 10:55:29.332605+00
215	28	16	26	2		2025-10-03 10:55:45.819836+00	2025-10-03 10:55:45.819846+00
216	28	17	26	2		2025-10-03 10:55:57.171245+00	2025-10-03 10:55:57.17126+00
217	29	1	26	2		2025-10-03 10:56:26.997092+00	2025-10-03 10:56:26.997107+00
218	29	2	26	2		2025-10-03 10:56:38.379388+00	2025-10-03 10:56:38.379402+00
219	29	3	26	2		2025-10-03 10:56:50.940957+00	2025-10-03 10:56:50.940966+00
220	29	4	26	2		2025-10-03 10:57:02.645532+00	2025-10-03 10:57:02.645541+00
221	29	5	26	2		2025-10-03 10:57:11.735219+00	2025-10-03 10:57:11.735229+00
222	29	21	27	4		2025-10-03 10:57:37.74082+00	2025-10-03 10:58:00.065101+00
223	27	6	26	2		2025-10-03 10:58:27.929118+00	2025-10-03 10:58:27.929128+00
224	27	7	26	2		2025-10-03 10:58:38.155941+00	2025-10-03 10:58:38.155956+00
225	27	8	26	2		2025-10-03 10:58:48.670347+00	2025-10-03 10:58:48.670357+00
226	27	9	26	2		2025-10-03 10:58:59.238651+00	2025-10-03 10:58:59.238661+00
227	27	10	26	2		2025-10-03 10:59:15.427232+00	2025-10-03 10:59:15.427242+00
228	27	21	28	4		2025-10-03 10:59:37.590883+00	2025-10-03 10:59:37.590894+00
229	113	22	29	2		2025-10-03 11:00:15.505008+00	2025-10-03 11:00:15.505023+00
230	113	18	29	2		2025-10-03 11:00:36.167821+00	2025-10-03 11:00:36.167831+00
231	113	21	29	2		2025-10-03 11:00:49.948511+00	2025-10-03 11:00:49.948526+00
232	19	1	29	2		2025-10-03 11:01:48.919814+00	2025-10-03 11:01:48.919829+00
233	19	2	29	2		2025-10-03 11:02:10.020994+00	2025-10-03 11:02:10.021007+00
234	19	3	29	2		2025-10-03 11:02:23.9879+00	2025-10-03 11:02:23.98791+00
235	19	4	29	2		2025-10-03 11:02:35.526116+00	2025-10-03 11:02:35.52613+00
236	19	11	29	2		2025-10-03 11:02:48.981158+00	2025-10-03 11:02:48.981173+00
237	19	13	29	2		2025-10-03 11:03:01.65239+00	2025-10-03 11:03:01.652406+00
238	18	5	29	2		2025-10-03 11:03:40.411986+00	2025-10-03 11:03:40.411996+00
239	18	6	29	2		2025-10-03 11:03:55.30422+00	2025-10-03 11:03:55.304239+00
240	18	7	29	2		2025-10-03 11:04:06.374202+00	2025-10-03 11:04:06.374218+00
241	18	8	29	2		2025-10-03 11:04:16.713606+00	2025-10-03 11:04:16.713626+00
242	18	9	29	2		2025-10-03 11:04:34.557583+00	2025-10-03 11:04:34.557598+00
243	18	10	29	2		2025-10-03 11:04:46.66624+00	2025-10-03 11:04:46.66625+00
244	18	12	29	2		2025-10-03 11:05:00.944476+00	2025-10-03 11:05:00.944485+00
245	117	1	30	2		2025-10-03 11:05:30.594899+00	2025-10-03 11:05:30.594909+00
246	117	2	30	2		2025-10-03 11:05:43.687752+00	2025-10-03 11:05:43.687762+00
247	117	3	30	2		2025-10-03 11:05:55.268634+00	2025-10-03 11:05:55.268644+00
248	23	14	30	2		2025-10-03 11:06:38.917891+00	2025-10-03 11:06:38.917917+00
249	23	15	30	2		2025-10-03 11:06:51.353987+00	2025-10-03 11:06:51.354001+00
250	23	16	30	2		2025-10-03 11:07:02.701228+00	2025-10-03 11:07:02.701244+00
251	23	17	30	2		2025-10-03 11:07:14.684546+00	2025-10-03 11:07:14.684561+00
254	23	17	25	2		2025-10-03 11:07:56.514496+00	2025-10-03 11:07:56.514512+00
255	25	4	30	2		2025-10-03 11:08:50.898613+00	2025-10-03 11:08:50.89863+00
256	25	5	30	2		2025-10-03 11:09:10.882444+00	2025-10-03 11:09:10.882467+00
257	25	18	30	2		2025-10-03 11:09:54.839186+00	2025-10-03 11:09:54.839201+00
258	25	19	30	2		2025-10-03 11:10:16.106714+00	2025-10-03 11:10:16.106723+00
259	25	20	30	2		2025-10-03 11:10:31.200443+00	2025-10-03 11:10:31.200454+00
260	24	10	30	2		2025-10-03 11:11:00.722939+00	2025-10-03 11:11:00.722955+00
261	24	11	30	2		2025-10-03 11:11:12.300657+00	2025-10-03 11:11:12.300671+00
262	24	12	30	2		2025-10-03 11:11:30.251902+00	2025-10-03 11:11:30.251911+00
263	24	13	30	2		2025-10-03 11:11:44.198987+00	2025-10-03 11:11:44.198998+00
264	24	21	30	2		2025-10-03 11:11:57.247817+00	2025-10-03 11:11:57.247838+00
265	26	6	30	2		2025-10-03 11:12:43.855265+00	2025-10-03 11:12:43.855276+00
266	26	7	30	2		2025-10-03 11:12:59.515081+00	2025-10-03 11:12:59.515092+00
267	26	8	30	2		2025-10-03 11:13:15.00357+00	2025-10-03 11:13:15.003584+00
268	26	9	30	2		2025-10-03 11:13:29.234655+00	2025-10-03 11:13:29.234665+00
270	26	25	30	1		2025-10-03 11:13:55.76217+00	2025-10-03 11:18:34.750928+00
269	26	24	30	1		2025-10-03 11:13:42.328077+00	2025-10-03 11:18:40.000462+00
252	23	22	30	1		2025-10-03 11:07:29.263548+00	2025-10-03 11:18:59.350312+00
253	23	23	30	1		2025-10-03 11:07:42.583951+00	2025-10-03 11:19:06.449815+00
\.


--
-- Data for Name: school_timetableentry; Type: TABLE DATA; Schema: public; Owner: -
--

COPY public.school_timetableentry (id, classroom_id, day, slot_id, subject_id, teacher_id) FROM stdin;
\.


--
-- Name: auth_group_id_seq; Type: SEQUENCE SET; Schema: public; Owner: -
--

SELECT pg_catalog.setval('public.auth_group_id_seq', 5, true);


--
-- Name: auth_group_permissions_id_seq; Type: SEQUENCE SET; Schema: public; Owner: -
--

SELECT pg_catalog.setval('public.auth_group_permissions_id_seq', 645, true);


--
-- Name: auth_permission_id_seq; Type: SEQUENCE SET; Schema: public; Owner: -
--

SELECT pg_catalog.setval('public.auth_permission_id_seq', 85, true);


--
-- Name: auth_user_groups_id_seq; Type: SEQUENCE SET; Schema: public; Owner: -
--

SELECT pg_catalog.setval('public.auth_user_groups_id_seq', 8, true);


--
-- Name: auth_user_id_seq; Type: SEQUENCE SET; Schema: public; Owner: -
--

SELECT pg_catalog.setval('public.auth_user_id_seq', 2, true);


--
-- Name: auth_user_user_permissions_id_seq; Type: SEQUENCE SET; Schema: public; Owner: -
--

SELECT pg_catalog.setval('public.auth_user_user_permissions_id_seq', 72, true);


--
-- Name: django_admin_log_id_seq; Type: SEQUENCE SET; Schema: public; Owner: -
--

SELECT pg_catalog.setval('public.django_admin_log_id_seq', 697, true);


--
-- Name: django_content_type_id_seq; Type: SEQUENCE SET; Schema: public; Owner: -
--

SELECT pg_catalog.setval('public.django_content_type_id_seq', 46, true);


--
-- Name: django_migrations_id_seq; Type: SEQUENCE SET; Schema: public; Owner: -
--

SELECT pg_catalog.setval('public.django_migrations_id_seq', 126, true);


--
-- Name: school_calendarslot_id_seq; Type: SEQUENCE SET; Schema: public; Owner: -
--

SELECT pg_catalog.setval('public.school_calendarslot_id_seq', 88, true);


--
-- Name: school_calendartemplate_id_seq; Type: SEQUENCE SET; Schema: public; Owner: -
--

SELECT pg_catalog.setval('public.school_calendartemplate_id_seq', 5, true);


--
-- Name: school_class_id_seq; Type: SEQUENCE SET; Schema: public; Owner: -
--

SELECT pg_catalog.setval('public.school_class_id_seq', 144, true);


--
-- Name: school_classsubject_id_seq; Type: SEQUENCE SET; Schema: public; Owner: -
--

SELECT pg_catalog.setval('public.school_classsubject_id_seq', 276, true);


--
-- Name: school_staff_id_seq; Type: SEQUENCE SET; Schema: public; Owner: -
--

SELECT pg_catalog.setval('public.school_staff_id_seq', 126, true);


--
-- Name: school_student_id_seq; Type: SEQUENCE SET; Schema: public; Owner: -
--

SELECT pg_catalog.setval('public.school_student_id_seq', 742, true);


--
-- Name: school_subject_id_seq; Type: SEQUENCE SET; Schema: public; Owner: -
--

SELECT pg_catalog.setval('public.school_subject_id_seq', 31, true);


--
-- Name: school_teachingassignment_id_seq; Type: SEQUENCE SET; Schema: public; Owner: -
--

SELECT pg_catalog.setval('public.school_teachingassignment_id_seq', 271, true);


--
-- Name: school_timetableentry_id_seq; Type: SEQUENCE SET; Schema: public; Owner: -
--

SELECT pg_catalog.setval('public.school_timetableentry_id_seq', 1, false);


--
-- Name: auth_group auth_group_name_key; Type: CONSTRAINT; Schema: public; Owner: -
--

ALTER TABLE ONLY public.auth_group
    ADD CONSTRAINT auth_group_name_key UNIQUE (name);


--
-- Name: auth_group_permissions auth_group_permissions_group_id_permission_id_0cd325b0_uniq; Type: CONSTRAINT; Schema: public; Owner: -
--

ALTER TABLE ONLY public.auth_group_permissions
    ADD CONSTRAINT auth_group_permissions_group_id_permission_id_0cd325b0_uniq UNIQUE (group_id, permission_id);


--
-- Name: auth_group_permissions auth_group_permissions_pkey; Type: CONSTRAINT; Schema: public; Owner: -
--

ALTER TABLE ONLY public.auth_group_permissions
    ADD CONSTRAINT auth_group_permissions_pkey PRIMARY KEY (id);


--
-- Name: auth_group auth_group_pkey; Type: CONSTRAINT; Schema: public; Owner: -
--

ALTER TABLE ONLY public.auth_group
    ADD CONSTRAINT auth_group_pkey PRIMARY KEY (id);


--
-- Name: auth_permission auth_permission_content_type_id_codename_01ab375a_uniq; Type: CONSTRAINT; Schema: public; Owner: -
--

ALTER TABLE ONLY public.auth_permission
    ADD CONSTRAINT auth_permission_content_type_id_codename_01ab375a_uniq UNIQUE (content_type_id, codename);


--
-- Name: auth_permission auth_permission_pkey; Type: CONSTRAINT; Schema: public; Owner: -
--

ALTER TABLE ONLY public.auth_permission
    ADD CONSTRAINT auth_permission_pkey PRIMARY KEY (id);


--
-- Name: auth_user_groups auth_user_groups_pkey; Type: CONSTRAINT; Schema: public; Owner: -
--

ALTER TABLE ONLY public.auth_user_groups
    ADD CONSTRAINT auth_user_groups_pkey PRIMARY KEY (id);


--
-- Name: auth_user_groups auth_user_groups_user_id_group_id_94350c0c_uniq; Type: CONSTRAINT; Schema: public; Owner: -
--

ALTER TABLE ONLY public.auth_user_groups
    ADD CONSTRAINT auth_user_groups_user_id_group_id_94350c0c_uniq UNIQUE (user_id, group_id);


--
-- Name: auth_user auth_user_pkey; Type: CONSTRAINT; Schema: public; Owner: -
--

ALTER TABLE ONLY public.auth_user
    ADD CONSTRAINT auth_user_pkey PRIMARY KEY (id);


--
-- Name: auth_user_user_permissions auth_user_user_permissions_pkey; Type: CONSTRAINT; Schema: public; Owner: -
--

ALTER TABLE ONLY public.auth_user_user_permissions
    ADD CONSTRAINT auth_user_user_permissions_pkey PRIMARY KEY (id);


--
-- Name: auth_user_user_permissions auth_user_user_permissions_user_id_permission_id_14a6b632_uniq; Type: CONSTRAINT; Schema: public; Owner: -
--

ALTER TABLE ONLY public.auth_user_user_permissions
    ADD CONSTRAINT auth_user_user_permissions_user_id_permission_id_14a6b632_uniq UNIQUE (user_id, permission_id);


--
-- Name: auth_user auth_user_username_key; Type: CONSTRAINT; Schema: public; Owner: -
--

ALTER TABLE ONLY public.auth_user
    ADD CONSTRAINT auth_user_username_key UNIQUE (username);


--
-- Name: django_admin_log django_admin_log_pkey; Type: CONSTRAINT; Schema: public; Owner: -
--

ALTER TABLE ONLY public.django_admin_log
    ADD CONSTRAINT django_admin_log_pkey PRIMARY KEY (id);


--
-- Name: django_content_type django_content_type_app_label_model_76bd3d3b_uniq; Type: CONSTRAINT; Schema: public; Owner: -
--

ALTER TABLE ONLY public.django_content_type
    ADD CONSTRAINT django_content_type_app_label_model_76bd3d3b_uniq UNIQUE (app_label, model);


--
-- Name: django_content_type django_content_type_pkey; Type: CONSTRAINT; Schema: public; Owner: -
--

ALTER TABLE ONLY public.django_content_type
    ADD CONSTRAINT django_content_type_pkey PRIMARY KEY (id);


--
-- Name: django_migrations django_migrations_pkey; Type: CONSTRAINT; Schema: public; Owner: -
--

ALTER TABLE ONLY public.django_migrations
    ADD CONSTRAINT django_migrations_pkey PRIMARY KEY (id);


--
-- Name: django_session django_session_pkey; Type: CONSTRAINT; Schema: public; Owner: -
--

ALTER TABLE ONLY public.django_session
    ADD CONSTRAINT django_session_pkey PRIMARY KEY (session_key);


--
-- Name: school_calendarslot school_calendarslot_pkey; Type: CONSTRAINT; Schema: public; Owner: -
--

ALTER TABLE ONLY public.school_calendarslot
    ADD CONSTRAINT school_calendarslot_pkey PRIMARY KEY (id);


--
-- Name: school_calendarslot school_calendarslot_template_id_day_period_index_7705a4d2_uniq; Type: CONSTRAINT; Schema: public; Owner: -
--

ALTER TABLE ONLY public.school_calendarslot
    ADD CONSTRAINT school_calendarslot_template_id_day_period_index_7705a4d2_uniq UNIQUE (template_id, day, period_index);


--
-- Name: school_calendartemplate school_calendartemplate_name_key; Type: CONSTRAINT; Schema: public; Owner: -
--

ALTER TABLE ONLY public.school_calendartemplate
    ADD CONSTRAINT school_calendartemplate_name_key UNIQUE (name);


--
-- Name: school_calendartemplate school_calendartemplate_pkey; Type: CONSTRAINT; Schema: public; Owner: -
--

ALTER TABLE ONLY public.school_calendartemplate
    ADD CONSTRAINT school_calendartemplate_pkey PRIMARY KEY (id);


--
-- Name: school_class school_class_name_key; Type: CONSTRAINT; Schema: public; Owner: -
--

ALTER TABLE ONLY public.school_class
    ADD CONSTRAINT school_class_name_key UNIQUE (name);


--
-- Name: school_class school_class_pkey; Type: CONSTRAINT; Schema: public; Owner: -
--

ALTER TABLE ONLY public.school_class
    ADD CONSTRAINT school_class_pkey PRIMARY KEY (id);


--
-- Name: school_classsubject school_classsubject_classroom_id_subject_id_5e171ed6_uniq; Type: CONSTRAINT; Schema: public; Owner: -
--

ALTER TABLE ONLY public.school_classsubject
    ADD CONSTRAINT school_classsubject_classroom_id_subject_id_5e171ed6_uniq UNIQUE (classroom_id, subject_id);


--
-- Name: school_classsubject school_classsubject_pkey; Type: CONSTRAINT; Schema: public; Owner: -
--

ALTER TABLE ONLY public.school_classsubject
    ADD CONSTRAINT school_classsubject_pkey PRIMARY KEY (id);


--
-- Name: school_staff school_staff_pkey; Type: CONSTRAINT; Schema: public; Owner: -
--

ALTER TABLE ONLY public.school_staff
    ADD CONSTRAINT school_staff_pkey PRIMARY KEY (id);


--
-- Name: school_staff school_staff_user_id_key; Type: CONSTRAINT; Schema: public; Owner: -
--

ALTER TABLE ONLY public.school_staff
    ADD CONSTRAINT school_staff_user_id_key UNIQUE (user_id);


--
-- Name: school_student school_student_national_no_key; Type: CONSTRAINT; Schema: public; Owner: -
--

ALTER TABLE ONLY public.school_student
    ADD CONSTRAINT school_student_national_no_key UNIQUE (national_no);


--
-- Name: school_student school_student_pkey; Type: CONSTRAINT; Schema: public; Owner: -
--

ALTER TABLE ONLY public.school_student
    ADD CONSTRAINT school_student_pkey PRIMARY KEY (id);


--
-- Name: school_student school_student_sid_key; Type: CONSTRAINT; Schema: public; Owner: -
--

ALTER TABLE ONLY public.school_student
    ADD CONSTRAINT school_student_sid_key UNIQUE (sid);


--
-- Name: school_subject school_subject_code_key; Type: CONSTRAINT; Schema: public; Owner: -
--

ALTER TABLE ONLY public.school_subject
    ADD CONSTRAINT school_subject_code_key UNIQUE (code);


--
-- Name: school_subject school_subject_name_ar_key; Type: CONSTRAINT; Schema: public; Owner: -
--

ALTER TABLE ONLY public.school_subject
    ADD CONSTRAINT school_subject_name_ar_key UNIQUE (name_ar);


--
-- Name: school_subject school_subject_pkey; Type: CONSTRAINT; Schema: public; Owner: -
--

ALTER TABLE ONLY public.school_subject
    ADD CONSTRAINT school_subject_pkey PRIMARY KEY (id);


--
-- Name: school_teachingassignment school_teachingassignmen_teacher_id_classroom_id__92b40f70_uniq; Type: CONSTRAINT; Schema: public; Owner: -
--

ALTER TABLE ONLY public.school_teachingassignment
    ADD CONSTRAINT school_teachingassignmen_teacher_id_classroom_id__92b40f70_uniq UNIQUE (teacher_id, classroom_id, subject_id);


--
-- Name: school_teachingassignment school_teachingassignment_pkey; Type: CONSTRAINT; Schema: public; Owner: -
--

ALTER TABLE ONLY public.school_teachingassignment
    ADD CONSTRAINT school_teachingassignment_pkey PRIMARY KEY (id);


--
-- Name: school_timetableentry school_timetableentry_classroom_id_day_slot_id_1a6bd506_uniq; Type: CONSTRAINT; Schema: public; Owner: -
--

ALTER TABLE ONLY public.school_timetableentry
    ADD CONSTRAINT school_timetableentry_classroom_id_day_slot_id_1a6bd506_uniq UNIQUE (classroom_id, day, slot_id);


--
-- Name: school_timetableentry school_timetableentry_pkey; Type: CONSTRAINT; Schema: public; Owner: -
--

ALTER TABLE ONLY public.school_timetableentry
    ADD CONSTRAINT school_timetableentry_pkey PRIMARY KEY (id);


--
-- Name: auth_group_name_a6ea08ec_like; Type: INDEX; Schema: public; Owner: -
--

CREATE INDEX auth_group_name_a6ea08ec_like ON public.auth_group USING btree (name varchar_pattern_ops);


--
-- Name: auth_group_permissions_group_id_b120cbf9; Type: INDEX; Schema: public; Owner: -
--

CREATE INDEX auth_group_permissions_group_id_b120cbf9 ON public.auth_group_permissions USING btree (group_id);


--
-- Name: auth_group_permissions_permission_id_84c5c92e; Type: INDEX; Schema: public; Owner: -
--

CREATE INDEX auth_group_permissions_permission_id_84c5c92e ON public.auth_group_permissions USING btree (permission_id);


--
-- Name: auth_permission_content_type_id_2f476e4b; Type: INDEX; Schema: public; Owner: -
--

CREATE INDEX auth_permission_content_type_id_2f476e4b ON public.auth_permission USING btree (content_type_id);


--
-- Name: auth_user_groups_group_id_97559544; Type: INDEX; Schema: public; Owner: -
--

CREATE INDEX auth_user_groups_group_id_97559544 ON public.auth_user_groups USING btree (group_id);


--
-- Name: auth_user_groups_user_id_6a12ed8b; Type: INDEX; Schema: public; Owner: -
--

CREATE INDEX auth_user_groups_user_id_6a12ed8b ON public.auth_user_groups USING btree (user_id);


--
-- Name: auth_user_user_permissions_permission_id_1fbb5f2c; Type: INDEX; Schema: public; Owner: -
--

CREATE INDEX auth_user_user_permissions_permission_id_1fbb5f2c ON public.auth_user_user_permissions USING btree (permission_id);


--
-- Name: auth_user_user_permissions_user_id_a95ead1b; Type: INDEX; Schema: public; Owner: -
--

CREATE INDEX auth_user_user_permissions_user_id_a95ead1b ON public.auth_user_user_permissions USING btree (user_id);


--
-- Name: auth_user_username_6821ab7c_like; Type: INDEX; Schema: public; Owner: -
--

CREATE INDEX auth_user_username_6821ab7c_like ON public.auth_user USING btree (username varchar_pattern_ops);


--
-- Name: calslot_day_idx; Type: INDEX; Schema: public; Owner: -
--

CREATE INDEX calslot_day_idx ON public.school_calendarslot USING btree (day);


--
-- Name: calslot_template_idx; Type: INDEX; Schema: public; Owner: -
--

CREATE INDEX calslot_template_idx ON public.school_calendarslot USING btree (template_id);


--
-- Name: caltmpl_name_idx; Type: INDEX; Schema: public; Owner: -
--

CREATE INDEX caltmpl_name_idx ON public.school_calendartemplate USING btree (name);


--
-- Name: django_admin_log_content_type_id_c4bce8eb; Type: INDEX; Schema: public; Owner: -
--

CREATE INDEX django_admin_log_content_type_id_c4bce8eb ON public.django_admin_log USING btree (content_type_id);


--
-- Name: django_admin_log_user_id_c564eba6; Type: INDEX; Schema: public; Owner: -
--

CREATE INDEX django_admin_log_user_id_c564eba6 ON public.django_admin_log USING btree (user_id);


--
-- Name: django_session_expire_date_a5c62663; Type: INDEX; Schema: public; Owner: -
--

CREATE INDEX django_session_expire_date_a5c62663 ON public.django_session USING btree (expire_date);


--
-- Name: django_session_session_key_c0390e0f_like; Type: INDEX; Schema: public; Owner: -
--

CREATE INDEX django_session_session_key_c0390e0f_like ON public.django_session USING btree (session_key varchar_pattern_ops);


--
-- Name: school_calendarslot_template_id_6f76ecbf; Type: INDEX; Schema: public; Owner: -
--

CREATE INDEX school_calendarslot_template_id_6f76ecbf ON public.school_calendarslot USING btree (template_id);


--
-- Name: school_calendartemplate_name_1d09223f_like; Type: INDEX; Schema: public; Owner: -
--

CREATE INDEX school_calendartemplate_name_1d09223f_like ON public.school_calendartemplate USING btree (name varchar_pattern_ops);


--
-- Name: school_clas_classro_1a6a75_idx; Type: INDEX; Schema: public; Owner: -
--

CREATE INDEX school_clas_classro_1a6a75_idx ON public.school_classsubject USING btree (classroom_id);


--
-- Name: school_clas_subject_5421e4_idx; Type: INDEX; Schema: public; Owner: -
--

CREATE INDEX school_clas_subject_5421e4_idx ON public.school_classsubject USING btree (subject_id);


--
-- Name: school_class_name_2724d0d3_like; Type: INDEX; Schema: public; Owner: -
--

CREATE INDEX school_class_name_2724d0d3_like ON public.school_class USING btree (name varchar_pattern_ops);


--
-- Name: school_classsubject_classroom_id_28efa1d5; Type: INDEX; Schema: public; Owner: -
--

CREATE INDEX school_classsubject_classroom_id_28efa1d5 ON public.school_classsubject USING btree (classroom_id);


--
-- Name: school_classsubject_subject_id_2b6f8c7d; Type: INDEX; Schema: public; Owner: -
--

CREATE INDEX school_classsubject_subject_id_2b6f8c7d ON public.school_classsubject USING btree (subject_id);


--
-- Name: school_student_class_fk_id_b0bd5678; Type: INDEX; Schema: public; Owner: -
--

CREATE INDEX school_student_class_fk_id_b0bd5678 ON public.school_student USING btree (class_fk_id);


--
-- Name: school_student_national_no_bc877ccd_like; Type: INDEX; Schema: public; Owner: -
--

CREATE INDEX school_student_national_no_bc877ccd_like ON public.school_student USING btree (national_no varchar_pattern_ops);


--
-- Name: school_student_sid_a12e7abd_like; Type: INDEX; Schema: public; Owner: -
--

CREATE INDEX school_student_sid_a12e7abd_like ON public.school_student USING btree (sid varchar_pattern_ops);


--
-- Name: school_subject_code_2dcad81c_like; Type: INDEX; Schema: public; Owner: -
--

CREATE INDEX school_subject_code_2dcad81c_like ON public.school_subject USING btree (code varchar_pattern_ops);


--
-- Name: school_subject_name_ar_e4ffd707_like; Type: INDEX; Schema: public; Owner: -
--

CREATE INDEX school_subject_name_ar_e4ffd707_like ON public.school_subject USING btree (name_ar varchar_pattern_ops);


--
-- Name: school_teac_classro_3ea4fb_idx; Type: INDEX; Schema: public; Owner: -
--

CREATE INDEX school_teac_classro_3ea4fb_idx ON public.school_teachingassignment USING btree (classroom_id);


--
-- Name: school_teac_subject_3b04e3_idx; Type: INDEX; Schema: public; Owner: -
--

CREATE INDEX school_teac_subject_3b04e3_idx ON public.school_teachingassignment USING btree (subject_id);


--
-- Name: school_teac_teacher_e1c1a0_idx; Type: INDEX; Schema: public; Owner: -
--

CREATE INDEX school_teac_teacher_e1c1a0_idx ON public.school_teachingassignment USING btree (teacher_id);


--
-- Name: school_teachingassignment_classroom_id_ce837d97; Type: INDEX; Schema: public; Owner: -
--

CREATE INDEX school_teachingassignment_classroom_id_ce837d97 ON public.school_teachingassignment USING btree (classroom_id);


--
-- Name: school_teachingassignment_subject_id_2b0ab3ae; Type: INDEX; Schema: public; Owner: -
--

CREATE INDEX school_teachingassignment_subject_id_2b0ab3ae ON public.school_teachingassignment USING btree (subject_id);


--
-- Name: school_teachingassignment_teacher_id_def69f7e; Type: INDEX; Schema: public; Owner: -
--

CREATE INDEX school_teachingassignment_teacher_id_def69f7e ON public.school_teachingassignment USING btree (teacher_id);


--
-- Name: school_timetableentry_classroom_id_1412216d; Type: INDEX; Schema: public; Owner: -
--

CREATE INDEX school_timetableentry_classroom_id_1412216d ON public.school_timetableentry USING btree (classroom_id);


--
-- Name: school_timetableentry_slot_id_717a45c2; Type: INDEX; Schema: public; Owner: -
--

CREATE INDEX school_timetableentry_slot_id_717a45c2 ON public.school_timetableentry USING btree (slot_id);


--
-- Name: school_timetableentry_subject_id_ac171744; Type: INDEX; Schema: public; Owner: -
--

CREATE INDEX school_timetableentry_subject_id_ac171744 ON public.school_timetableentry USING btree (subject_id);


--
-- Name: school_timetableentry_teacher_id_3f0ae5ed; Type: INDEX; Schema: public; Owner: -
--

CREATE INDEX school_timetableentry_teacher_id_3f0ae5ed ON public.school_timetableentry USING btree (teacher_id);


--
-- Name: student_natno_idx; Type: INDEX; Schema: public; Owner: -
--

CREATE INDEX student_natno_idx ON public.school_student USING btree (national_no);


--
-- Name: tt_class_day_idx; Type: INDEX; Schema: public; Owner: -
--

CREATE INDEX tt_class_day_idx ON public.school_timetableentry USING btree (classroom_id, day);


--
-- Name: tt_slot_idx; Type: INDEX; Schema: public; Owner: -
--

CREATE INDEX tt_slot_idx ON public.school_timetableentry USING btree (slot_id);


--
-- Name: tt_teacher_idx; Type: INDEX; Schema: public; Owner: -
--

CREATE INDEX tt_teacher_idx ON public.school_timetableentry USING btree (teacher_id);


--
-- Name: auth_group_permissions auth_group_permissio_permission_id_84c5c92e_fk_auth_perm; Type: FK CONSTRAINT; Schema: public; Owner: -
--

ALTER TABLE ONLY public.auth_group_permissions
    ADD CONSTRAINT auth_group_permissio_permission_id_84c5c92e_fk_auth_perm FOREIGN KEY (permission_id) REFERENCES public.auth_permission(id) DEFERRABLE INITIALLY DEFERRED;


--
-- Name: auth_group_permissions auth_group_permissions_group_id_b120cbf9_fk_auth_group_id; Type: FK CONSTRAINT; Schema: public; Owner: -
--

ALTER TABLE ONLY public.auth_group_permissions
    ADD CONSTRAINT auth_group_permissions_group_id_b120cbf9_fk_auth_group_id FOREIGN KEY (group_id) REFERENCES public.auth_group(id) DEFERRABLE INITIALLY DEFERRED;


--
-- Name: auth_permission auth_permission_content_type_id_2f476e4b_fk_django_co; Type: FK CONSTRAINT; Schema: public; Owner: -
--

ALTER TABLE ONLY public.auth_permission
    ADD CONSTRAINT auth_permission_content_type_id_2f476e4b_fk_django_co FOREIGN KEY (content_type_id) REFERENCES public.django_content_type(id) DEFERRABLE INITIALLY DEFERRED;


--
-- Name: auth_user_groups auth_user_groups_group_id_97559544_fk_auth_group_id; Type: FK CONSTRAINT; Schema: public; Owner: -
--

ALTER TABLE ONLY public.auth_user_groups
    ADD CONSTRAINT auth_user_groups_group_id_97559544_fk_auth_group_id FOREIGN KEY (group_id) REFERENCES public.auth_group(id) DEFERRABLE INITIALLY DEFERRED;


--
-- Name: auth_user_groups auth_user_groups_user_id_6a12ed8b_fk_auth_user_id; Type: FK CONSTRAINT; Schema: public; Owner: -
--

ALTER TABLE ONLY public.auth_user_groups
    ADD CONSTRAINT auth_user_groups_user_id_6a12ed8b_fk_auth_user_id FOREIGN KEY (user_id) REFERENCES public.auth_user(id) DEFERRABLE INITIALLY DEFERRED;


--
-- Name: auth_user_user_permissions auth_user_user_permi_permission_id_1fbb5f2c_fk_auth_perm; Type: FK CONSTRAINT; Schema: public; Owner: -
--

ALTER TABLE ONLY public.auth_user_user_permissions
    ADD CONSTRAINT auth_user_user_permi_permission_id_1fbb5f2c_fk_auth_perm FOREIGN KEY (permission_id) REFERENCES public.auth_permission(id) DEFERRABLE INITIALLY DEFERRED;


--
-- Name: auth_user_user_permissions auth_user_user_permissions_user_id_a95ead1b_fk_auth_user_id; Type: FK CONSTRAINT; Schema: public; Owner: -
--

ALTER TABLE ONLY public.auth_user_user_permissions
    ADD CONSTRAINT auth_user_user_permissions_user_id_a95ead1b_fk_auth_user_id FOREIGN KEY (user_id) REFERENCES public.auth_user(id) DEFERRABLE INITIALLY DEFERRED;


--
-- Name: django_admin_log django_admin_log_content_type_id_c4bce8eb_fk_django_co; Type: FK CONSTRAINT; Schema: public; Owner: -
--

ALTER TABLE ONLY public.django_admin_log
    ADD CONSTRAINT django_admin_log_content_type_id_c4bce8eb_fk_django_co FOREIGN KEY (content_type_id) REFERENCES public.django_content_type(id) DEFERRABLE INITIALLY DEFERRED;


--
-- Name: django_admin_log django_admin_log_user_id_c564eba6_fk_auth_user_id; Type: FK CONSTRAINT; Schema: public; Owner: -
--

ALTER TABLE ONLY public.django_admin_log
    ADD CONSTRAINT django_admin_log_user_id_c564eba6_fk_auth_user_id FOREIGN KEY (user_id) REFERENCES public.auth_user(id) DEFERRABLE INITIALLY DEFERRED;


--
-- Name: school_calendarslot school_calendarslot_template_id_6f76ecbf_fk_school_ca; Type: FK CONSTRAINT; Schema: public; Owner: -
--

ALTER TABLE ONLY public.school_calendarslot
    ADD CONSTRAINT school_calendarslot_template_id_6f76ecbf_fk_school_ca FOREIGN KEY (template_id) REFERENCES public.school_calendartemplate(id) DEFERRABLE INITIALLY DEFERRED;


--
-- Name: school_classsubject school_classsubject_classroom_id_28efa1d5_fk_school_class_id; Type: FK CONSTRAINT; Schema: public; Owner: -
--

ALTER TABLE ONLY public.school_classsubject
    ADD CONSTRAINT school_classsubject_classroom_id_28efa1d5_fk_school_class_id FOREIGN KEY (classroom_id) REFERENCES public.school_class(id) DEFERRABLE INITIALLY DEFERRED;


--
-- Name: school_classsubject school_classsubject_subject_id_2b6f8c7d_fk_school_subject_id; Type: FK CONSTRAINT; Schema: public; Owner: -
--

ALTER TABLE ONLY public.school_classsubject
    ADD CONSTRAINT school_classsubject_subject_id_2b6f8c7d_fk_school_subject_id FOREIGN KEY (subject_id) REFERENCES public.school_subject(id) DEFERRABLE INITIALLY DEFERRED;


--
-- Name: school_staff school_staff_user_id_5811a486_fk_auth_user_id; Type: FK CONSTRAINT; Schema: public; Owner: -
--

ALTER TABLE ONLY public.school_staff
    ADD CONSTRAINT school_staff_user_id_5811a486_fk_auth_user_id FOREIGN KEY (user_id) REFERENCES public.auth_user(id) DEFERRABLE INITIALLY DEFERRED;


--
-- Name: school_student school_student_class_fk_id_b0bd5678_fk_school_class_id; Type: FK CONSTRAINT; Schema: public; Owner: -
--

ALTER TABLE ONLY public.school_student
    ADD CONSTRAINT school_student_class_fk_id_b0bd5678_fk_school_class_id FOREIGN KEY (class_fk_id) REFERENCES public.school_class(id) DEFERRABLE INITIALLY DEFERRED;


--
-- Name: school_teachingassignment school_teachingassig_classroom_id_ce837d97_fk_school_cl; Type: FK CONSTRAINT; Schema: public; Owner: -
--

ALTER TABLE ONLY public.school_teachingassignment
    ADD CONSTRAINT school_teachingassig_classroom_id_ce837d97_fk_school_cl FOREIGN KEY (classroom_id) REFERENCES public.school_class(id) DEFERRABLE INITIALLY DEFERRED;


--
-- Name: school_teachingassignment school_teachingassig_subject_id_2b0ab3ae_fk_school_su; Type: FK CONSTRAINT; Schema: public; Owner: -
--

ALTER TABLE ONLY public.school_teachingassignment
    ADD CONSTRAINT school_teachingassig_subject_id_2b0ab3ae_fk_school_su FOREIGN KEY (subject_id) REFERENCES public.school_subject(id) DEFERRABLE INITIALLY DEFERRED;


--
-- Name: school_teachingassignment school_teachingassig_teacher_id_def69f7e_fk_school_st; Type: FK CONSTRAINT; Schema: public; Owner: -
--

ALTER TABLE ONLY public.school_teachingassignment
    ADD CONSTRAINT school_teachingassig_teacher_id_def69f7e_fk_school_st FOREIGN KEY (teacher_id) REFERENCES public.school_staff(id) DEFERRABLE INITIALLY DEFERRED;


--
-- Name: school_timetableentry school_timetableentr_slot_id_717a45c2_fk_school_ca; Type: FK CONSTRAINT; Schema: public; Owner: -
--

ALTER TABLE ONLY public.school_timetableentry
    ADD CONSTRAINT school_timetableentr_slot_id_717a45c2_fk_school_ca FOREIGN KEY (slot_id) REFERENCES public.school_calendarslot(id) DEFERRABLE INITIALLY DEFERRED;


--
-- Name: school_timetableentry school_timetableentry_classroom_id_1412216d_fk_school_class_id; Type: FK CONSTRAINT; Schema: public; Owner: -
--

ALTER TABLE ONLY public.school_timetableentry
    ADD CONSTRAINT school_timetableentry_classroom_id_1412216d_fk_school_class_id FOREIGN KEY (classroom_id) REFERENCES public.school_class(id) DEFERRABLE INITIALLY DEFERRED;


--
-- Name: school_timetableentry school_timetableentry_subject_id_ac171744_fk_school_subject_id; Type: FK CONSTRAINT; Schema: public; Owner: -
--

ALTER TABLE ONLY public.school_timetableentry
    ADD CONSTRAINT school_timetableentry_subject_id_ac171744_fk_school_subject_id FOREIGN KEY (subject_id) REFERENCES public.school_subject(id) DEFERRABLE INITIALLY DEFERRED;


--
-- Name: school_timetableentry school_timetableentry_teacher_id_3f0ae5ed_fk_school_staff_id; Type: FK CONSTRAINT; Schema: public; Owner: -
--

ALTER TABLE ONLY public.school_timetableentry
    ADD CONSTRAINT school_timetableentry_teacher_id_3f0ae5ed_fk_school_staff_id FOREIGN KEY (teacher_id) REFERENCES public.school_staff(id) DEFERRABLE INITIALLY DEFERRED;


--
-- PostgreSQL database dump complete
--

\unrestrict FdkeXYpXNyxhaY41lkjPCPsy1cgjMKxbLN62EcRV9tkPkYkwhybeJXKcSitFo7g

